Ticket Ref, Txn ID ,Team Code,Status,Opened At,Resolved At,Expected Amount,Actual Amount,Margin AED
T-101451,TXN8552775,CS-DXB,Resolved,2025-04-30 07:43:00,02/05/2025 11:24,208.45,214.27,3.26
T-100611,TXN3424327,PAY-OPS,Resolved,2025-03-27 15:00:00,28/03/2025 04:42,178.27,180.36, 3.38 
T-100270,TXN8941801,CS-DXB, Resolved ,2025-03-12 15:48:00,14/03/2025 19:02,178.32,175.51,3.21
T-101096,TXN1133979,FUL-DXB,Resolved,15-04-2025 12:36,2025-04-16 05:07:33,389.61,392.40,17.37
T-102183,TXN3149793,FUL-DXB,Open,29 May 2025 09:27,,574.42,582.91,25.06
T-100582,TXN3851906,FUL-RUH,Resolved,25/03/2025 12:05,28 Mar 2025 13:10,394.56,391.85,8.53
T-100960,TXN4006741, FUL-DXB ,Resolved,09 Apr 2025 11:30,10/04/2025 15:23:36,AED 230.80,226.93,5.34
T-100004,TXN6593296, FIN-OPS ,Resolved,03/03/2025 10:12,04-03-2025 04:05,AED 710.39,709.22,6.89
T-101436,TXN9852584,FUL-DXB,Resolved, 29/04/2025 07:32:00 ,2025-04-30 07:29:44,AED 330.27,323.36,13.69
T-102212,TXN9766441,CS-AUH,Open,30/05/2025 12:33:00,,200.12,204.55,3.69
T-100493,TXN1346267,FUL-DXB,Resolved,20-03-2025 13:42,22-03-2025 05:33,AED 428.11,444.64,9.19
T-101880,TXN6467642,FUL-DXB,Resolved,16 May 2025 14:58,2025-05-18 10:28:23,AED 563.40,548.30,22.55
T-101198,TXN4860671,FIN-OPS,Resolved,21-04-2025 07:58,22-04-2025 00:24,736.67,804.33,12.97
T-100288,TXN1528603,FUL-RUH,Resolved,2025-03-12 07:20:00,13-03-2025 05:06,128.53,132.26,2.37
T-100534,,PAY-OPS,Resolved, 24-03-2025 09:12 ,25/03/2025 05:31:05,527.76,537.23,8.26
T-100335, TXN4381919 ,CS-DXB,Resolved,14/03/2025 11:14,2025-03-14 18:53:37,854.37,849.18,23.51
T-101454,TXN6405457,CS-DXB,Resolved,2025-04-30 10:46:00,30 Apr 2025 19:42,191.39, 192.11 ,3.54
T-100900,TXN8391768,FIN-OPS,Resolved,08/04/2025 17:27,09/04/2025 07:55:11,199.92,202.29,1.98
T-101886,TXN5467522,FUL-DXB,Resolved,2025-05-16 17:09:00,17/05/2025 20:29:22,580.58,578.95,12.52
 T-102001 ,TXN2754929,FIN-OPS,Resolved,22/05/2025 09:24:00,23 May 2025 15:00," AED 1,536.53 ",1553.41,18.89
T-100333,TXN1719511,CS-DXB, Resolved ,2025-03-14 15:53:00,2025-03-14 21:00:45,514.90,458.53,10.28
T-100375,TXN4949796,CS-DXB,Resolved,17-03-2025 14:40,18-03-2025 01:51,AED 471.98,469.57,5.88
T-101132,TXN7275030,FUL-DXB,Resolved,16 Apr 2025 09:23,2025-04-16 23:13:07,AED 335.83,342.28,9.82
T-100569,TXN9159614,CS-AUH,Pending,31/02/2025 10:00,,452.41, 443.28 ,5.86
T-102071,TXN1124069,PAY-OPS,Resolved, 26 May 2025 11:58 ,2025-05-28 05:47:04,AED 232.08,234.16,5.20
T-101834,TXN8790599,FIN-OPS,Resolved,15 May 2025 11:40,15/05/2025 19:35,426.46, 423.51 ,5.58
T-101120,TXN2956806,CS-DXB, Resolved ,16 Apr 2025 16:12,17/04/2025 14:35,217.80,196.76,3.15
T-101146,TXN5181492,CS-DXB,Resolved,17-04-2025 17:05,2025-04-18 00:13:09,288.87,292.43,7.75
T-101055,TXN7948406,CS-DXB,Resolved,14/04/2025 07:38:00,14/04/2025 20:11:27,AED 184.66,182.07,4.34
T-101026,TXN3019000,FUL-DXB,Resolved,11/04/2025 09:44:00,12-04-2025 10:50,360.24,355.42,12.31
T-100246,TXN9928850,FUL-DXB,Resolved,11/03/2025 18:38:00,13/03/2025 05:26:16,168.65,173.02,7.21
T-101472,TXN5228545,FIN-OPS,Resolved,01-05-2025 14:02,2025-05-02 04:48:10,191.75,183.99,3.60
 T-100350 ,N/A,FUL-DXB,Resolved,14-03-2025 16:55,15-03-2025 05:20,204.65,208.10,8.98
T-102054,TXN2739141,CS-DXB,Resolved, 23/05/2025 10:14 ,24/05/2025 02:19, 455.47 ,465.53,6.80
T-101012,TXN3910317, CS-DXB ,Resolved,11-04-2025 18:31,11-04-2025 22:58,478.70,485.81,6.00
T-100240,TXN5181004,CS-AUH,In Progress,2025-03-11 16:42:00,,100.85,100.11, 1.29 
T-101649,TXN9257183,PAY-OPS,Resolved,08/05/2025 09:56, 09/05/2025 22:30 ,1019.34,991.59,11.98
T-102105,TXN1175287,CS-DXB,Resolved,27/05/2025 18:15,28/05/2025 15:05:33,891.53,tbc,12.43
 T-100029 ,TXN6283836,FUL-DXB,Resolved,03 Mar 2025 17:05,04-03-2025 13:02,AED 480.13,465.96,14.05
T-101666,TXN5842749,FUL-DXB,Resolved,08 May 2025 08:55,2025-05-09 19:01:04,AED 417.95,413.01,18.65
T-102126,TXN1473691,FUL-RUH,Resolved,27 May 2025 14:43,28/05/2025 11:32,1650.28,1609.08,69.26
T-101423,TXN9831626,CS-AUH,Resolved,29/04/2025 18:44:00,2025-04-30 05:14:51,279.12,240.41,3.19
T-101463,TXN8505035,FUL-DXB,Resolved,2025-04-30 10:05:00,01-05-2025 21:52,290.04,344.50,8.69
T-100731,TXN2270822,FIN-OPS,Resolved,02/04/2025 18:07,03/04/2025 16:55:24,AED 24.41,24.31,0.37
T-101514,TXN6276549,PAY-OPS,Resolved,02 May 2025 07:59,2025-05-03 21:52:02,"AED 1,388.58",1373.05,14.75
T-100351,TXN9611924,FUL-DXB,Resolved,14/03/2025 11:49,2025-03-17 20:03:55, 208.53 ,209.88,5.61
T-100082,TXN3918442,FIN-OPS,Resolved,05 Mar 2025 17:37,06 Mar 2025 10:18,72.17, 70.16 ,1.26
T-100585,TXN9510848,FIN-OPS,Resolved,2025-03-26 16:59:00,27/03/2025 00:44,346.34,335.56,6.60
T-101408,TXN4242929,PAY-OPS,Resolved,29-04-2025 17:59,01/05/2025 10:38,223.67,220.17,3.21
T-101951,TXN9298642,FUL-DXB,Open,2025-05-20 14:12:00,,261.14,268.89,8.91
T-101851,TXN8678969,CS-AUH,Resolved,15/05/2025 09:48,2025-05-15 18:32:19,712.67,699.72,10.84
T-100104,TXN6365948,CS-AUH,Resolved,05/03/2025 11:07,05-03-2025 21:07,1518.48,1512.72,24.91
T-101605,TXN8524338,CS-DXB, Resolved ,06-05-2025 18:16,07/05/2025 08:02,613.59,617.22,11.94
 T-102006 ,TXN1284203,PAY-OPS,Resolved,22/05/2025 10:23,2025-05-23 07:11:08,AED 533.30, 514.87 ,5.56
T-101478,TXN8015446,FIN-OPS,Resolved,01/05/2025 08:17,02-05-2025 04:40,213.53,211.75,1.97
T-100323,TXN1528015,FIN-OPS,Resolved,14-03-2025 08:04,15/03/2025 16:44:12,751.22,761.99,10.07
T-101681,TXN6734240,PAY-OPS,Resolved,09/05/2025 17:21,2025-05-10 14:55:57,1653.91,"1,675.37",35.22
T-101493,TXN8374635,CS-DXB,Resolved,01/05/2025 07:22:00,2025-05-02 04:50:31,704.67,696.17,11.35
T-100212,,CS-AUH,Resolved,10-03-2025 13:50,11/03/2025 01:04:13,253.59,248.35,5.14
T-100783,TXN9773644,FUL-DXB,Resolved,03-04-2025 14:52,04/04/2025 05:31,530.07,516.91,20.31
T-101927,TXN8730597,FIN-OPS,Resolved,20/05/2025 08:11,20/05/2025 23:06:58,AED 82.12,82.36,0.84
T-100907,,CS-DXB, Resolved ,08/04/2025 16:39,09/04/2025 10:18:55,262.18,262.42,6.03
T-101276,TXN5342815,CS-AUH,Resolved,2025-04-23 18:58:00,23-04-2025 23:03,332.19,333.11,5.81
T-100875,TXN2208534,CS-DXB,Resolved,07/04/2025 09:44:00,07-04-2025 19:00,100.58,102.07, 1.80 
T-101444,TXN1744874,FIN-OPS,Resolved,30-04-2025 09:17,05/05/2025 06:29,AED 124.50,136.02,1.67
T-101346,TXN2290163,CS-DXB,Resolved,25/04/2025 15:57,26-04-2025 04:12,AED 652.57,653.67,15.48
T-100074,TXN5360116,FUL-DXB,Resolved,04-03-2025 08:14,06-03-2025 02:19,141.13,142.99,2.82
T-100363,TXN5872946,FIN-OPS,Resolved,17-03-2025 13:01,2025-03-18 18:06:09,764.45,757.85,13.66
T-101168, TXN8601277 ,FUL-RUH,Resolved,17/04/2025 15:41:00,2025-04-18 21:26:21,152.89,148.54,6.33
T-100824,TXN4944659, FIN-OPS ,Resolved,05/04/2025 14:48,2025-04-06 14:23:00,275.21,272.42,3.46
T-101213,TXN2054534,CS-AUH,Resolved,21 Apr 2025 11:14,2025-04-21 17:17:32,184.33,183.58,2.30
T-101054,TXN8726902,CS-DXB,Resolved,2025-04-14 13:33:00,15 Apr 2025 13:55,AED 820.31,836.95,16.23
T-101234,TXN5239781,FIN-OPS,Resolved,22-04-2025 12:06,23 Apr 2025 10:07,1003.60,1001.47,17.76
T-100294,TXN6324364,PAY-OPS,Resolved,13/03/2025 15:27,16/03/2025 04:37:10,436.19,429.18,6.63
T-101751,TXN9631504,FUL-DXB,Resolved,12/05/2025 16:11,13/05/2025 07:10,1350.96,1352.27,45.33
T-100670,TXN1166407,PAY-OPS,Resolved,31/03/2025 10:07:00,02/04/2025 04:40,170.51,167.83,2.49
T-100113,TXN8471150,FUL-DXB,Pending,05-03-2025 08:13,,723.15,722.91,18.85
T-101543,TXN2368081,FUL-RUH,Resolved,02-05-2025 08:10,07-05-2025 04:35,407.05,394.69,16.58
T-100730,TXN6003555,FIN-OPS,Resolved,02-04-2025 13:22, 2025-04-03 01:50:17 ,453.25,463.14,8.43
T-100871,TXN1102545,CS-DXB,Resolved,07 Apr 2025 12:56,08 Apr 2025 01:32,AED 242.01,244.58,4.54
T-102135,TXN8086516,CS-DXB,Open,28-05-2025 14:51,,1649.91,1677.29,41.65
T-100846, TXN5807506 ,FUL-DXB,In Progress,05/04/2025 07:07,,AED 359.52,361.12,13.47
T-101888,TXN7831536,FUL-DXB,Resolved,16 May 2025 08:34,18-05-2025 18:44,AED 775.87,799.22,29.24
T-101210,TXN1938383,CS-DXB,Resolved, 21/04/2025 08:56:00 ,22/04/2025 09:33:29,595.31,596.05,14.92
T-101740,TXN6694820,CS-DXB,Resolved,12-05-2025 17:12,14/05/2025 04:17,99.43,101.17,2.74
T-100931,TXN6747384,FUL-DXB,Resolved,08-04-2025 15:22,11 Apr 2025 14:39,151.03,147.14,5.00
T-100356,TXN5698339,FUL-RUH,In Progress,14/03/2025 15:32,,AED 702.81,727.53,16.42
T-101539,TXN4237344,FUL-DXB,Resolved,02/05/2025 15:36:00,03-05-2025 20:23,AED 494.20,503.60,10.62
T-100455,TXN6389699,FUL-DXB,In Progress,19/03/2025 10:36:00,,"AED 1,009.67",908.27,42.89
T-100265,TXN7420389, PAY-OPS ,Resolved,2025-03-12 15:44:00,2025-03-13 06:02:52,298.61,292.19,4.30
T-101878,TXN5386172,FUL-DXB,Resolved,16/05/2025 09:10:00,20-05-2025 23:18,679.80,694.95,16.68
T-100661, TXN7874073 ,FUL-DXB,Resolved,28/03/2025 11:33:00,29/03/2025 02:39:51,156.16,159.37,5.45
T-102210,TXN1213929,CS-DXB,Open,30-05-2025 07:07,,AED 896.43,889.55,19.18
T-100205,TXN7461685,CS-DXB,Resolved,10-03-2025 17:42,11-03-2025 08:48,940.66,912.20,11.68
T-101193,TXN5915717,FUL-DXB, Resolved ,18/04/2025 10:43:00,2025-04-18 08:43:00,146.51,148.12,5.48
T-100817,TXN7706035,FUL-DXB, Resolved ,2025-04-04 13:48:00,2025-04-06 06:01:26,421.57,421.57,8.62
T-101509,TXN4172726,FIN-OPS,Resolved,02-05-2025 15:09,03-05-2025 05:16,235.11,202.73,3.58
T-101882,TXN1743929,FUL-DXB,In Progress,16/05/2025 11:58,,402.96,389.03,8.32
T-100331,TXN6741246,CS-DXB,Resolved,14/03/2025 13:47:00,15 Mar 2025 19:47,477.74,477.40,7.57
T-100494,TXN2299127,FUL-DXB,Resolved,20/03/2025 17:29:00,22/03/2025 22:36,AED 839.48,842.87,18.44
T-100908,TXN3478895,CS-DXB,Resolved,2025-04-08 13:16:00,2025-04-10 18:57:01,455.00, 443.71 ,8.90
T-101513,TXN3424835,PAY-OPS,Resolved,02/05/2025 09:39,02/05/2025 21:51:11,1295.57,1297.49,25.12
 T-101089 ,null,CS-DXB,Resolved,15/04/2025 11:48,16/04/2025 05:23:25,AED 143.31,145.30,2.91
T-101613,TXN1708018,FUL-DXB,Resolved,06/05/2025 16:10,07 May 2025 11:24,AED 439.09,445.11,18.23
T-100851,TXN4419415,FUL-DXB,Resolved,05/04/2025 18:47:00,06 Apr 2025 22:08,920.55,939.11,27.13
T-102189,TXN7978009,FUL-DXB,Open,29/05/2025 15:06:00,,125.59,119.50,3.82
T-101551,TXN9473740,FIN-OPS,Resolved,05/05/2025 07:41:00,06-05-2025 21:24,839.66,819.23,7.09
T-101962,TXN2055331,FIN-OPS,Resolved,21/05/2025 09:01:00,23/05/2025 23:18,1057.05,1034.60,17.48
 T-101911 ,TXN9339780,CS-AUH,Resolved,2025-05-19 12:24:00,20/05/2025 02:22:18,AED 215.89,217.18,2.63
T-100171,TXN2756283,CS-AUH,Resolved,07-03-2025 16:37,07/03/2025 20:28:45,AED 280.50,278.95,3.57
T-102035,TXN5391354,FUL-RUH,Resolved,22 May 2025 09:46,2025-05-25 09:51:30,73.19,tbc,2.87
 T-101241 ,TXN7982993,CS-DXB,Resolved,22-04-2025 18:19,24/04/2025 02:20:13,486.27,488.75,8.83
T-101728,TXN8067037,PAY-OPS,Resolved,12/05/2025 07:57,13 May 2025 07:41,241.44,242.37,4.76
T-100440,TXN2814136,CS-AUH,Resolved,19/03/2025 17:09,20-03-2025 11:18,343.33,335.79,3.67
T-101345,TXN5105357,PAY-OPS,Resolved,25/04/2025 14:07:00,2025-04-26 05:14:06,"AED 1,160.18","1,145.02",24.95
T-102002,TXN5761467,FIN-OPS,Resolved,22 May 2025 12:14,22 May 2025 21:59,AED 96.04,98.38,1.06
T-101815,TXN5572109,CS-DXB, Resolved ,14/05/2025 10:13, 2025-05-14 21:03:02 ,388.64,463.66,6.72
T-101016,TXN7345072,CS-DXB,Resolved,11-04-2025 18:02,12/04/2025 17:49:35,AED 244.27,247.07,6.02
T-101479,TXN9510186,FIN-OPS,Resolved, 01/05/2025 14:28 ,02/05/2025 12:23:52,325.74,319.14,3.11
T-100564,TXN8715506,CS-DXB,Resolved,25/03/2025 17:48,26 Mar 2025 01:39,134.76,131.04,2.26
T-100199,TXN7141528,CS-DXB,Resolved,10/03/2025 07:42,10 Mar 2025 22:51,192.36,192.57,4.25
T-100877,TXN3932526, CS-AUH ,Resolved,07-04-2025 17:10,08 Apr 2025 02:18,969.87,989.18,20.08
T-100867,TXN2474907,PAY-OPS,Resolved,07 Apr 2025 11:26,08/04/2025 08:16:38,AED 189.24,187.81,4.16
T-100017,TXN2473901,CS-DXB,Resolved, 03/03/2025 16:00 ,05/03/2025 05:52:34,112.68,112.90,1.80
T-101938,TXN9944019,CS-DXB,Open, 20 May 2025 13:59 ,,2273.93,2232.36,43.72
T-101086,TXN2276157,CS-DXB,Resolved,15/04/2025 13:37,16/04/2025 00:54,AED 198.55, 203.83 ,3.74
T-102061,TXN3178107,FUL-DXB,Resolved,23-05-2025 14:44,2025-05-25 12:24:14,356.36,355.07,14.99
T-101108,TXN3447943,FUL-DXB,Resolved,15/04/2025 15:12,16 Apr 2025 21:13,AED 842.12,826.20,26.33
T-101106,TXN3277038,FUL-DXB,Resolved,15-04-2025 12:01,17/04/2025 03:06:49,428.02,423.40, 12.70 
T-100880,TXN7017653,CS-AUH,Resolved,2025-04-07 14:39:00,2025-04-08 11:08:40,AED 196.82,197.30,2.65
T-101584,TXN7185018,FUL-DXB,Resolved,05 May 2025 15:22, 06/05/2025 14:57:48 ,752.07, 757.72 ,26.91
T-101603,TXN7677008,PAY-OPS,Resolved,2025-05-06 13:05:00,08/05/2025 21:17:46,532.51,539.64,6.54
T-102181,TXN4190716, CS-AUH ,Open,29/05/2025 12:22,,1542.42,"1,537.02", 28.18 
T-100812,,FUL-DXB,Resolved,04/04/2025 17:14:00,2025-04-05 05:56:55,AED 816.41,817.62,22.24
T-102026,TXN9152501,FUL-DXB,Resolved,2025-05-22 17:13:00,23-05-2025 11:20,AED 560.76, 564.38 ,22.47
T-100963,TXN2874572,FUL-DXB,Resolved,09 Apr 2025 08:07,12-04-2025 08:05,3528.63,3575.42,153.65
T-101801,TXN7971267,FIN-OPS,Pending,2025-05-14 17:49:00,,77.97,78.78,1.21
T-101294,TXN9203768,PAY-OPS,Resolved,24-04-2025 16:25,2025-04-25 10:30:18,AED 851.31,847.92,17.15
T-101905,TXN5918757,CS-DXB,Resolved,19/05/2025 15:49:00,20/05/2025 08:33:23,316.16,300.48,4.42
T-100841,TXN5630079,CS-AUH,Resolved,05 Apr 2025 11:40,2025-04-06 21:34:57,162.20,163.55,3.29
T-101083,TXN2681150,PAY-OPS,Resolved,15-04-2025 09:43,2025-04-16 06:16:55, 375.74 ,383.48,7.73
T-102008,TXN8646134, PAY-OPS ,Resolved,22 May 2025 07:44,2025-05-23 00:30:41, AED 273.92 ,268.38, 2.74 
T-101044,TXN4812064,PAY-OPS,Resolved,14 Apr 2025 11:14,16 Apr 2025 03:10,911.66, 910.55 , 12.26 
T-101402,TXN9297664,FIN-OPS,Resolved,29/04/2025 07:48,2025-04-29 05:48:00,1870.20,1827.42,34.14
T-101250,TXN5487104,CS-AUH,Resolved,2025-04-22 07:32:00,23/04/2025 22:04,AED 227.77,220.97,4.59
T-101433,TXN7542775,FUL-DXB,Resolved,2025-04-29 18:48:00,02-05-2025 01:21,814.91,801.74,34.33
T-100229,TXN2000585,PAY-OPS,Resolved,11-03-2025 12:20,12/03/2025 21:09,648.05,634.99,10.20
T-100980, TXN2769308 ,CS-DXB, Resolved ,10 Apr 2025 08:14,11/04/2025 18:37,AED 614.59,613.06,12.13
T-100425,TXN8663714,PAY-OPS,Resolved,19/03/2025 16:12,20-03-2025 04:14,434.45,413.86,9.25
 T-100719 ,TXN4958972,FUL-DXB,Resolved,01/04/2025 11:52:00,02/04/2025 20:00,371.00,370.46,10.01
T-102114,TXN1592336,FUL-DXB,Pending,27-05-2025 17:33,,AED 152.00,149.99,5.16
,TXN9923586,FIN-OPS,Pending,11 Apr 2025 11:27,,736.30, 773.19 ,12.67
T-101611,TXN8772693,FUL-DXB,Resolved,06/05/2025 09:47,07/05/2025 13:14:13,AED 329.15,343.02,12.15
T-101490,TXN8663133,CS-DXB,Resolved,01/05/2025 08:16:00,02 May 2025 23:26,680.94,667.05,15.42
T-100627,TXN4097664,FUL-DXB,In Progress,27 Mar 2025 14:22,,AED 95.00,95.97,2.89
T-101128,TXN7434680,FUL-DXB,Resolved,2025-04-16 14:19:00,19 Apr 2025 03:32, 833.63 , 843.98 ,29.03
T-101429,TXN7208215, FUL-DXB ,Resolved,29/04/2025 17:47:00,2025-05-01 02:25:52,1364.99,"1,345.67",55.59
T-100726,TXN1920149,FUL-RUH,Resolved,01-04-2025 13:53,03-04-2025 00:36,AED 340.37, 345.81 ,8.72
T-101823,TXN6403665,FUL-DXB,Resolved,14/05/2025 09:23:00,16-05-2025 06:27,541.47,535.86,14.01
T-100132,TXN5431935, CS-DXB ,Resolved,06/03/2025 16:43:00,08/03/2025 13:35:45, 126.03 ,125.51, 3.20 
T-100380,TXN7966061,CS-AUH,Resolved,17/03/2025 07:21,2025-03-17 22:50:16,196.48,198.01,3.17
T-101243, TXN2048780 ,CS-DXB,Resolved,22/04/2025 13:22,23/04/2025 06:49:33,AED 334.27,326.90,4.49
T-100618,TXN6038139,CS-DXB,Resolved,2025-03-27 08:29:00,27 Mar 2025 19:37,371.08,366.58,7.96
T-100098,TXN8413164,CS-DXB,Resolved,05-03-2025 16:21,06/03/2025 05:51:04,AED 417.21,361.66,6.71
T-100764,TXN8214140,FIN-OPS,Resolved,03/04/2025 17:58,2025-04-04 14:15:59,511.72,506.13,5.17
T-100472,,PAY-OPS,Resolved,20 Mar 2025 16:00,2025-03-21 20:03:27,775.25,767.48,11.77
T-102110,TXN5961344,CS-DXB,Resolved,27/05/2025 11:58:00,28-05-2025 00:12,335.27,329.72,8.47
T-100891,TXN5536505,FUL-DXB,Resolved,2025-04-07 18:31:00,08 Apr 2025 05:42,AED 82.29,82.22,3.67
T-100088,TXN6056621,PAY-OPS,Resolved,2025-03-05 11:04:00,07/03/2025 03:10,77.08,79.03,0.96
T-101312,TXN1329650,FUL-DXB,Resolved, 2025-04-24 13:29:00 ,25/04/2025 22:14:17,77.84,75.97,2.52
T-100704,TXN3914791,PAY-OPS,Resolved,01/04/2025 12:53,02/04/2025 02:08,219.31, 224.67 ,2.18
T-102174,TXN8113966,CS-DXB,Open,2025-05-29 18:36:00,,AED 725.36,722.44,13.58
T-100863,TXN1208884,FIN-OPS,Resolved,07/04/2025 17:05,08-04-2025 06:01,288.16,280.85,5.54
T-100690,TXN4413673,FUL-DXB,Resolved,2025-03-31 15:37:00,02-04-2025 06:22,360.89,368.04,10.15
T-101737,TXN6361262,CS-DXB,Resolved,2025-05-12 16:49:00,14/05/2025 02:56,AED 75.42,75.03,1.95
T-100753,TXN5985463,FUL-DXB,Resolved,02/04/2025 17:23,03/04/2025 21:18,AED 420.61,316.09,9.60
T-102094,TXN8544991,FUL-RUH,Resolved,2025-05-26 17:23:00,27/05/2025 11:35,391.37,392.94,7.44
T-101700,TXN6515865,CS-DXB,Resolved,09 May 2025 16:52,09-05-2025 23:03,273.13,273.77,5.54
T-101555,TXN8080015,PAY-OPS,Resolved,05 May 2025 13:42,07/05/2025 05:50,618.25,613.46,9.82
T-100213,TXN6786847,FUL-DXB,Resolved,10/03/2025 13:08,2025-03-11 16:12:13,AED 173.06,175.72,7.07
T-101415, TXN5223577 ,CS-DXB,Resolved, 2025-04-29 17:38:00 ,30 Apr 2025 02:44,AED 173.99,176.03,2.93
T-102106,TXN6855628,CS-DXB,Resolved,2025-05-27 17:35:00,2025-05-29 00:23:38, 231.73 ,232.06,4.79
T-101606,TXN6181409,CS-DXB,Resolved,2025-05-06 13:13:00,09/05/2025 07:19:45,AED 260.85,270.20,5.69
T-100523, TXN5722682 ,FUL-RUH,Resolved,2025-03-21 15:08:00,22 Mar 2025 08:39,144.11,142.82,5.89
T-100714,TXN3914088,FUL-DXB,Resolved,01/04/2025 16:19:00,03 Apr 2025 10:57,AED 385.97,384.26,17.24
T-100394,TXN6851830,FIN-OPS,Resolved,18/03/2025 17:24,20 Mar 2025 02:40,690.34,692.98,8.22
T-101915,TXN8364913,FUL-DXB,Resolved,2025-05-19 08:02:00,21/05/2025 16:40:02,AED 501.90,499.61,20.34
T-101512,TXN1905421,PAY-OPS,Resolved,2025-05-02 13:21:00, 05-05-2025 04:07 ,939.41,943.42,19.57
T-100176,TXN3132464,FUL-DXB,Resolved,07-03-2025 07:10,09/03/2025 13:14,AED 405.97,419.25,8.05
T-102099,TXN3047800,PAY-OPS,Resolved,2025-05-27 12:21:00,2025-05-28 17:03:24, AED 139.67 ,136.40,2.00
T-101239,TXN2208946,CS-DXB,Resolved,22/04/2025 17:06,23/04/2025 13:43,133.02,123.45, 2.95 
T-101943,N/A,FUL-DXB,Pending,20/05/2025 09:10,,520.44,530.93,18.89
T-101411,TXN5857273,PAY-OPS,Resolved,29 Apr 2025 17:42,30/04/2025 14:54, 640.99 ,750.89, 12.22 
T-100251,TXN7800480,FUL-DXB,Resolved, 11/03/2025 10:12:00 , 11 Mar 2025 22:58 ,944.33,972.37,36.20
T-101738,TXN2262286,CS-DXB, Resolved ,2025-05-12 11:21:00,12-05-2025 17:21,281.53,tbc,5.43
T-100290,TXN1189700,FUL-RUH,Resolved,12/03/2025 17:46,15/03/2025 21:36:23,AED 339.84,377.98,12.29
T-100195,TXN6824352,PAY-OPS,Resolved, 10-03-2025 18:48 ,11/03/2025 06:20,AED 297.76,308.15,3.93
T-101218,TXN5975819,FUL-DXB,Resolved,2025-04-21 07:15:00,23/04/2025 01:58,309.39,313.15,9.26
T-100771,TXN3781156,CS-DXB, Resolved ,03/04/2025 13:12:00,04/04/2025 07:25:11, 476.83 ,470.43,6.64
T-101531,TXN7057195, FUL-DXB ,Resolved,02 May 2025 07:10, 03/05/2025 02:50 ,466.87,524.63,19.86
T-102016,TXN4482672,CS-DXB,Resolved,22/05/2025 11:05,2025-05-22 22:15:57,537.03,538.22,9.72
T-101474,TXN7252743,FIN-OPS,Resolved,01/05/2025 11:03:00,02 May 2025 12:14,AED 240.53,242.93,2.08
T-100632,TXN4436734,FUL-RUH,Resolved,27/03/2025 10:30:00,29/03/2025 07:28,687.01,650.60,28.42
T-102118,TXN4677840,FUL-DXB,Resolved,27 May 2025 07:07,28/05/2025 01:21,1150.18,1140.25,28.45
T-101682,TXN6046650,PAY-OPS,Resolved,09 May 2025 07:13,12/05/2025 13:10:44,66.52,66.01,0.95
T-100912,TXN9510767,CS-AUH,Resolved,2025-04-08 09:56:00,08/04/2025 21:47:27,AED 374.17,383.33,4.63
T-100760,TXN3232003,FUL-RUH,Resolved,02/04/2025 09:27,03/04/2025 17:14,162.58,167.03,6.22
T-100638,TXN5292208,FIN-OPS,Resolved,28/03/2025 18:04,29/03/2025 13:10:12,201.06,205.67,3.79
T-101586,TXN6198824,FUL-RUH, Resolved ,05/05/2025 13:42,06-05-2025 23:19,AED 467.39,464.55,18.84
T-101032,TXN1029395,FUL-DXB,Resolved,11 Apr 2025 10:18,13/04/2025 06:33:15,388.78,390.83,11.23
T-101171,TXN4829001, PAY-OPS ,Resolved,18/04/2025 09:21,18/04/2025 22:24:20,157.99,164.02,3.04
T-100668,TXN2105489,PAY-OPS,Resolved,31/03/2025 15:55,01 Apr 2025 15:19,AED 113.12,109.80,1.20
T-101669,TXN4177970,FUL-DXB,Resolved,08-05-2025 18:15,11/05/2025 07:49:53,182.00,182.54,5.69
T-101328,TXN5391236,FUL-RUH,Resolved,24 Apr 2025 15:16,26-04-2025 05:50,AED 309.64,305.90,10.78
T-101338,TXN6804879,FIN-OPS,Resolved,25 Apr 2025 17:16,26 Apr 2025 10:30,"AED 3,282.45",3239.58,50.11
T-102041,TXN1714209, PAY-OPS ,Resolved,23/05/2025 12:50:00,25/05/2025 12:43,274.51,266.77,3.44
T-100409,TXN8034119,CS-AUH,Resolved,18 Mar 2025 08:47,18/03/2025 16:15:20,365.28,366.07,4.34
T-101928,TXN2136309,FIN-OPS,Resolved,20 May 2025 09:12,21/05/2025 07:09, AED 418.98 ,481.92,5.55
T-100086,TXN3171017,PAY-OPS,Resolved,2025-03-05 16:06:00,06/03/2025 07:50,AED 62.37,61.25,0.97
T-100319,TXN6110360,FUL-RUH,Resolved,13/03/2025 10:55,17 Mar 2025 01:24,142.00,139.55,4.94
T-100060,TXN2934778,CS-AUH,Resolved,2025-03-04 09:12:00,05 Mar 2025 04:36,133.10,101.43,1.29
T-101310,TXN3487521,CS-AUH,Resolved,24 Apr 2025 17:26,25 Apr 2025 08:46,127.32,126.55,2.26
T-100066,TXN8444293,FUL-DXB,Resolved,04/03/2025 13:33:00,09-03-2025 01:21,641.67,639.20,14.19
T-100616,TXN6612101,CS-DXB,Resolved,27-03-2025 12:59,28 Mar 2025 06:24,427.76,424.88,10.10
T-100028,TXN1378252,FUL-DXB,Resolved,03 Mar 2025 16:07,05/03/2025 04:47:49,2161.56,2165.08,66.35
T-100757,TXN8342159,FUL-RUH,Resolved,02/04/2025 12:57,03 Apr 2025 17:57, 124.03 ,123.34,4.80
T-100203,TXN3326526,CS-DXB,Resolved,10 Mar 2025 07:51,10-03-2025 14:08,958.45,974.11,24.20
T-101443,TXN5255931,FIN-OPS,In Progress,30/04/2025 12:59:00,,AED 672.99,681.32,11.72
T-101123,TXN2174142,CS-AUH,Resolved,16-04-2025 07:20,16-04-2025 18:31,AED 443.08,446.70,5.08
T-101082,TXN8196762,PAY-OPS,Resolved,15-04-2025 14:18,16/04/2025 13:38, AED 281.81 ,288.31,2.93
T-100035,TXN3548872,FUL-DXB,Resolved,03-03-2025 10:52,04/03/2025 15:47:04,405.97,385.07,15.98
T-100165,TXN6821749,PAY-OPS,Resolved,07/03/2025 14:14,07 Mar 2025 23:59,213.87,219.93,4.68
T-100070,TXN1317360,FUL-DXB,Resolved,2025-03-04 10:06:00,2025-03-05 13:03:28,AED 645.77,623.20,12.95
T-101052,TXN4215929,CS-DXB,Resolved,14/04/2025 09:36,16/04/2025 02:11:50,AED 128.10,129.60,3.01
T-101648,TXN1915666,PAY-OPS,Resolved,08/05/2025 16:02:00,10 May 2025 04:58,AED 264.97, 264.58 ,4.55
T-101548,TXN9250785,FIN-OPS,Resolved,2025-05-05 11:23:00, 05-05-2025 18:21 ,146.21,142.27,1.80
T-101939,TXN1836570,CS-DXB,Open,2025-05-20 10:45:00,,259.92,335.08,4.40
T-101041,TXN3704995,PAY-OPS,Resolved,14 Apr 2025 10:26,15-04-2025 21:41,1149.42,1145.90,22.91
T-101784,TXN3309569,CS-DXB,Resolved,2025-05-13 08:00:00, 2025-05-13 18:31:56 ,AED 572.35, 549.67 ,11.75
T-100885,TXN3587284,CS-AUH,Resolved,07 Apr 2025 15:25,07 Apr 2025 23:12,206.34,219.15,2.91
T-101940,TXN9264490, CS-AUH ,Resolved,2025-05-20 15:02:00,22/05/2025 05:07:01,504.49,515.02,9.32
T-101862,TXN9262422,PAY-OPS,Resolved,16 May 2025 17:02,17 May 2025 04:30,1972.21,"2,436.21",42.51
T-100032,TXN1614732,FUL-DXB,Resolved,03-03-2025 08:58,2025-03-05 09:32:02,AED 187.91,183.66,7.81
T-100473,TXN5624268,PAY-OPS,Resolved,20/03/2025 10:54,22/03/2025 19:54,AED 176.63,tbc,2.77
 T-100374 ,TXN5218999,CS-DXB,Resolved,17 Mar 2025 18:12,18-03-2025 03:10,358.18,349.20,9.52
T-102175,TXN2100617,CS-DXB,Open,29/05/2025 11:13:00,,435.19,396.67,6.37
T-101039,TXN5044662,FIN-OPS, Resolved ,14/04/2025 14:29:00,2025-04-15 03:42:34,AED 235.56,236.20,4.18
T-101582,TXN1257762,FUL-DXB,Resolved,05 May 2025 08:13,06 May 2025 22:00,259.16,255.25,5.93
T-101154, TXN6045929 ,CS-AUH,Resolved,2025-04-17 11:50:00,17 Apr 2025 21:47,379.17,381.87,5.78
T-100230,TXN9362308,PAY-OPS,Resolved,11 Mar 2025 08:06,12/03/2025 12:46, 588.98 , 580.20 ,6.37
T-102004,TXN7827466,FIN-OPS,Resolved,22/05/2025 08:09,2025-05-23 09:41:29,AED 160.15,156.46,2.13
T-101324,TXN6257900,FUL-RUH,Resolved,24/04/2025 13:36:00, 26-04-2025 04:03 ,250.62,249.78,8.58
T-100884,TXN7425349,CS-AUH,Resolved, 31/02/2025 10:00 ,08-04-2025 02:06,680.45,674.28,11.23
T-100928,TXN2665590,FUL-DXB,Resolved,08/04/2025 11:56,2025-04-10 05:14:37,220.57,155.02,5.80
T-100342,TXN2464862,CS-AUH,Resolved,14 Mar 2025 16:57,15/03/2025 07:36,188.34,182.51,2.57
T-101545,TXN1639488,FUL-RUH,Resolved,2025-05-02 07:25:00,05/05/2025 23:25,48.97,49.68,1.41
T-100062,TXN1921509,CS-AUH,Resolved,04/03/2025 16:33,2025-03-05 02:06:35,106.83, 105.43 ,1.81
T-100806,TXN1852000,CS-DXB,Resolved,04/04/2025 12:21,04-04-2025 23:00,"AED 1,278.27",905.37,29.22
T-101896,TXN7128397,FIN-OPS,Resolved,2025-05-19 14:18:00,2025-05-20 04:27:37, 178.45 ,177.59, 2.17 
T-100782,TXN2659138,FUL-DXB,Resolved,03/04/2025 15:01:00,2025-04-04 13:58:08, AED 428.14 ,435.06,17.54
 T-100671 ,TXN4232895,PAY-OPS,Resolved,31-03-2025 08:23,03/04/2025 22:07:44,418.41,424.55, 4.74 
T-101832,TXN8199017,FIN-OPS,Open,15/05/2025 13:40:00,, 566.84 ,565.89,6.20
 T-100479 ,TXN7361322,CS-DXB,Resolved,20 Mar 2025 14:36,20/03/2025 20:23,AED 499.17,487.54,11.71
T-101361,TXN4081577,FIN-OPS,Resolved,28/04/2025 12:21,29/04/2025 00:00,1286.73,1295.47,22.18
T-100977,TXN6340802,PAY-OPS,Resolved,2025-04-10 17:23:00,11-04-2025 23:36,396.84, 400.27 ,6.86
 T-101875 ,TXN6461852,CS-AUH,Resolved, 16-05-2025 08:03 , 17 May 2025 07:45 ,77.64,78.62,1.34
T-100211,TXN9855381,CS-AUH,Resolved,10/03/2025 16:45:00,11/03/2025 07:19:03,AED 206.17,205.61,2.08
T-100562,TXN4361760,CS-DXB,Resolved,25/03/2025 17:50:00,26-03-2025 03:14, 465.20 ,355.84,8.21
T-101201,TXN7792496,PAY-OPS,Resolved, 2025-04-21 14:10:00 ,22-04-2025 02:04,203.82,199.57,2.74
T-101151,TXN5122835,CS-DXB,Resolved,2025-04-17 13:24:00,18/04/2025 13:59,816.04,656.99,15.15
T-102014,TXN3210808, CS-DXB ,Resolved,2025-05-22 09:28:00,23/05/2025 13:14:01,AED 448.07,454.03,5.54
T-100379,TXN5456213,CS-DXB,Resolved,17/03/2025 18:30:00,18 Mar 2025 04:35,1281.00,"1,277.07", 23.77 
T-101291,TXN9598444,FIN-OPS,Resolved, 24/04/2025 09:56:00 ,24/04/2025 23:44:53,575.51,558.88,6.37
T-100318,TXN4682260, FUL-RUH ,Resolved,13/03/2025 11:25:00,2025-03-14 05:56:00,AED 104.02,103.64,2.85
T-100063,TXN5682833,CS-AUH,Resolved,04 Mar 2025 09:53,04 Mar 2025 20:18,AED 218.05,219.54,4.47
T-100155,TXN4880538,FIN-OPS, Resolved ,07/03/2025 15:48:00,2025-03-08 18:53:14,AED 112.81,115.95,1.69
T-101053,TXN7988726,CS-DXB,Resolved,14-04-2025 17:09,15/04/2025 16:54,1787.75,"1,845.19",31.36
T-102165,TXN6006005,FIN-OPS,Open,29/05/2025 17:18,,200.95,203.86,2.86
T-102039,TXN7290508,PAY-OPS,Resolved,23-05-2025 12:46,24/05/2025 18:37,339.63,343.92,7.59
T-102153,TXN2672603,FUL-DXB,Open,28/05/2025 08:45,,"AED 1,145.13","1,138.28",36.63
T-100862,TXN7720634,FIN-OPS, In Progress ,07 Apr 2025 10:28,,717.77,727.95,6.97
T-100687,TXN6504483, FUL-DXB , Resolved ,2025-03-31 08:25:00,01 Apr 2025 12:55,1892.66,"1,892.65",66.37
T-102024,TXN5965568,CS-AUH,Resolved,2025-05-22 07:18:00,23/05/2025 22:37:51,"AED 1,909.24","1,958.59",28.84
T-100247,TXN8838994, FUL-DXB ,Resolved,2025-03-11 15:10:00,12/03/2025 10:20:43,259.63,268.88,11.09
T-101891,TXN7389612,FUL-RUH,Resolved,2025-05-16 09:48:00,2025-05-17 14:55:39,AED 163.05,159.39,3.34
T-100320,TXN8768951, FUL-RUH ,Resolved,13/03/2025 18:20,16 Mar 2025 14:19,251.65,252.75,7.85
T-100491,TXN8529102,FUL-DXB,Resolved,20/03/2025 12:37,22/03/2025 02:59:50,AED 230.50,230.52,9.85
T-100313,TXN2178984,FUL-DXB,Resolved,13/03/2025 10:45,14/03/2025 04:00:28,476.03,478.33, 18.23 
T-100878,TXN3781147,CS-AUH,Resolved,07/04/2025 18:21:00,2025-04-08 11:25:52,1985.12,2019.87,34.22
T-101621,TXN3625000,PAY-OPS,Resolved,07/05/2025 14:36:00,08 May 2025 04:11,AED 205.87,209.92,3.44
T-100209,TXN1099267,CS-AUH,Resolved,10 Mar 2025 12:21,11/03/2025 08:55,141.79,141.93,1.79
T-100735,TXN2077046,PAY-OPS,Resolved,02-04-2025 09:41,2025-04-02 23:03:26,AED 186.94,184.45,3.26
T-101245,TXN2436652,CS-DXB, Resolved ,22/04/2025 14:22,23/04/2025 11:45:50,AED 454.87,452.96,10.63
T-101145,TXN1148312,CS-DXB,Resolved,17-04-2025 07:44,18 Apr 2025 00:29,AED 506.67,506.06,8.42
T-101331,TXN9586254,FIN-OPS,Resolved, 25/04/2025 07:13 ,26/04/2025 08:35,205.45,198.29,2.72
T-100158,TXN4166502,FIN-OPS,Resolved,07 Mar 2025 07:13,2025-03-07 19:08:47,404.44, 407.27 ,5.47
T-100237,TXN7671465,CS-AUH,Resolved,11/03/2025 14:19, 2025-03-12 11:09:40 ,829.76,827.54,12.46
T-101672,TXN8964545,FUL-RUH,Pending,08/05/2025 18:13:00,,186.37,199.65,4.73
T-100357,TXN6109147,FUL-RUH,Resolved,14 Mar 2025 11:22,15-03-2025 14:59,432.92,526.71,10.06
T-100457,TXN2325389,FUL-DXB,Open,19 Mar 2025 13:01,,102.70,100.40,4.52
T-100500,TXN6020691,FIN-OPS,Resolved,21 Mar 2025 14:58,22 Mar 2025 05:46,397.73,404.62,3.81
T-101802,TXN2287681,PAY-OPS,Resolved,2025-05-14 15:34:00,17-05-2025 08:02,266.11, 272.95 ,5.86
T-100567,TXN9134342,CS-DXB,Resolved,25/03/2025 10:11,25 Mar 2025 16:02,AED 329.07,336.76,8.26
T-100167,,CS-DXB,Resolved,07/03/2025 07:01,2025-03-07 15:15:14,266.08,264.90,4.45
T-101753,TXN3831458,FUL-DXB,Resolved,12-05-2025 07:33,14/05/2025 20:22, AED 459.06 ,462.04,14.12
T-101871,TXN6436178,CS-DXB,Resolved,16/05/2025 15:35:00,17/05/2025 11:15,1010.35,978.83,18.10
T-100329,TXN5141440,CS-DXB,Resolved,14/03/2025 17:12,15-03-2025 19:27,AED 306.22,306.44,4.86
T-101177,TXN2731005,CS-DXB,Resolved,18 Apr 2025 13:17,2025-04-18 23:14:26,AED 358.96,354.44,5.93
T-100200,TXN6882534,CS-DXB,Resolved,10 Mar 2025 14:40,2025-03-11 11:35:22,350.38, 311.38 ,4.39
T-101637,TXN8193447,FUL-DXB,Resolved,2025-05-07 15:58:00,08-05-2025 11:49,756.04,767.40,17.21
T-100603,TXN2206864,FIN-OPS,Resolved,27 Mar 2025 12:23,28/03/2025 14:46:30,AED 394.25,394.06,4.27
T-100895,TXN1078990,FUL-DXB,Resolved,07 Apr 2025 14:43,08 Apr 2025 14:15,304.83,300.17, 12.64 
T-100141,TXN6414050,FUL-DXB,Resolved,2025-03-06 08:33:00,2025-03-07 10:50:59,639.12,656.57,26.70
 T-102142 ,TXN1996483, CS-DXB ,Open,28-05-2025 11:33,,AED 76.46,75.97,1.87
T-100210,TXN7487065,CS-AUH, Resolved ,10 Mar 2025 11:35,11-03-2025 01:56,1735.49,"1,694.18",26.90
T-101280,TXN7958384,FUL-DXB,Resolved,23-04-2025 17:30,26/04/2025 15:27,124.09,123.37,3.98
T-100305,TXN3255342,CS-DXB,Resolved,13/03/2025 11:25,14/03/2025 19:12:28,244.84,248.61,3.16
T-102179,TXN6189926,CS-DXB,Open,2025-05-29 16:28:00,,340.22, 357.32 ,7.61
T-101021, TXN3353453 ,CS-AUH,Resolved,11 Apr 2025 17:37,12 Apr 2025 02:37,300.01,292.56,2.84
T-100488,TXN9018880,FUL-DXB,Resolved,20/03/2025 07:59,21 Mar 2025 23:04,AED 402.90,410.21,16.14
T-100551,TXN7845737,FUL-RUH,Resolved,24-03-2025 12:53,25/03/2025 16:23,361.37,357.56,12.32
T-101599,TXN1931679,PAY-OPS,Resolved,2025-05-06 11:21:00,09/05/2025 02:38:42,318.48,331.78,3.85
T-101122,TXN2697396,CS-AUH,Resolved,16/04/2025 13:43,17 Apr 2025 05:16,707.64,705.52, 14.61 
T-101465,TXN7156142,FUL-DXB,Resolved,30/04/2025 16:19:00,2025-05-01 12:32:57,AED 472.27,473.98,11.93
T-101866,TXN2473209,PAY-OPS,Resolved, 2025-05-16 14:09:00 ,17/05/2025 23:44:27,AED 388.02,398.99,6.34
T-100992,TXN9033885,FUL-DXB,Resolved,10 Apr 2025 14:53,11/04/2025 04:13:02,134.26,133.84,4.86
T-100047,TXN3906083,FIN-OPS,Resolved,04 Mar 2025 18:51,05/03/2025 05:09:37,1100.89,"1,088.24",12.46
T-101157,TXN2282672,FUL-DXB,Resolved,17 Apr 2025 18:16, 18/04/2025 11:24 ,504.54,506.55,19.42
T-101534,TXN7170298,FUL-DXB,Resolved,02 May 2025 17:02,03 May 2025 19:11,932.14,963.72,20.89
T-100844,TXN8966192,FUL-DXB,Resolved,05 Apr 2025 13:23,06 Apr 2025 13:05,628.74,641.79, 23.99 
T-100934,TXN4187964,FUL-RUH,Resolved,2025-04-08 12:13:00,09-04-2025 23:10,AED 352.27,350.35,10.98
T-101281, TXN7068682 ,FUL-DXB,Resolved,23/04/2025 17:05,2025-04-25 02:26:51,1335.17,1325.95,51.24
T-100870,TXN1144613,CS-DXB,Resolved,07-04-2025 10:36,07-04-2025 22:32, AED 151.98 ,148.93,2.66
T-100084,TXN4784066,FIN-OPS,Resolved,05/03/2025 18:14,06 Mar 2025 21:07,549.51,394.63,6.41
T-100650,TXN2388570,CS-DXB,Resolved,28-03-2025 14:28, 29/03/2025 04:52:20 ,AED 580.71,585.94,14.03
T-101440,TXN6162865,FUL-RUH,Resolved,29/04/2025 12:40:00,30/04/2025 07:24,648.06,673.46,23.43
 T-100909 ,TXN4805202,CS-DXB,Resolved,08 Apr 2025 17:08,09-04-2025 06:58,AED 361.53,369.68,6.95
T-100591,TXN9183808,CS-DXB,Resolved,2025-03-26 17:30:00,27-03-2025 03:22,335.84,334.61,6.19
T-102007,TXN7149382,PAY-OPS,Resolved,22/05/2025 14:32,24/05/2025 16:48:26,272.60,275.61,3.34
T-101124, TXN7098665 ,CS-AUH,Resolved,2025-04-16 13:10:00,16 Apr 2025 21:47,"AED 1,151.69",1118.70,18.47
T-101236,TXN6709115,PAY-OPS,Resolved,22/04/2025 10:08,2025-04-23 13:44:27,657.04,633.53,6.68
T-101110,TXN1668980,FUL-RUH,Resolved,15-04-2025 18:22,16 Apr 2025 14:02, 177.76 ,177.09,7.42
T-101043,TXN4968511,PAY-OPS,Pending,14/04/2025 10:54:00,,AED 249.76,244.83, 4.98 
T-102056,TXN3521360,CS-DXB,Resolved,2025-05-23 13:18:00,24-05-2025 12:51,224.52,219.48,3.66
T-100483,TXN4849423,FUL-DXB,Resolved,2025-03-20 09:40:00,21-03-2025 20:34,931.49,920.15,21.57
T-101560,TXN6528283,PAY-OPS,Resolved,05/05/2025 15:07,2025-05-07 00:01:02,842.54,832.24, 10.89 
T-100746,TXN6344440,CS-AUH,Resolved,2025-04-02 11:06:00,2025-04-02 18:35:48,797.30,785.61,14.35
T-101496,TXN9060811,CS-AUH,Resolved,01-05-2025 10:48,2025-05-03 14:28:44,386.64,385.71,4.75
T-100816,TXN2213087,FUL-DXB,Resolved,04-04-2025 07:07,05/04/2025 13:58:16,346.88,347.93,12.91
T-101971,TXN2594326,CS-DXB,Resolved,21/05/2025 15:25,2025-05-22 06:00:25,383.36,378.39,4.88
T-102108,TXN9894511,CS-DXB,Resolved,27/05/2025 11:58:00,27/05/2025 22:49,214.23,253.51,3.31
T-100566,TXN2408281,CS-DXB,In Progress,25/03/2025 17:25,,AED 254.02,243.75,4.34
T-102028,TXN3970390,FUL-DXB,Resolved,22/05/2025 10:11:00,2025-05-22 23:07:21,495.86,360.91, 19.63 
T-101522,TXN8855024,CS-DXB,Resolved,02-05-2025 12:46,2025-05-03 09:58:43,913.32,900.46,24.14
T-101557,TXN8033827,PAY-OPS,Resolved,05 May 2025 11:49,06 May 2025 03:06,945.86,951.60,12.15
T-100932,TXN8716987,FUL-DXB,Resolved,08-04-2025 09:54,10 Apr 2025 00:07,556.07,551.89,14.82
T-102097,TXN5584193, FIN-OPS ,Resolved,27/05/2025 13:32:00,2025-05-29 12:35:07,AED 435.13,425.48,4.29
T-102131,TXN3888872,PAY-OPS,Open,28 May 2025 16:50,,637.02,617.53,6.12
T-101387,TXN8759270,CS-AUH,Resolved,28 Apr 2025 15:38,29/04/2025 01:08:35,690.79,707.75,11.69
T-100169,TXN3299642,CS-DXB,Resolved,07/03/2025 15:29:00,08/03/2025 15:33,592.35,613.65,7.12
T-100148,TXN8002639,FUL-DXB,Resolved,06/03/2025 16:38:00,2025-03-08 14:06:01,1122.76,1138.33,34.21
T-100983,TXN9786287,CS-AUH,Resolved,10/04/2025 13:01:00,11/04/2025 23:00,AED 169.06,171.13,1.75
T-101225,TXN9255881,FUL-RUH,Resolved,21-04-2025 11:15,23 Apr 2025 21:56,AED 445.10,393.48,9.62
T-101646,TXN2229254, FIN-OPS ,Resolved,08-05-2025 07:58,2025-05-09 08:10:18,187.05,182.57,3.43
T-100750,TXN6236987,FUL-DXB,Resolved,02-04-2025 16:20,2025-04-04 07:07:06,346.29,345.23,8.73
 T-100968 ,TXN1131220,FIN-OPS,Resolved,10/04/2025 17:52:00,12/04/2025 08:25:02,1224.72,"1,257.86",22.13
T-100026,,CS-AUH,Resolved, 03/03/2025 15:34 ,04/03/2025 14:12:02,909.86,895.43,8.83
T-100301,TXN5419977,CS-DXB,Resolved,2025-03-13 09:10:00,14 Mar 2025 04:07,111.54,tbc,2.40
T-100223,TXN7851802,FUL-RUH,Resolved,10/03/2025 12:07,2025-03-10 22:47:53,AED 368.00,376.08,14.30
T-100161,TXN3461138,PAY-OPS,Resolved,07/03/2025 15:48:00, 08 Mar 2025 02:15 ,337.00,343.40,3.84
T-102117,TXN4005360,FUL-DXB,Resolved,27-05-2025 18:29,30 May 2025 02:23,AED 332.86,330.33,7.57
T-100991,TXN2395271,FUL-DXB,Resolved,2025-04-10 10:35:00,11 Apr 2025 14:54,201.19,200.81,5.24
T-101921,TXN5697254,FUL-DXB,Resolved,19-05-2025 17:12,20/05/2025 11:56,562.78,578.43,23.60
T-100966,TXN3577312,FUL-RUH,Resolved,09 Apr 2025 13:36,10/04/2025 18:57:16,312.95,320.71,9.72
T-101374,TXN7691899,CS-DXB,Resolved,28 Apr 2025 15:31,29 Apr 2025 00:12,AED 713.10,708.42,13.54
T-101836,TXN2826826,PAY-OPS,Resolved,15-05-2025 14:59,17/05/2025 05:07,369.35,375.67,5.12
T-101647,TXN5751963,FIN-OPS, Resolved ,08 May 2025 18:15,09/05/2025 17:17,465.62,485.87,6.35
T-101288,TXN1857645,FUL-RUH,Resolved, 2025-04-23 11:55:00 ,25 Apr 2025 20:24,419.86,468.72,7.87
T-101207,TXN9698655,CS-DXB, Resolved ,2025-04-21 08:12:00,21/04/2025 17:57,AED 363.34,357.28,4.95
T-101581,TXN2116796,FUL-DXB,Resolved,05-05-2025 10:00,06/05/2025 18:23:19,AED 900.19,916.16,28.95
T-100041,TXN1380797,FUL-RUH,Resolved,03-03-2025 16:17,2025-03-05 19:01:36,AED 481.96,489.03,11.40
T-100411,TXN7883103,FUL-DXB,Resolved,18/03/2025 11:16,19 Mar 2025 09:38,427.73,435.11,17.18
T-101841,TXN9858280,PAY-OPS,Resolved,2025-05-15 16:48:00,16/05/2025 10:33:34,569.73,577.67,6.68
T-100289,TXN9535136,FUL-RUH,Resolved,12/03/2025 11:53:00,2025-03-14 19:22:59,216.27,212.97,8.59
T-101980,TXN1197233,CS-DXB,Resolved,21/05/2025 15:16:00,22 May 2025 01:29,76.74,79.76,1.70
T-101334,TXN6130517,FIN-OPS,Resolved,25-04-2025 13:31, 26/04/2025 08:38:41 , 439.78 ,431.91,6.96
T-100441,TXN9059477,CS-AUH,Resolved,2025-03-19 11:35:00,19 Mar 2025 19:35,AED 177.34,173.98,3.71
T-100059,TXN7287989,CS-DXB, Resolved ,04-03-2025 16:10,2025-03-05 07:27:28,218.66,212.31,3.50
T-101651,TXN4246285,CS-DXB, Resolved ,08/05/2025 15:11,09-05-2025 04:16,370.06,376.04,9.84
T-100284,TXN5528654,FUL-DXB, Resolved ,2025-03-12 13:31:00,13/03/2025 23:05,1329.71,1356.42,44.31
T-101048,TXN6679461,CS-DXB,Resolved,14 Apr 2025 17:01,2025-04-15 12:57:53,361.24, 360.13 ,6.99
T-100700,TXN2100355,PAY-OPS,Resolved,01/04/2025 16:01:00,02/04/2025 10:02:05,AED 485.50,484.54,8.26
T-101638,TXN3603560,FUL-DXB, Resolved ,07/05/2025 16:13:00,09/05/2025 02:25:58, 594.04 ,590.14,20.87
T-100512,TXN1891338,CS-AUH,Resolved,31/02/2025 10:00,21 Mar 2025 22:29,120.42,118.91,1.29
T-101116,TXN5857517,PAY-OPS,Resolved,2025-04-16 18:30:00,17/04/2025 11:31,417.47,419.93,7.25
T-101692,TXN9025023,CS-DXB,Resolved, 2025-05-09 09:43:00 ,10 May 2025 19:17, 711.77 , 728.87 ,9.41
T-100181,TXN5294710,FUL-DXB,Resolved,07/03/2025 15:52:00,08/03/2025 22:52:40,345.64,351.52,8.46
T-100147,TXN7010802,FUL-DXB,Resolved,2025-03-06 11:57:00,06/03/2025 23:36:49,252.33,250.46,4.96
T-102201,TXN8161345,PAY-OPS,Open,30 May 2025 13:31,, AED 512.02 ,522.61,8.04
T-101913,TXN6332024,FUL-DXB,Resolved,2025-05-19 12:56:00,20-05-2025 19:13, 145.46 ,146.49,4.32
T-100958,TXN7564760,FUL-DXB,Resolved,2025-04-09 09:06:00,10/04/2025 06:50:34,384.86,377.54,14.83
T-101405,TXN4739044,PAY-OPS,Resolved,29 Apr 2025 15:47,2025-04-30 15:15:14,552.57,563.47,6.18
T-101999,TXN9900432,FUL-RUH,Resolved,21-05-2025 09:55,2025-05-22 08:16:05,AED 177.53,173.65,5.48
T-101156,TXN8178819,CS-AUH,Resolved,2025-04-17 11:34:00,17-04-2025 09:34,204.12,210.87,2.43
T-100686,TXN3408294,FUL-DXB,Resolved,31-03-2025 09:39,31/03/2025 19:22:25,588.24,572.44,12.41
T-101665,TXN8027835,FUL-DXB,Resolved,2025-05-08 14:34:00,11 May 2025 04:28,"AED 1,601.24",1563.91,38.10
T-101401,TXN3232444,FIN-OPS,Resolved,29 Apr 2025 08:46,30 Apr 2025 10:41,244.93,243.61,3.62
T-101298,TXN5876033,CS-DXB,Resolved,24/04/2025 08:39,26 Apr 2025 05:42,2137.62,"2,057.56",48.39
T-101497,TXN4708920,CS-AUH,Resolved,01/05/2025 08:45:00,2025-05-02 02:35:08,142.92,143.75,1.95
T-100857,TXN4822910,FUL-RUH,Resolved,2025-04-05 18:41:00,2025-04-07 21:15:37,225.27,232.64,5.87
T-100414,TXN8956330,FUL-DXB,Resolved,18/03/2025 07:53,2025-03-20 22:01:32,AED 374.54,376.34,13.79
T-101635,TXN5063726,FUL-DXB,Resolved,07-05-2025 09:44,09/05/2025 08:42,747.12,757.23, 18.63 
T-101703,TXN3509784,CS-DXB,Resolved,09/05/2025 08:27:00,10-05-2025 13:03,1715.55,"1,617.48",25.69
T-101458,TXN4863793,CS-AUH,Resolved,2025-04-30 11:39:00, 02/05/2025 04:10 ,225.78,223.08,2.38
T-101148,TXN4596225,CS-DXB,Resolved,17 Apr 2025 16:42,17-04-2025 22:52,AED 385.84, 328.35 ,9.15
T-100228,TXN9138391,PAY-OPS,Resolved,2025-03-11 11:33:00,12/03/2025 06:21,249.00,245.80,2.82
T-101716,TXN5701917,FUL-DXB,Resolved,2025-05-09 12:02:00,10/05/2025 22:30:18,1629.21,"1,623.52",66.57
T-100264,TXN7771873,PAY-OPS,Resolved,12/03/2025 07:21,12 Mar 2025 16:57,220.76,214.23,2.71
T-100805,TXN2108512,CS-DXB,Pending,04/04/2025 10:19:00,,61.86,60.83,0.96
T-101908,TXN7754240,CS-AUH,Resolved,19 May 2025 08:19,20-05-2025 01:13,971.33,938.67,12.58
T-101547,TXN1356034,FUL-RUH,Resolved,02-05-2025 14:30,06 May 2025 06:13,333.87,348.53,13.95
T-100204,TXN4620546,CS-DXB,Resolved,10 Mar 2025 13:14,2025-03-11 06:29:10, 227.13 ,223.33,3.64
T-100415,TXN4206566,FUL-DXB,Resolved,2025-03-18 12:46:00,2025-03-20 23:31:05,1147.96,1139.61,50.10
T-100916,TXN4381032,CS-AUH,Resolved,2025-04-08 12:03:00,08/04/2025 17:11:24, 560.78 ,569.85,7.73
T-100587,TXN3299005,PAY-OPS,Resolved,2025-03-26 13:41:00, 27 Mar 2025 05:42 ,667.38,501.93,12.66
T-101953,TXN8866007,FUL-DXB,Resolved,20 May 2025 07:38,2025-05-21 06:47:19,AED 185.50,182.81,5.28
T-100037,TXN4529331,FUL-DXB,Resolved,03 Mar 2025 15:46,05-03-2025 05:17,193.50,204.06,5.62
T-101058,TXN3713796,CS-DXB,Resolved,14/04/2025 09:19:00,15/04/2025 07:56:31, AED 163.86 ,167.30,2.90
T-100071,TXN6191825,FUL-DXB,Resolved,2025-03-04 13:20:00,2025-03-06 10:21:01,1278.99,"1,305.41",31.29
T-102192,TXN5916631,FUL-RUH,Open,29-05-2025 11:38,,309.54,378.84,9.77
T-100129,TXN9476053,PAY-OPS,Resolved,2025-03-06 07:25:00,07 Mar 2025 10:56,401.17,398.27,8.66
T-100694,TXN3318443,FUL-RUH,Resolved,2025-03-31 16:05:00,04 Apr 2025 08:42,256.46,253.00,6.10
T-100592,TXN5766849,CS-DXB,Resolved,26-03-2025 15:13,2025-03-27 17:05:16,1429.53,1427.44,28.61
T-100489,TXN7751967, FUL-DXB ,Resolved,31/02/2025 10:00,22/03/2025 02:51, AED 146.09 ,151.05, 3.47 
T-100720,TXN8740136, FUL-DXB , Resolved ,01 Apr 2025 11:07,01 Apr 2025 23:44,803.74,786.17,16.69
T-101705,TXN1454102,CS-AUH,Resolved,09-05-2025 09:21,2025-05-10 11:38:50,154.99,154.81,2.35
T-101674,TXN4283432,FIN-OPS,Resolved,09-05-2025 17:06,11 May 2025 01:01,344.92,345.23, 3.01 
T-102186, TXN5683754 ,FUL-DXB,Open,29/05/2025 14:59:00,,1076.21,"1,081.81",40.36
T-101385,TXN4374906,CS-AUH,Resolved,28 Apr 2025 09:03,29/04/2025 04:15,AED 805.12,813.76,12.46
 T-101831 ,TXN6781098,FIN-OPS, In Progress ,15/05/2025 07:02,,635.37,650.50,7.55
T-101103,TXN1596096,FUL-DXB,Resolved,15/04/2025 18:54,17/04/2025 08:28,AED 126.55,130.24,3.83
 T-100372 ,TXN6204265,CS-DXB,Resolved,17/03/2025 15:23:00,2025-03-17 13:23:00,409.72,405.26,10.23
T-101734,TXN4026110,PAY-OPS,Resolved,12/05/2025 15:25:00,15/05/2025 01:55,113.85,110.66,1.94
T-100410,TXN3822503,FUL-DXB,Resolved,18 Mar 2025 12:20,19/03/2025 10:59,371.96,368.01,8.04
T-102052,TXN5622526,CS-DXB,Resolved,23-05-2025 08:28,23/05/2025 18:51,886.82,906.95,21.12
T-100904,TXN8096667,PAY-OPS,Resolved,08/04/2025 09:56,2025-04-09 04:27:09,129.41, 128.71 ,2.72
T-100039,TXN2054714,FUL-RUH,Resolved,03/03/2025 12:15,05/03/2025 14:33:23,235.87,231.91,4.31
T-102089,TXN4180032,FUL-DXB,Resolved,26-05-2025 14:12,2025-05-27 04:47:14,238.85,248.74,5.89
T-100825,TXN5950919,FIN-OPS,Resolved,05 Apr 2025 08:39,2025-04-05 19:54:38, 784.80 ,772.22,13.56
T-101238, null ,PAY-OPS,Open,22 Apr 2025 08:54,,"AED 1,170.77",1201.03,13.61
T-101942, TXN4485601 ,FUL-DXB, Resolved ,2025-05-20 09:25:00,21-05-2025 08:44,816.25,817.47,23.30
T-101876,TXN3997813,FUL-DXB,Open,16/05/2025 17:21:00,,AED 200.77,201.10,8.08
T-101204,TXN7632703,PAY-OPS,Resolved,21/04/2025 15:42:00,2025-04-22 21:40:39,AED 282.48,276.25,6.23
T-101579,TXN2872862,FUL-DXB,Resolved, 2025-05-05 14:48:00 , 07 May 2025 00:46 ,AED 603.02,604.09,22.22
T-100876,TXN1552572,CS-DXB,Resolved,07/04/2025 16:10,2025-04-08 17:50:31,283.99,272.12,7.84
 T-101260 ,TXN6696097,FUL-DXB,Resolved,2025-04-22 07:27:00,22/04/2025 12:42,741.26,765.44,19.31
T-101625, TXN5788530 ,PAY-OPS,Resolved,2025-05-07 10:54:00,11/05/2025 04:11,367.95,370.01,5.60
T-101963,TXN3707441,FIN-OPS,Resolved, 21/05/2025 11:35 , 23 May 2025 19:26 ,AED 101.86,102.24,1.79
T-100709,TXN3931383,CS-DXB,Resolved,01/04/2025 11:46,01/04/2025 23:45,"AED 1,745.44","1,670.61",41.11
T-100894,TXN8669624,FUL-DXB,Resolved,07-04-2025 11:01,08-04-2025 12:59,268.83,268.81,11.15
T-101064,TXN6671203,FUL-DXB, Resolved ,14 Apr 2025 11:25,15/04/2025 04:00:34,AED 152.22,153.40,3.56
T-101071,TXN7306466,FUL-DXB,Resolved,14/04/2025 12:21,15-04-2025 08:03,917.45,930.72,37.22
T-100998,TXN5930255,FUL-DXB,Resolved,10/04/2025 14:44,2025-04-10 22:59:07,AED 291.66, 292.26 ,5.71
T-100829,TXN5975074, PAY-OPS ,Resolved,05/04/2025 12:47,07/04/2025 06:07,AED 859.95,855.08,12.61
T-100939,TXN2596041,FIN-OPS,Resolved,09 Apr 2025 14:28,2025-04-09 20:28:19,AED 178.85,179.96,2.13
T-100893,TXN4945190,FUL-DXB,Resolved,07-04-2025 18:41,2025-04-08 22:04:28,AED 446.49,459.64,16.31
T-100647,TXN1863931,CS-DXB,Resolved,2025-03-28 16:40:00,29-03-2025 01:10,192.97,137.18,3.29
T-101715,TXN2397450,FUL-DXB,Resolved,09-05-2025 13:59,09/05/2025 11:59,AED 153.36,153.78,3.77
T-100680,TXN9262971,FUL-DXB,Resolved,31 Mar 2025 18:39,2025-04-02 04:49:29,576.26,553.84,14.51
T-101252,TXN2254122,CS-AUH,Resolved,22/04/2025 07:59:00,23-04-2025 00:55,AED 714.54,705.92,9.91
T-101336,TXN7798468,FIN-OPS,Resolved,25/04/2025 09:32:00,2025-04-26 07:43:29,494.51,488.95,8.94
 T-101558 ,TXN9604589,PAY-OPS,Resolved,2025-05-05 07:59:00,06-05-2025 01:38,AED 191.54,188.98,3.36
T-100578,TXN1344962,FUL-DXB,Resolved,25 Mar 2025 12:28, 26 Mar 2025 13:33 ,412.37,431.22,15.10
T-100830,TXN5812788,PAY-OPS,Resolved,05-04-2025 09:50,2025-04-05 23:49:04,AED 512.41,523.14, 7.97 
T-100558,TXN3230904,PAY-OPS,Resolved,25/03/2025 09:50,26/03/2025 03:27:35, 90.86 ,93.21,1.68
T-101549,TXN1352460,FIN-OPS,Resolved,05-05-2025 09:04,2025-05-05 23:35:58,157.20,157.66,2.12
T-102194,TXN2189619,FIN-OPS,Open,30/05/2025 08:53,,178.57,182.50,2.27
T-100516,TXN9401249, FUL-DXB ,Resolved,2025-03-21 12:30:00,22 Mar 2025 05:30,163.00,169.79,6.08
T-101377,TXN4926410,CS-DXB,Resolved,28/04/2025 12:56:00,29-04-2025 00:03,419.53,427.20,6.69
T-101979, TXN8958914 ,CS-DXB,Resolved,21/05/2025 17:26:00,22 May 2025 05:34,226.03,172.02,4.97
T-100412,TXN6201726,FUL-DXB,Resolved,18/03/2025 07:24:00, 20 Mar 2025 11:15 ,327.50,330.78,7.90
T-100897,TXN1662463,FIN-OPS,Resolved,08/04/2025 15:14,09-04-2025 04:20,"AED 3,959.55","4,116.35",63.24
T-101870,TXN4026326,CS-DXB,Resolved,16/05/2025 16:21,17/05/2025 11:25, 251.62 ,249.24,3.09
T-101894,TXN5904091,FIN-OPS,Resolved,2025-05-19 16:41:00,20/05/2025 06:28:48,411.35,412.92,7.35
T-101432,TXN2432895,FUL-DXB,Resolved,2025-04-29 15:09:00,30 Apr 2025 13:48,775.72,771.35,32.33
T-100793,TXN5672857,FIN-OPS,Resolved, 04/04/2025 15:43 ,05 Apr 2025 22:26,242.57,247.21,2.87
T-102224,TXN2720579,FUL-RUH,Open,30-05-2025 10:36,,660.10,643.37,12.93
T-101501,TXN3656388,FUL-DXB,Resolved,01-05-2025 07:08,01-05-2025 19:17,AED 523.37,510.43,22.61
T-101805,TXN8412890,PAY-OPS,Resolved,2025-05-14 14:37:00,16/05/2025 06:38:56,AED 362.94,373.78,4.18
T-102167,TXN3285256,FIN-OPS,Open,31/02/2025 10:00,,103.18,101.94,1.07
T-102044,TXN6693626,PAY-OPS,Resolved,23 May 2025 11:15,24/05/2025 02:22,769.80,776.09, 8.92 
T-101364,TXN8731502,FIN-OPS,Resolved,28/04/2025 13:17:00,29-04-2025 12:55,432.55,440.84,7.61
T-101640,TXN7439804,FUL-DXB,Resolved,07/05/2025 12:15,08/05/2025 15:15:45,309.11,316.47,8.10
T-100291,TXN8799309,FIN-OPS,Resolved,13 Mar 2025 11:08,14/03/2025 11:58:54,300.96,305.87,5.08
T-100038,TXN6638557,FUL-DXB,Resolved,03/03/2025 08:29:00,03/03/2025 22:47,AED 680.19,684.68,26.78
T-100475, TXN1461966 ,CS-DXB,Resolved,20-03-2025 07:20,20 Mar 2025 05:20,407.09,421.26,6.20
T-101035,N/A,FUL-RUH,Resolved,11-04-2025 11:16,12-04-2025 06:18,471.18,468.95,14.49
T-101137,TXN9006963,FUL-RUH,Resolved,16 Apr 2025 07:49,17/04/2025 06:30,537.44,521.40,15.72
T-100821,TXN3851384,FUL-RUH,Resolved,2025-04-04 17:46:00,08-04-2025 03:09,953.58,960.93,18.43
T-101354,N/A,FUL-DXB,Resolved,25/04/2025 18:41:00,26/04/2025 07:29,1883.31,"1,907.22",55.18
T-100388,TXN3311884,FUL-DXB,Resolved,31/02/2025 10:00,18/03/2025 12:44,AED 406.27,404.64,9.51
T-100655,TXN3291827,CS-AUH,Resolved,2025-03-28 17:27:00,29-03-2025 04:32,165.69,181.30,2.86
T-100710,TXN8934374,CS-DXB,Resolved,01/04/2025 13:15:00,02/04/2025 10:14:42,418.77, 406.01 ,7.25
T-101653,TXN3968884,CS-DXB,Resolved,08/05/2025 15:14:00,09-05-2025 07:31,AED 521.13,525.19,11.60
T-100122,TXN9061459, PAY-OPS ,Resolved,06/03/2025 08:55,07/03/2025 07:24,399.16,313.19,6.81
T-102057,TXN9217061,CS-DXB,Resolved,23/05/2025 15:14,2025-05-24 01:03:18,35.21,34.40,0.79
T-100145,TXN8975753,FUL-DXB,Resolved,06/03/2025 16:56:00,07/03/2025 15:43:41,256.96,258.47,8.78
T-100216,TXN6965677,FUL-DXB,Resolved,10/03/2025 09:07, 2025-03-10 19:08:07 ,296.09,255.69,10.58
T-100935,TXN6744259,FIN-OPS,Resolved,09/04/2025 14:52,10/04/2025 05:16,464.30,457.64,6.98
T-101268,TXN5723150,PAY-OPS, Resolved , 23 Apr 2025 12:51 ,28 Apr 2025 02:45,737.24,739.58,10.41
T-100383,TXN5973946,FUL-DXB,Resolved,17 Mar 2025 15:32,19/03/2025 00:28:34,AED 762.57,743.47,28.18
 T-101200 ,TXN1097974,PAY-OPS,Resolved,21/04/2025 17:04,22/04/2025 19:34,AED 856.50, 856.60 ,13.07
T-101661,TXN4810078,CS-AUH,Resolved, 08/05/2025 18:54 ,10/05/2025 06:08,305.27,295.13,3.46
T-101756,TXN2510988,FUL-DXB,Resolved,12/05/2025 08:24,13/05/2025 02:33,AED 645.39,646.40,16.27
T-100574,TXN8150444,FUL-DXB,Resolved,25-03-2025 09:43,27/03/2025 00:48:03,619.97,604.86,18.67
T-100954,TXN5806150,CS-AUH,Resolved,09-04-2025 12:23,2025-04-10 09:45:41,AED 936.50,924.55,18.19
T-100371,TXN9271519,CS-DXB,Resolved,17 Mar 2025 12:43,17/03/2025 22:49,363.63,356.00,5.40
T-101860,TXN3929864,FIN-OPS,Resolved,16 May 2025 18:32,17 May 2025 05:24,95.68,81.70,1.73
T-100127,TXN1818824, PAY-OPS ,Resolved,06-03-2025 11:01,07/03/2025 02:47,364.45,355.01,5.52
T-102145,TXN2771093,CS-AUH,Open,28/05/2025 17:41:00,,1252.51,1242.15,14.70
T-100401,TXN1009007,CS-DXB,Resolved, 2025-03-18 13:54:00 ,19/03/2025 16:07:51,583.56,567.65,10.54
T-100476,TXN9353307,CS-DXB,Resolved,20/03/2025 11:27,21/03/2025 07:02:44,"AED 1,230.29",1239.47,22.12
T-100298,TXN4226782,CS-DXB,Resolved, 13 Mar 2025 11:33 ,13 Mar 2025 16:19,1332.72,1340.97,34.07
T-102074,TXN3196531,CS-DXB,Resolved,26-05-2025 15:16,2025-05-27 03:39:25,716.12,699.66,9.67
T-102140,TXN5150954,CS-DXB,Open,28/05/2025 18:57:00,,197.07,193.77,4.81
T-102207,TXN6524439,CS-DXB,Open,30/05/2025 17:54,,AED 230.62,290.02,4.59
T-101780,TXN3022926,CS-DXB,Resolved,13/05/2025 10:11:00,13/05/2025 16:14:43,654.53,645.81,16.25
T-100005,TXN7783870,FIN-OPS,Resolved,03/03/2025 14:32:00,04/03/2025 00:20,685.67,673.65,11.86
T-101375,TXN3438121,CS-DXB,Resolved,28/04/2025 11:11:00,29 Apr 2025 06:49,593.74,600.81,9.16
T-100985,TXN3320091,FUL-DXB, Resolved ,10/04/2025 09:42:00,11/04/2025 15:12,522.00,521.29,10.81
T-101036,TXN9158528,FUL-RUH,Resolved,11 Apr 2025 16:00,2025-04-13 17:20:42,172.20,169.70,3.34
T-100917,TXN8121764,FUL-DXB,Resolved,08/04/2025 08:16,09 Apr 2025 03:15,289.53,295.09,6.64
T-100444,TXN2682965,FUL-DXB,Resolved,19-03-2025 12:43,20 Mar 2025 01:34,245.95, 244.05 ,5.87
T-100102,TXN4406448,CS-AUH,Resolved,05 Mar 2025 18:13,07-03-2025 00:09,238.95,242.94,4.93
T-101194,TXN3019555,FUL-RUH,Resolved,18/04/2025 16:35,2025-04-19 11:22:36,1541.79,1639.31,35.00
T-102132,TXN7188666,PAY-OPS, Open ,28-05-2025 08:20,,450.16,453.74,5.03
,TXN6716937,FUL-DXB,Resolved,2025-04-28 10:07:00,30/04/2025 11:07,713.97,718.03,28.85
T-100286, TXN8240909 , FUL-RUH ,Resolved,12/03/2025 14:09:00,13 Mar 2025 18:28,AED 866.69,885.44, 22.65 
,TXN9829429,FUL-RUH,Resolved,18/04/2025 13:17,2025-04-20 10:23:38,AED 79.90,78.08,1.73
T-100465,TXN6110800,FUL-RUH,Resolved,19-03-2025 12:40,23/03/2025 08:01,AED 352.66,367.86,11.86
T-100563,TXN1682872,CS-DXB,Resolved,25/03/2025 13:42,2025-03-26 07:29:44,AED 202.39,201.01,5.66
,TXN1455412,FUL-DXB,Resolved,2025-03-26 08:47:00,27/03/2025 09:04,AED 735.48,718.74,29.44
T-101698,TXN9829520,CS-DXB,Resolved,09/05/2025 16:22:00,2025-05-10 10:49:19,AED 113.96,114.17,2.45
T-102171,TXN3119315,PAY-OPS,Open,29 May 2025 08:40,,264.65,259.35,4.95
T-100598,TXN3433082,FUL-DXB,Resolved,26 Mar 2025 08:59,28-03-2025 05:00,625.54,619.71,27.41
T-101857,TXN3316429,FUL-RUH,Resolved,15/05/2025 09:55:00,17-05-2025 00:44,AED 588.53,602.11,11.10
T-101709,TXN1973506,FUL-DXB,Resolved,09 May 2025 09:38,11/05/2025 02:10:19,252.71,260.01,5.49
T-101362,TXN4367412,FIN-OPS,Resolved,2025-04-28 15:58:00,2025-04-29 22:40:22,AED 431.63,447.70,5.30
T-100505,TXN4336313,CS-DXB,Resolved,21-03-2025 10:18,2025-03-21 18:08:56,883.71,939.49,22.73
T-100087,TXN4035483,PAY-OPS,In Progress,2025-03-05 08:16:00,,1176.83,"1,199.53",16.63
T-100882,TXN8256784,CS-AUH,Resolved,2025-04-07 08:10:00,08 Apr 2025 06:03,AED 106.95,107.73,1.81
T-100222,TXN2658120,FUL-RUH,Resolved,10/03/2025 15:17,12-03-2025 13:25, 1275.37 ,1257.80,38.39
T-100198,,PAY-OPS,Resolved, 2025-03-10 16:19:00 ,11 Mar 2025 20:31,332.98,286.31,6.72
T-101176,TXN8347517,CS-DXB,Resolved,18/04/2025 14:49,19 Apr 2025 09:50,1809.70,"1,841.47",31.56
T-101675,TXN4447209,FIN-OPS,Resolved,09-05-2025 14:47,10/05/2025 23:24:07,302.41,297.15,4.49
T-101600,TXN1160569,PAY-OPS,Resolved, 06 May 2025 13:47 ,07 May 2025 18:59,419.64,421.39,8.39
T-101313,TXN3960601,FUL-DXB,Resolved,24-04-2025 11:03,2025-04-24 23:15:40,620.86,611.41,27.41
T-100285,,FUL-DXB,Resolved,12/03/2025 15:01:00,13/03/2025 06:09:53,334.81,322.51,6.75
T-100116,TXN5764248,FUL-DXB,Resolved,05/03/2025 17:31:00, 06-03-2025 17:22 ,281.03,284.77,9.23
T-101949,TXN4841882,FUL-DXB,Resolved,20 May 2025 15:42,21 May 2025 22:00,1848.22,"1,758.51",55.84
T-101283,TXN1006543,FUL-DXB,Resolved,23/04/2025 08:54:00,24-04-2025 13:46,421.12,414.25,15.14
T-101956,TXN8637197,FUL-RUH,Resolved,20 May 2025 09:38,23/05/2025 11:37:16, 915.45 ,930.55,31.06
T-101533,TXN7252538,FUL-DXB,Open,31/02/2025 10:00,,566.10,571.53,13.84
T-100266,TXN6150123,CS-DXB,Resolved,12-03-2025 14:43,13 Mar 2025 07:41,268.61,266.66,5.15
T-101301,TXN1111823,CS-DXB,Resolved,24-04-2025 08:28,24/04/2025 19:50:26,AED 226.21,231.02,5.98
T-100194,TXN6981416,PAY-OPS, Resolved ,10/03/2025 10:27,2025-03-11 05:13:26,"AED 1,037.04",1084.07,17.19
T-101211,TXN7017164, CS-DXB ,Resolved,21-04-2025 15:45,22/04/2025 10:35,655.33,675.35,10.67
T-101768,TXN8402816,FIN-OPS,Resolved,13/05/2025 07:32:00,13 May 2025 13:44,909.64,904.37,15.30
T-101917,TXN4687084, FUL-DXB ,Resolved,19-05-2025 07:25,21 May 2025 22:03,276.83,280.59,11.07
T-100889,TXN5203425,FUL-DXB,Resolved,07-04-2025 15:57,08 Apr 2025 12:52,AED 593.15,627.63,15.36
 T-102046 ,TXN1621202,PAY-OPS,Resolved,23-05-2025 09:06,23-05-2025 22:02,792.78,803.27,8.81
T-102116,TXN4919797,FUL-DXB,Resolved,2025-05-27 17:03:00,28/05/2025 01:16, 649.89 ,633.89,13.46
T-100227,TXN8895770,PAY-OPS,Resolved,11/03/2025 15:50,12/03/2025 11:11:00,409.66,495.44,7.68
T-100607,TXN8197664,FIN-OPS,Resolved,27 Mar 2025 18:58,28/03/2025 04:18:01,"AED 1,475.99","1,532.66",20.00
T-100123,TXN7836521,PAY-OPS,Resolved,06-03-2025 14:10,07 Mar 2025 05:29,1278.04,1274.91,20.57
T-101175,TXN1025333,CS-DXB,Resolved,18 Apr 2025 11:26,19/04/2025 10:51,AED 256.29,253.34,6.95
T-100382,TXN3113223,FUL-DXB,In Progress, 31/02/2025 10:00 ,,853.15,860.87,21.13
 T-101214 ,TXN8132111,FUL-DXB,Resolved,21/04/2025 18:33:00,22/04/2025 14:09:29,737.77,732.39,20.31
T-101970,TXN7845841,CS-DXB,Resolved,2025-05-21 10:04:00,21 May 2025 21:55,234.67,301.33,4.34
T-101883,TXN4706564,FUL-DXB,Resolved,16/05/2025 10:31:00,17-05-2025 14:43, AED 361.50 ,341.80,11.40
T-101822,TXN1909427,FUL-DXB,Resolved,14-05-2025 17:29,2025-05-15 21:52:51,310.56,313.68,6.15
T-100106,TXN2059168, CS-AUH ,Resolved,2025-03-05 10:58:00,05/03/2025 22:29:07,195.35,200.74,3.58
T-101353,TXN8568119,FUL-DXB,Resolved,25/04/2025 12:03,27/04/2025 00:49:19,575.52,584.84,11.82
T-100182,TXN1429924,FUL-DXB,Resolved,07/03/2025 10:33:00,08/03/2025 12:38:15,AED 522.78,511.10,21.37
T-100914,TXN9307454,CS-AUH,Resolved,08/04/2025 16:10:00,08-04-2025 22:17,671.84,657.00,6.20
 T-102038 ,TXN6282703,FIN-OPS,Resolved, 23/05/2025 09:10 ,24/05/2025 12:32,AED 160.01,159.03,2.03
T-100259,TXN2515591,FIN-OPS,Resolved, 12 Mar 2025 07:36 ,2025-03-13 02:00:39,598.29,580.95,5.60
T-101456,TXN8066832,CS-DXB,Resolved,30 Apr 2025 14:21,01 May 2025 21:04,291.11,301.27,5.77
T-101223,TXN6696254,FUL-DXB,Resolved,21-04-2025 08:29,22-04-2025 12:54,AED 709.94,713.73,24.65
T-101329,TXN1577760,FIN-OPS,Resolved,25/04/2025 10:32,26/04/2025 05:25:08,596.93,592.71,9.09
T-100643,TXN8789494,PAY-OPS,Resolved,28-03-2025 17:21,29/03/2025 21:19:52,264.62, 279.03 ,5.84
T-101957,TXN3675494,FUL-RUH,Resolved,20/05/2025 07:18,21-05-2025 22:06,AED 543.93,560.52,18.88
T-101395,TXN9655170,FUL-RUH,Resolved,28-04-2025 18:55,29 Apr 2025 20:54,AED 111.54,109.00,2.15
 T-101991 ,TXN4272957,FUL-DXB, Resolved ,21-05-2025 08:05,2025-05-21 21:40:18,1974.21,"1,960.86",41.32
T-101282,TXN4352995,FUL-DXB,Resolved,23/04/2025 08:03:00,23/04/2025 23:38,82.74,84.45,2.86
T-101419,TXN4180887,CS-DXB,Resolved,29/04/2025 08:01,29-04-2025 21:57,377.87,377.02,8.57
 T-102178 ,TXN6887029,CS-DXB,Open,29/05/2025 09:28:00,,81.08,81.13,1.14
T-101111,TXN5436645,FIN-OPS,Resolved,16/04/2025 16:37,17-04-2025 07:01,AED 122.73,122.37,2.38
T-101389,TXN1186295,FUL-DXB,Resolved,28/04/2025 11:51,29/04/2025 03:38:21,AED 315.18,226.48,7.78
T-100272,TXN4043340,CS-AUH,Resolved,12-03-2025 09:13,2025-03-13 01:59:18,118.45,120.06,1.32
T-100100,TXN9856231,CS-AUH,Resolved,05/03/2025 08:52,05 Mar 2025 15:57, 46.47 ,45.26,0.55
T-100745,TXN7027358,CS-AUH,Resolved,02/04/2025 11:05,04/04/2025 15:20:33,942.63,935.75,17.26
T-101482,TXN8676839,PAY-OPS,Resolved,01/05/2025 10:08,04-05-2025 10:35,519.50,517.81,11.02
T-100545,TXN3270735,FUL-DXB,Resolved,24/03/2025 15:46,27/03/2025 16:39,AED 233.39,237.12,10.05
T-101696,TXN7173693, CS-DXB ,Resolved,09/05/2025 08:45,10-05-2025 18:14, 167.74 ,167.88,4.03
T-100304,TXN1115984,CS-DXB,Resolved,13/03/2025 09:41:00,13/03/2025 20:01:04,554.26,573.25,6.68
 T-101583 ,TXN9363840,FUL-DXB,Resolved,05/05/2025 12:26:00,2025-05-06 20:15:15,74.37,92.02,2.52
T-101794,TXN5135449,FUL-DXB,Resolved, 13-05-2025 11:56 ,14/05/2025 20:45,AED 799.89, 779.80 ,20.71
T-101945,TXN4644361,FUL-DXB,Resolved,20/05/2025 18:11:00,22 May 2025 06:42,AED 227.59,236.46,7.63
T-100248, TXN9624218 ,FUL-DXB,Resolved,11 Mar 2025 13:58,2025-03-13 04:34:56,860.12,857.64,32.13
T-101611,TXN8772693,FUL-DXB,Resolved,06/05/2025 09:47,07/05/2025 13:14:13,AED 329.15,343.02,12.15
T-101569,TXN8009739,CS-DXB,In Progress,05 May 2025 07:12,,AED 579.58,593.07,12.34
T-100154,TXN4799162,FIN-OPS,Resolved,2025-03-07 07:22:00,09-03-2025 12:03,389.71, 386.83 ,5.34
T-101197,TXN9104381,FIN-OPS,Resolved,2025-04-21 11:05:00,22/04/2025 02:51,AED 333.32,333.63,5.51
T-101554,TXN9927879,PAY-OPS,Resolved,05/05/2025 10:52, 06/05/2025 14:56:56 ,AED 424.06,436.22,6.57
T-101095,TXN7667241,FUL-DXB,Resolved,15 Apr 2025 07:40,2025-04-16 06:18:19,1617.61,"1,580.14",41.31
T-102034,TXN6281605,FUL-RUH,Resolved,22/05/2025 14:12,2025-05-23 18:50:15,AED 975.33,"1,005.11",37.54
T-101272,TXN7713572,CS-DXB,Resolved,23/04/2025 11:11:00,23/04/2025 23:32:21,756.91,758.14,12.85
T-100340,TXN9521152,CS-AUH,Resolved,14-03-2025 13:08,2025-03-15 09:11:24, 232.00 ,226.03,4.10
T-101786,TXN7542309,CS-AUH,Resolved,13/05/2025 17:14,14-05-2025 16:37,433.39,439.84,6.59
T-100792,TXN2342522,FIN-OPS,Resolved,2025-04-04 18:09:00,05/04/2025 13:30,252.22,255.44,3.69
T-101575,TXN6503575,FUL-DXB,Resolved,2025-05-05 13:15:00,06 May 2025 05:46,216.25,218.17,9.45
T-101843,TXN4934230,CS-DXB,Resolved,15/05/2025 13:55:00,16/05/2025 00:41,2214.38,2249.42,36.13
T-101907,TXN3150530,CS-DXB,Resolved,19/05/2025 10:42,20-05-2025 02:45,277.92,283.69,4.51
T-101029,TXN4289495,FUL-DXB,Resolved,11-04-2025 11:42,13/04/2025 14:16:34,AED 280.77,276.65,8.26
T-101580, TXN8045509 ,FUL-DXB, Resolved ,05/05/2025 11:56,06/05/2025 00:58:15,AED 810.86,798.70,19.69
T-101981,TXN1137867,CS-AUH,Resolved,21/05/2025 11:49,21-05-2025 20:22,332.77,332.03,6.06
T-101562,TXN3435492,CS-DXB,Resolved,2025-05-05 15:15:00,06 May 2025 07:19,217.89,217.20,4.50
T-100421,TXN4852588,FIN-OPS,Resolved, 19/03/2025 13:38 ,20-03-2025 15:12,582.01,573.96,7.72
T-100499,TXN1878766,FIN-OPS,Resolved,2025-03-21 07:40:00,21/03/2025 05:40,AED 501.07,512.05,5.65
T-100417,TXN1103796,FUL-RUH,Resolved,18 Mar 2025 14:54,20/03/2025 23:07,AED 308.47,216.23,10.62
T-101900,TXN1382606,CS-DXB,Resolved,19-05-2025 17:39,20 May 2025 10:54,AED 516.07,517.98,11.17
T-100312,TXN6983230,FUL-DXB,Resolved,13 Mar 2025 14:51,14-03-2025 10:20,196.61,203.16,7.60
T-101489,TXN7390667,CS-DXB,Resolved,01 May 2025 07:39,01-05-2025 18:59,"AED 1,015.10",1000.90,25.62
T-100361,TXN9734262,FIN-OPS,Resolved,2025-03-17 07:52:00, 17-03-2025 19:58 ,AED 270.18,273.91,3.02
T-100508,TXN9050730,CS-DXB,Resolved,21 Mar 2025 14:04,22-03-2025 08:22,330.25,326.97,8.96
T-101571,TXN3810332,CS-AUH,Escalated??,05/05/2025 09:00,06/05/2025 02:11:18,AED 419.80,429.48,7.26
T-101170,TXN5305453,PAY-OPS,Open,2025-04-18 15:58:00,,1132.11,1132.18,23.55
T-101384,TXN4273298,CS-DXB,Resolved,28 Apr 2025 16:00,29/04/2025 05:20:18,329.19,338.81,4.67
T-100703,TXN8858356,PAY-OPS,Resolved,2025-04-01 15:12:00, 2025-04-02 08:59:13 ,215.78,211.42,3.51
,TXN9599418,CS-DXB,Resolved,06-03-2025 12:58,07/03/2025 00:42,299.99,298.85,4.55
T-100422,TXN6415600,FIN-OPS,Resolved, 2025-03-19 18:55:00 ,20-03-2025 04:28,119.28,119.69,1.97
T-100442,TXN7847785, CS-AUH ,Resolved,19-03-2025 10:08,2025-03-20 10:14:02,AED 160.34,157.25,1.81
T-100006, TXN8316463 ,FIN-OPS, Resolved ,03/03/2025 13:16:00,2025-03-05 09:07:03,999.01,1023.71,12.32
T-101232,TXN5574620,FIN-OPS,Resolved,22-04-2025 08:15,23/04/2025 16:53,AED 155.51,150.28,1.35
T-101985,TXN7310446, CS-AUH ,Resolved,21-05-2025 15:37,2025-05-22 11:30:44,197.12,157.96,2.87
T-102091,TXN1262111,FUL-RUH,Resolved,26/05/2025 09:30:00,2025-05-27 20:33:36,1051.85,"1,068.70",26.55
T-101754,TXN8564667,FUL-DXB,Resolved,12 May 2025 14:16,17/05/2025 03:34:39,AED 207.84,210.74,8.62
T-100051,TXN7673383,CS-DXB,In Progress,04/03/2025 16:30,, 147.35 ,154.04,3.64
T-101221,TXN5621349,FUL-DXB,Resolved,21/04/2025 08:52:00,23/04/2025 03:51,285.37, 283.60 ,5.94
T-101209, TXN1790278 ,CS-DXB, Resolved ,21 Apr 2025 18:55,21 Apr 2025 23:48,1068.80,1183.01,21.57
T-100860,TXN9295697,FIN-OPS,Resolved,07/04/2025 12:26:00,08 Apr 2025 15:35,AED 254.69,253.78,3.45
T-100267, TXN4018210 ,CS-DXB,Resolved,12/03/2025 13:42,13-03-2025 01:51,183.94,179.28,4.04
T-100225,TXN3089057, FIN-OPS ,Resolved,11-03-2025 09:05,12/03/2025 02:05,920.46,906.00,16.15
T-100593,TXN2795708,CS-DXB,Resolved,26/03/2025 09:22:00,2025-03-26 23:24:22,211.99, 221.19 ,3.31
T-100579,TXN5648694,FUL-DXB,Resolved,2025-03-25 10:40:00,26/03/2025 12:22,596.80,601.97,16.36
T-101258,TXN5040794,FUL-DXB,Resolved,22 Apr 2025 09:44,23/04/2025 12:04:42,AED 266.04,261.01,7.83
T-101524,TXN9262170,CS-DXB, Resolved ,02 May 2025 09:00,03/05/2025 10:28,469.46, 453.68 ,8.15
T-101731, TXN6368381 ,PAY-OPS,Resolved, 12/05/2025 09:27:00 ,12/05/2025 21:23,290.78,280.15,4.00
T-101966,TXN4970283,PAY-OPS,Resolved,21/05/2025 09:46,2025-05-23 06:15:39,AED 453.01,461.61,8.00
T-100550,TXN3590416,FUL-DXB,Resolved,24 Mar 2025 09:26,25/03/2025 05:49:49,AED 680.29,692.97,27.17
T-102065,TXN6186800,FUL-RUH,Resolved,23/05/2025 13:58:00,24/05/2025 10:39, 430.80 ,440.15,15.15
T-101944,TXN2148066,FUL-DXB, Resolved ,20 May 2025 10:54,22 May 2025 11:00,249.91, 247.66 ,10.44
T-101588,TXN8140763,FUL-RUH,Resolved,05/05/2025 14:48:00,07/05/2025 03:13:26,430.15,437.97,9.25
T-100081,TXN3245659,FUL-RUH,Resolved,04 Mar 2025 14:33,06/03/2025 21:54:38,325.14,323.15,6.25
T-101639, TXN7712988 ,FUL-DXB,Resolved,07-05-2025 07:05,08 May 2025 09:40,157.31,154.64,6.33
T-102067,TXN4970062,FIN-OPS,Resolved,26 May 2025 14:17, 26 May 2025 23:35 ,269.42,265.57,2.76
T-101994,TXN8828275,FUL-DXB,Pending,31/02/2025 10:00,,311.90,302.14,11.66
T-101410,TXN7371781,PAY-OPS,Resolved,29 Apr 2025 07:50,30-04-2025 23:46,679.74,675.12,8.76
T-100217,TXN3368451,FUL-DXB,In Progress,10-03-2025 10:59,,717.71,700.75,27.99
T-100633,,FUL-RUH,Resolved,27/03/2025 08:57,2025-03-30 00:27:26,281.74,291.59,8.10
T-100738,TXN9822739,CS-DXB,Resolved,02/04/2025 14:54:00,03 Apr 2025 08:45,579.23,567.45,7.63
T-101645,TXN1422256,FIN-OPS, Resolved , 2025-05-08 17:55:00 ,09-05-2025 09:55,303.50,368.64,5.27
T-101068,TXN2879395,FUL-DXB,Resolved,14-04-2025 16:53,16 Apr 2025 23:12,805.86,786.45,21.45
T-101076,TXN7115125,FIN-OPS,Resolved,15 Apr 2025 12:05,16/04/2025 00:43:11,AED 318.19,325.70, 4.31 
T-101855,TXN2424690,FUL-RUH,Resolved, 15/05/2025 16:20 ,15-05-2025 14:20,AED 112.18,116.49,3.56
T-100325,TXN5804323, FIN-OPS ,Resolved,14 Mar 2025 08:36,14 Mar 2025 13:09,AED 610.87,601.98,6.12
T-102190,TXN1704163,FUL-DXB,Open,29-05-2025 13:15,,AED 540.30,530.49,15.43
T-101812,TXN4470922,CS-DXB,Resolved,14-05-2025 07:59,14/05/2025 17:16:52,616.36,622.67,10.31
T-101307,TXN5798646,CS-AUH,Resolved,24/04/2025 13:26:00,25/04/2025 03:52:18,891.48,876.23,10.70
T-101691,TXN2309851,CS-DXB,Resolved,09/05/2025 15:39:00,11/05/2025 05:59,2553.47,tbc,39.20
T-100604,TXN9779539,FIN-OPS,Resolved,2025-03-27 09:46:00,28 Mar 2025 01:32,AED 152.59,152.00,1.28
T-102160,TXN3506393,FUL-RUH,Open,28/05/2025 12:52:00,,1143.45,1162.87, 32.09 
T-101736,TXN9517487, PAY-OPS ,Resolved,12/05/2025 17:16:00,14-05-2025 11:53,AED 46.60,46.75,0.88
T-100854,TXN4953854,FUL-DXB,Resolved,05 Apr 2025 07:29,06 Apr 2025 00:10,132.43,129.38,5.10
T-100924,TXN5396719,FUL-DXB,Resolved,08 Apr 2025 11:05,2025-04-10 09:55:27,667.81,661.58,17.20
T-101950,TXN9064340,FUL-DXB,Resolved,20 May 2025 11:40,21 May 2025 16:47,AED 500.56,510.19,22.38
T-100834,TXN5012236,CS-DXB,Resolved,2025-04-05 13:47:00,06/04/2025 15:33:42,AED 75.42,74.24,1.11
T-101909,TXN4461531, CS-AUH ,Resolved,19 May 2025 15:31,19/05/2025 21:45,667.85,663.88,6.40
T-100149,TXN8296484,FUL-RUH,Open,06/03/2025 15:15,,1099.33,1118.04,42.81
T-100801,TXN4833466,CS-DXB,Open,04/04/2025 09:17:00,,765.82,745.24,17.58
T-101983,TXN3676046,CS-AUH,Resolved,21 May 2025 12:20,22 May 2025 13:06,AED 90.18,89.96,1.63
T-101164,TXN9476311,FUL-DXB,Resolved,17/04/2025 18:09,18/04/2025 18:04,AED 271.31,272.79,6.76
T-101326,TXN3652423,FUL-RUH,Resolved,24 Apr 2025 09:07,25/04/2025 01:24:10,AED 271.52,278.74,6.27
T-101153,TXN2091331,CS-AUH,Pending,17-04-2025 15:56,,1402.19,"1,428.18",17.98
T-101755,TXN3042390,FUL-DXB,Resolved,12-05-2025 11:49,2025-05-13 17:57:11,475.96,477.41,9.95
T-101254,TXN7546110, FUL-DXB ,Resolved,22/04/2025 10:30:00,24/04/2025 09:09:04,380.91,372.04,14.02
T-101172,TXN3492183, PAY-OPS ,Pending,18 Apr 2025 12:36,,1540.60,"1,559.83",23.54
T-100949,TXN7939559,CS-DXB,Resolved,09/04/2025 15:44,10-04-2025 10:23,AED 185.91,213.66,3.35
T-100077,TXN2505513,FUL-RUH,Resolved,04-03-2025 07:04,05/03/2025 18:15:13,648.81,654.67,21.87
T-100842, TXN7650905 ,CS-AUH,Resolved,05/04/2025 18:53:00,2025-04-05 23:49:15,AED 562.20,565.43,5.55
T-100892,TXN3553211,FUL-DXB, Resolved ,07/04/2025 07:13,08-04-2025 09:56,165.51,164.17,5.35
T-101047,TXN7246577,CS-DXB,Resolved,14/04/2025 09:15,15 Apr 2025 10:51,520.30,514.33,7.17
 T-100362 ,TXN9888450,FIN-OPS,Resolved,17 Mar 2025 10:57,17/03/2025 08:57:00,588.95,592.51,5.10
T-101143, TXN5040062 ,PAY-OPS, Resolved ,17-04-2025 10:53,18/04/2025 14:03,311.51,tbc,6.79
T-101342,TXN3848546,PAY-OPS,Resolved,2025-04-25 11:41:00,25-04-2025 09:41,AED 256.77, 255.28 ,5.26
T-101388,TXN5956690,CS-AUH,Resolved,28/04/2025 17:27,29 Apr 2025 04:15,1464.76,1471.41,17.77
T-101369, TXN2192798 ,PAY-OPS,Resolved,2025-04-28 11:41:00,2025-05-01 12:41:31,695.27,685.72,15.01
 T-100501 ,TXN3429560,PAY-OPS,Resolved,21 Mar 2025 14:25,22-03-2025 08:16,AED 171.84,176.31,3.35
T-101500,TXN4787856,FUL-DXB,Resolved,01/05/2025 16:13,2025-05-03 01:47:39,1827.42,"1,864.82",68.25
T-101773,TXN9559684, PAY-OPS ,Resolved,13/05/2025 13:58,17/05/2025 10:01:46,AED 337.30,339.56,7.32
T-100506, TXN4077116 ,CS-DXB,Resolved,21/03/2025 17:19:00,2025-03-23 07:06:27,224.82,222.53,4.92
T-100996,TXN8773306,FUL-DXB,Resolved,10 Apr 2025 15:07,11/04/2025 09:23,144.19,143.97,5.20
T-100125,TXN3941325,PAY-OPS,Resolved,06/03/2025 07:24:00,07-03-2025 03:26,305.22,355.43,5.89
T-101546,TXN4398175, FUL-RUH ,Resolved,02-05-2025 13:09,03/05/2025 20:14:37,827.20,841.43,27.59
T-100886,TXN1846715,CS-AUH,Resolved,07-04-2025 17:26,08/04/2025 08:11:57,437.84,437.05,4.18
T-101788,TXN8437072,CS-AUH,Resolved,13 May 2025 11:40,2025-05-14 04:05:20,1055.88,1093.59,20.63
T-100426,TXN6745952,PAY-OPS,Resolved,19/03/2025 13:47:00,20/03/2025 15:06:53,237.70,236.38,2.48
T-100202,TXN9648226,CS-DXB, Resolved ,10 Mar 2025 11:29,11/03/2025 07:20:08,806.02,833.04,13.65
T-101577,TXN7585171,FUL-DXB,Resolved,05 May 2025 09:23,06/05/2025 16:48:52,549.75,557.55,21.68
T-100239,TXN9939417,CS-AUH,Resolved,11-03-2025 13:42,12/03/2025 22:30:04,723.26, 713.55 , 11.78 
T-101169,TXN6523690,FIN-OPS,Resolved,18/04/2025 12:06:00,18-04-2025 19:35,AED 243.19,245.13,3.19
T-100553,TXN4229688,FUL-RUH,Resolved,24/03/2025 10:02:00,26-03-2025 05:20,544.30,539.55,17.96
T-101332,TXN9097392,FIN-OPS,Resolved,25/04/2025 10:54:00,2025-04-25 22:54:51,AED 637.77,631.01,10.84
T-101284,null,FUL-DXB,Resolved,23 Apr 2025 12:51,24/04/2025 06:56,764.25,742.18,15.90
T-101925,TXN7588857,FUL-DXB,Resolved,19-05-2025 16:08,2025-05-22 08:53:25,1380.91,"1,086.00",49.72
T-101722,TXN6066087,FUL-RUH,Resolved,09 May 2025 12:32,13-05-2025 00:26, 263.97 ,264.73,7.24
T-100621,,CS-AUH,Resolved,27 Mar 2025 09:22,2025-03-28 01:14:29,791.64,827.64,12.46
T-101552,TXN3055121,FIN-OPS,Resolved, 05-05-2025 09:48 ,2025-05-05 15:13:27, 469.82 ,467.34,7.56
T-101723,TXN2666101,FIN-OPS,Resolved,2025-05-12 07:27:00,13-05-2025 02:24,AED 216.52,268.64,3.69
T-101989,TXN3184343, FUL-DXB ,In Progress,21 May 2025 13:19,,419.68,427.62,15.70
T-102204,TXN9409147,CS-DXB,Open,30-05-2025 12:24,,AED 487.45,485.65,12.55
T-100049,TXN9641051,PAY-OPS,Resolved,04/03/2025 12:01,06-03-2025 08:59,411.10,417.63,7.12
T-101874,TXN7373886,CS-AUH,Resolved,31/02/2025 10:00,16/05/2025 22:58:47,AED 318.49,323.09, 6.52 
T-101623,TXN1112054,PAY-OPS,Resolved,07-05-2025 18:10,08/05/2025 10:12:58,AED 227.78,228.32,4.37
T-102113,TXN3651328,FUL-DXB,Resolved,2025-05-27 17:41:00,29-05-2025 01:58,1040.74,1062.49,34.18
T-101027,TXN8708031,FUL-DXB,Resolved,11/04/2025 14:53:00,12/04/2025 19:58,161.49,164.38,4.07
T-101452,TXN8541824,CS-DXB,In Progress,30-04-2025 08:19,,422.49,421.13, 8.62 
T-100115,TXN9953203,FUL-DXB,Resolved,05/03/2025 11:00:00,06/03/2025 01:27:12,84.19,83.82,3.38
T-100915,TXN9288268, CS-AUH , Resolved ,2025-04-08 16:30:00,09 Apr 2025 02:27,417.82,408.90,5.81
T-101904,TXN4738162,CS-DXB,In Progress,19-05-2025 14:29,,81.08,80.62,1.23
T-101056,TXN7231877, CS-DXB ,Resolved,14-04-2025 16:48,16/04/2025 06:55:19,1417.55,1394.30,26.20
 T-100073 ,TXN6613348,FUL-DXB,Pending,04/03/2025 17:26:00,,285.84,285.63,12.07
T-100112,TXN1389550,FUL-DXB,Resolved,05-03-2025 09:16,07/03/2025 03:01:34,149.46,150.06,5.35
T-100170,TXN4536655,CS-DXB,Resolved,07/03/2025 18:08:00,08/03/2025 02:25,768.74,767.08,13.44
T-100221,TXN3470706,FUL-RUH, Resolved ,10 Mar 2025 07:21,11-03-2025 20:31,141.70,144.91,5.27
T-100515,TXN2767875,FUL-DXB,Resolved,21/03/2025 07:54:00,21-03-2025 19:15,AED 768.66,895.88,21.19
T-100151,TXN6246553,FUL-RUH,In Progress, 31/02/2025 10:00 ,,206.35,200.75,6.71
T-100751,TXN1534913,FUL-DXB,Resolved,02/04/2025 12:04,06/04/2025 05:04,AED 405.14,401.83,8.51
T-100408,TXN8924721,CS-AUH,Resolved,18/03/2025 12:52,20 Mar 2025 17:48,160.54,161.65,2.79
T-100716,TXN4008320,FUL-DXB,Resolved,01/04/2025 17:26:00,02-04-2025 06:44,AED 307.99,312.90,8.45
T-100676,TXN9799025,CS-AUH,Resolved,31-03-2025 14:57,01/04/2025 02:00:12,167.84,168.99,2.08
T-101498,TXN3774333,CS-AUH,Resolved,2025-05-01 16:08:00,02/05/2025 13:52:05,AED 737.45,726.10,7.92
T-102103,TXN2684360,PAY-OPS,Resolved,27/05/2025 09:35,28-05-2025 03:26,AED 347.11,341.63, 5.87 
T-101856,TXN5870527,FUL-RUH,Resolved, 15/05/2025 13:22 ,18 May 2025 04:29,AED 643.69,651.91,17.79
T-101073,TXN5659027,FUL-DXB,Resolved,14/04/2025 15:25:00,14/04/2025 22:44,113.27,106.09,3.97
T-100926,TXN8307429,FUL-DXB,Open,08 Apr 2025 14:24,,588.51,543.87,18.65
T-102216,TXN1037830,FUL-DXB,Open,30/05/2025 08:10:00,,AED 877.63,883.81,35.74
T-100612,TXN8201624,PAY-OPS,Resolved,27/03/2025 18:05:00,29/03/2025 17:02, 1280.09 ,tbc,24.58
T-101850,TXN8506350,CS-AUH,Resolved,15-05-2025 17:52,16/05/2025 05:30,506.48,517.25,9.85
T-101720,TXN3481518,FUL-RUH,Resolved, 09 May 2025 17:36 ,11-05-2025 01:00,AED 618.50,711.60,18.78
T-100423,TXN9518954,FIN-OPS,Resolved,19/03/2025 15:56:00,20 Mar 2025 07:10,1182.42,1178.51,21.77
T-100672,TXN3191920,CS-DXB,Resolved,31-03-2025 16:31, 01-04-2025 13:41 ,722.21,715.94,9.45
 T-100189 ,TXN3526776,FIN-OPS,Resolved,10 Mar 2025 14:40,2025-03-12 00:53:12,334.15,tbc,5.49
T-101916,TXN9085873,FUL-DXB,Resolved,19-05-2025 11:27,20/05/2025 04:35:05,214.10,215.32,4.59
T-102169,TXN5193938,PAY-OPS,Open,2025-05-29 18:05:00,,AED 386.72,394.27,4.61
T-102019,TXN1210925,CS-AUH,Resolved,22-05-2025 14:23,23 May 2025 16:47,96.55,96.35,2.02
T-100031,TXN1288757,FUL-DXB,Resolved,03 Mar 2025 07:12,03-03-2025 16:17,AED 341.61, 351.27 ,9.68
T-101530,TXN3731055,FUL-DXB,Resolved, 02/05/2025 07:38 ,03 May 2025 19:30,194.41,197.12,4.16
T-101010,TXN6112100,PAY-OPS,Resolved,11/04/2025 09:28,11/04/2025 07:28:00,AED 669.40,677.68,9.84
 T-100634 ,TXN8072198,FIN-OPS,Resolved, 28-03-2025 14:57 ,29/03/2025 02:36:19,662.09,680.00,11.63
T-102101,TXN1778203,PAY-OPS,Resolved,27 May 2025 09:46,28 May 2025 22:45,504.65,486.29,10.28
T-101066,TXN2040734,FUL-DXB,Resolved,14/04/2025 13:24,16 Apr 2025 19:09,258.41,256.78,5.95
T-100269,TXN7461954,CS-DXB,Resolved,12/03/2025 18:19:00,13-03-2025 05:57,783.38,772.93, 20.07 
T-102086,TXN2585530,FUL-DXB,Resolved,2025-05-26 16:56:00,27/05/2025 19:59:56,AED 69.52,71.40,2.13
T-100309,TXN9336493,CS-AUH,Resolved,2025-03-13 08:05:00,2025-03-14 03:24:06,AED 324.76,337.43,3.88
T-101184,TXN8931605,FUL-DXB,Resolved,18/04/2025 13:59:00,20 Apr 2025 20:02,266.58,268.07, 6.23 
T-101098,TXN6867161,FUL-DXB,Pending,15/04/2025 13:32,,114.17,109.55,4.36
T-101202,TXN5459954,PAY-OPS,Resolved,21/04/2025 10:34,22/04/2025 13:22:10,AED 563.22,552.28,7.05
T-100624,TXN3381061,FUL-DXB,Resolved,2025-03-27 14:12:00,28 Mar 2025 08:52,256.19,254.87,11.11
T-101286,TXN1802096,FUL-DXB,Resolved,23-04-2025 10:38,24/04/2025 01:56,AED 308.44, 307.02 ,13.28
T-101941,TXN2322828,CS-AUH,Open,20-05-2025 10:46,,464.95,496.50,9.05
T-102176,TXN7506744,CS-DXB,Open,29-05-2025 12:06,,185.31,182.85,4.48
T-100839,TXN5086263,CS-DXB,Resolved,2025-04-05 15:05:00,06 Apr 2025 06:30,465.78, 489.71 ,9.44
T-100135,TXN1933054,CS-DXB,Resolved,06/03/2025 15:17,08 Mar 2025 03:11,799.70,783.89,12.76
T-102209,TXN4490291,CS-DXB,Open,30-05-2025 16:42,,1131.27,1145.79,19.78
T-102112,TXN8672129,FUL-DXB,Resolved,2025-05-27 11:49:00,28/05/2025 06:25:25,AED 484.74,491.84,11.25
T-100390,TXN1678508,FUL-RUH,Resolved,17/03/2025 09:30:00,18/03/2025 17:29,382.37,392.49,12.18
T-100233,TXN3012980,CS-DXB,Resolved,11/03/2025 15:34:00,2025-03-11 22:58:41,892.39,766.75,24.73
T-101418,TXN9781365,CS-DXB,Resolved,29/04/2025 14:08,30-04-2025 08:55,198.75,196.23,3.32
T-100752,TXN5681262,FUL-DXB,In Progress,31/02/2025 10:00,,AED 393.60,394.69,12.73
T-101657,TXN2223818,CS-DXB,Open,08 May 2025 16:04,,147.57,149.58,3.93
 T-102221 ,TXN9553924,FUL-RUH,Open,30-05-2025 14:23,,147.36, 147.94 ,2.77
T-100458,TXN6779580,FUL-DXB,Resolved,19/03/2025 16:03:00,2025-03-21 15:48:21,412.37,413.57,11.96
 T-101090 , TXN1540978 ,CS-AUH,Resolved,15 Apr 2025 07:44,15/04/2025 20:35, 1083.44 ,1093.98, 16.21 
T-101215,TXN2230060,FUL-DXB,Resolved,2025-04-21 12:26:00,2025-04-22 04:20:29,201.92,202.28,8.18
T-100707,TXN5108622,CS-DXB,Resolved,2025-04-01 16:52:00,2025-04-02 16:48:05,927.78,926.17,24.01
T-102047,TXN9990098,PAY-OPS,Resolved,23/05/2025 17:07:00,24/05/2025 12:16:16,539.84,542.80,5.58
T-101337,TXN9063900,FIN-OPS,Resolved,2025-04-25 12:53:00,26 Apr 2025 03:56,495.59,499.40,4.19
T-101259,TXN5026928,FUL-DXB,Resolved,22-04-2025 12:20,23-04-2025 14:48,282.26,279.93,8.30
T-102198,TXN7831592,PAY-OPS,Open,30 May 2025 09:07,,281.36,286.27,5.09
T-101014,TXN8110510,CS-DXB,Resolved,11 Apr 2025 07:57,11/04/2025 15:40:04,520.98,503.67,13.97
T-102143,TXN9524852,CS-DXB,Open,2025-05-28 09:59:00,,AED 335.16,292.96,5.91
T-100899,TXN4181579,FIN-OPS,Resolved,08 Apr 2025 15:36,10/04/2025 21:36,659.71,655.02,7.72
T-100143,TXN6838508,FUL-DXB,Escalated??,2025-03-06 07:27:00,07/03/2025 07:22:57,AED 664.42,644.40,28.74
T-100459,TXN1171839,FUL-DXB,Resolved,19 Mar 2025 13:54,19/03/2025 20:49,AED 444.37,456.18,10.16
 T-101368 ,TXN2496515,PAY-OPS,Resolved, 28/04/2025 10:08:00 ,28/04/2025 22:11,713.39,718.64,10.25
T-100163,TXN4097568, PAY-OPS ,Resolved,31/02/2025 10:00,2025-03-08 07:30:27,134.82,135.51,3.01
T-101477,TXN3687355,FIN-OPS, In Progress ,01-05-2025 08:22,,98.61,99.07,1.05
 T-101567 ,TXN8723037,CS-DXB,Resolved,05/05/2025 07:56,06/05/2025 07:38,AED 986.92,983.22,20.39
T-101002,TXN7041451,FIN-OPS,Resolved,2025-04-11 08:16:00, 12 Apr 2025 00:39 ,"AED 2,019.14",2007.51,33.64
T-100826,TXN9264574,FIN-OPS,Resolved,2025-04-05 15:01:00,06-04-2025 11:42,138.03,139.63,2.37
T-100761,TXN8647883,FIN-OPS,Resolved,03/04/2025 16:15,04/04/2025 07:50,AED 141.86,143.68,2.73
T-101473,TXN3991685,FIN-OPS,Resolved,01/05/2025 10:09:00, 2025-05-02 03:25:21 ,413.85, 412.13 ,7.02
T-101724, TXN2023463 ,FIN-OPS,Resolved,12-05-2025 13:25,12/05/2025 11:25:00,595.82,592.46,8.55
T-102087,TXN9371908,FUL-DXB,Resolved,26/05/2025 12:07:00,27/05/2025 12:02,"AED 1,149.90","1,162.57",49.64
 T-102163 ,TXN7026068,FIN-OPS,Open,29/05/2025 15:41:00,,AED 337.37,333.18,3.08
T-100858,TXN4989532,FIN-OPS, Resolved ,2025-04-07 11:24:00,08/04/2025 13:24:04,1110.88,1086.62,13.44
T-101475,TXN8827374,FIN-OPS,Resolved,01/05/2025 13:28:00,02-05-2025 02:16,AED 912.10,924.45,13.20
T-102219,TXN4502639,FUL-DXB,Open,2025-05-30 17:08:00,,231.10,232.53,10.32
T-100765,TXN6815095,FIN-OPS,Escalated??,03-04-2025 09:37,04-04-2025 00:45,325.07,404.41, 6.00 
T-100328,TXN8049666,PAY-OPS,Resolved,14/03/2025 07:04,16 Mar 2025 01:04,450.64,451.14,8.64
 T-100791 ,TXN3458829,FIN-OPS,Resolved,2025-04-04 09:53:00,05 Apr 2025 15:03,192.77,214.11,2.70
T-101162, TXN1951820 ,FUL-DXB,Resolved,2025-04-17 12:48:00,2025-04-19 07:59:06,1098.04,1100.53,29.44
T-100580,TXN8460212,FUL-DXB,Resolved,25 Mar 2025 17:37,2025-03-27 07:30:03,523.44,524.06,12.09
T-100378,TXN4610246,CS-DXB,Resolved,17-03-2025 18:08,19 Mar 2025 23:04,AED 120.17,121.70,2.15
T-100555,TXN7352936,FUL-RUH,Resolved,24-03-2025 15:39,27-03-2025 07:50,577.96,582.87,21.46
T-100510,TXN3169608,CS-DXB,Resolved,21/03/2025 08:30:00,2025-03-22 01:03:47,AED 329.03,334.74,5.17
 T-101889 ,TXN8732472,FUL-RUH,Open,16/05/2025 15:59:00,,355.25,363.29,12.16
T-102205,TXN1512233,CS-DXB,Open,2025-05-30 14:56:00,,AED 246.78,256.62,5.18
T-100711,TXN8597183,CS-AUH, Resolved ,2025-04-01 09:04:00,2025-04-01 22:34:28,AED 821.53,799.73,17.01
T-101285,TXN2960552,FUL-DXB,Resolved,23 Apr 2025 11:45,24 Apr 2025 08:21,504.88,526.79,14.88
T-100245,TXN1315250,FUL-DXB,Resolved,11/03/2025 16:46,12/03/2025 21:16,1929.50,1393.71,78.83
T-100322,TXN3721130,FUL-RUH,Resolved,2025-03-13 08:24:00,15 Mar 2025 03:21,140.45, 137.11 ,2.75
T-101725,TXN7090318,FIN-OPS,Resolved,12/05/2025 17:50,2025-05-15 20:22:56,247.76,248.04,3.95
T-100952,TXN7886583,CS-DXB,Resolved,09-04-2025 08:00,09/04/2025 17:58:02,129.50,127.26,2.07
T-102144,TXN4907586,CS-DXB,Open,28/05/2025 17:54:00,,AED 772.19,781.34,9.43
T-102078,TXN6623460,CS-DXB,Resolved,26-05-2025 09:10,2025-05-27 00:04:01,285.94,223.23,7.30
T-100108,TXN5686654,FUL-DXB,Resolved,05/03/2025 08:04:00,05-03-2025 18:37,414.34,410.43,13.06
T-100428,TXN7925993,PAY-OPS,Resolved,19-03-2025 14:27,2025-03-20 03:58:20,AED 459.61,465.60,8.10
T-101131,TXN7227289,FUL-DXB,In Progress,16-04-2025 18:59,,88.39,90.97,1.78
T-101366,TXN1195051,PAY-OPS, Resolved ,2025-04-28 14:44:00,01/05/2025 11:24:18,466.34,468.55,9.23
T-101895,TXN8470856,FIN-OPS,Resolved,2025-05-19 08:27:00,20-05-2025 09:36,401.89,397.61,7.62
T-101453,TXN5035325,CS-DXB,Resolved,2025-04-30 07:57:00,30-04-2025 05:57,492.31,496.44,12.87
T-101847, TXN4414111 ,CS-DXB,Resolved,2025-05-15 07:10:00,15/05/2025 12:11,848.38,847.44,14.87
T-100911,TXN5905138,CS-DXB,Resolved,08 Apr 2025 13:25,09/04/2025 03:00:56,208.20,207.05,3.63
T-102152,TXN7672943,FUL-DXB,Open,28 May 2025 17:46,,331.14,328.54,14.80
T-101097,TXN3345127,FUL-DXB,Resolved,2025-04-15 15:36:00,2025-04-16 04:43:40,783.94,800.00,20.62
T-100964,TXN1049753,FUL-DXB,Resolved,09/04/2025 09:12,10/04/2025 01:47,228.55,229.12,7.57
T-100007,TXN5833328,FIN-OPS,Resolved,03/03/2025 09:25,03/03/2025 22:08,758.05,747.94,7.49
T-101890,TXN9541721,FUL-RUH,Resolved,16 May 2025 13:53,17/05/2025 08:33:23,385.69,390.70,7.40
T-101333,TXN1998105,FIN-OPS,Resolved,25/04/2025 08:31,25 Apr 2025 17:21,411.31,395.60,6.89
T-101833,TXN6632736,FIN-OPS,Resolved,2025-05-15 12:07:00,15/05/2025 18:34:10,5674.93,5704.47, 76.18 
T-101735,TXN8718888,PAY-OPS,Resolved,12/05/2025 15:43,14/05/2025 03:50,AED 485.15,474.57,5.44
T-102146,TXN1168512,CS-AUH,Open,28 May 2025 09:56,,380.61,387.32,5.45
T-101885,TXN5650023,FUL-DXB,Resolved,16/05/2025 18:41,17/05/2025 18:13:24,AED 51.74,53.13,1.11
T-102005,TXN5675738,PAY-OPS,Open, 22 May 2025 08:43 ,,609.32,601.57,10.06
T-102139,TXN3444383,CS-DXB,Open,31/02/2025 10:00,,174.14,171.86,4.50
T-102030,TXN9694116,FUL-DXB,Pending,22 May 2025 15:08,,573.73,585.37,15.76
T-101536,TXN8664677,FUL-DXB,Resolved,02/05/2025 07:17:00,02-05-2025 21:20,1798.55,1744.65,69.08
T-100256,TXN8663949,FIN-OPS,Resolved,12-03-2025 11:39,13/03/2025 00:00,AED 569.20,579.05,9.30
T-100496,TXN3789305,FUL-RUH,Resolved,20-03-2025 17:53, 22-03-2025 10:58 ,727.27,658.62,17.85
T-100236,TXN6128819,CS-AUH,Resolved,2025-03-11 10:36:00,12-03-2025 04:40, 360.69 ,375.38,4.14
T-102149,TXN4075649,FUL-DXB,Open,28 May 2025 18:58,,152.86,154.37,4.26
T-100986,TXN4096251,FUL-DXB,In Progress,10/04/2025 10:06,,172.36,155.62,4.05
T-101587,TXN2652888,FUL-RUH,Resolved,05/05/2025 09:02:00,06-05-2025 14:24,233.81,237.29,7.29
T-100344,TXN5419137,FUL-DXB,Resolved,14 Mar 2025 15:35,15 Mar 2025 09:51, 536.51 ,539.95,15.31
T-100981,TXN9610801,CS-AUH,Resolved,10-04-2025 09:04,11/04/2025 11:30,AED 128.64,126.73,1.82
T-100339,TXN8703309,CS-DXB,Resolved,14-03-2025 18:28,14/03/2025 22:03,105.00,104.28,2.64
 T-101659 ,TXN5993815,CS-DXB,Resolved,2025-05-08 10:29:00,09 May 2025 03:08,232.25,228.83,5.32
T-101959,TXN8752284, FIN-OPS ,Resolved,21 May 2025 10:06,22 May 2025 00:39,609.86,609.68,10.10
T-101774,TXN2822519,PAY-OPS,Resolved,13 May 2025 09:59,15/05/2025 23:15,776.50,774.39,16.43
T-100990,TXN4454415,FUL-DXB,Resolved,10/04/2025 14:08:00,12/04/2025 12:00:34,288.82,tbc,6.53
 T-102187 ,TXN9375294,FUL-DXB,Open,2025-05-29 15:48:00,,AED 766.89,755.66,18.40
T-101678,TXN1168200,FIN-OPS,Resolved,09/05/2025 11:30,11-05-2025 22:54,929.79, 964.70 ,12.46
T-101968,TXN8921161,CS-DXB,Resolved,21/05/2025 12:13,22/05/2025 08:08:07,248.40,252.79,3.19
T-100302,TXN7581813,CS-DXB,Resolved,13-03-2025 16:29, 14/03/2025 03:53 ,169.27,169.64,2.74
T-100208,TXN2643479, CS-AUH ,Resolved,10/03/2025 17:13:00,10 Mar 2025 22:32,1100.94,1113.64,15.45
T-102159,TXN3037973,FUL-RUH,Open,2025-05-28 18:58:00,,AED 453.16,457.66,11.84
T-101152,TXN1459195,CS-AUH,Resolved,17 Apr 2025 13:43,18/04/2025 15:59:36,193.56,188.11,2.07
 T-101028 ,TXN8204096,FUL-DXB,Resolved,2025-04-11 14:46:00,11/04/2025 23:07:39,509.47,493.27,18.49
T-100594,TXN7545445,CS-AUH,Resolved,26/03/2025 11:42,26/03/2025 21:59,1149.09,853.49,23.32
T-102010,TXN9723805,PAY-OPS,Resolved,2025-05-22 07:15:00,22 May 2025 23:02,721.90,717.86,7.27
T-100657,TXN8229900,CS-AUH,Resolved,2025-03-28 16:35:00,29-03-2025 00:41,535.85,534.36,6.85
T-100358, TXN8931967 ,FUL-RUH,Resolved,14/03/2025 10:14,16-03-2025 06:31,1301.67, 1281.49 ,36.64
T-101594,TXN1342825,PAY-OPS,Resolved,06 May 2025 08:13, 07/05/2025 15:14 ,3131.37,3189.15,57.57
T-100530,TXN9468982,PAY-OPS,Resolved,24-03-2025 07:02,2025-03-25 21:51:03,AED 193.47,191.48,3.26
T-100610,TXN4878173,PAY-OPS,Resolved,2025-03-27 09:40:00,2025-03-28 15:23:39,190.51,190.18,1.91
T-100537,TXN4065689,CS-DXB,Resolved,2025-03-24 16:50:00,25/03/2025 16:27:38,4424.46,4484.81,116.19
T-101092,TXN8178683,CS-AUH,Resolved,15/04/2025 11:51:00,2025-04-15 20:03:11,AED 405.06,406.28,5.31
T-101205,TXN1536999,PAY-OPS,Resolved,21 Apr 2025 08:17,21/04/2025 18:35,2198.53, 2227.93 ,31.25
T-100797,TXN5945567,PAY-OPS,Resolved,04/04/2025 07:27,05 Apr 2025 22:41,731.87,732.34,14.64
T-101399, TXN1328591 ,FUL-RUH,Resolved,28/04/2025 07:37:00,2025-04-30 06:31:27,AED 589.11,596.59,11.57
T-100179,TXN3663119,FUL-DXB,Resolved,07/03/2025 07:27,08/03/2025 12:45,667.22,669.29,13.25
 T-101840 ,TXN1977170,PAY-OPS,Resolved,15/05/2025 10:15,2025-05-17 11:05:40,AED 130.92,134.32,1.56
T-101495,TXN4838089,CS-AUH,Resolved,01/05/2025 13:10,01/05/2025 22:53:19,62.27,62.38,0.76
T-100973,TXN6487687,FIN-OPS,Resolved,2025-04-10 14:57:00,11/04/2025 18:42,451.06,473.16,8.46
T-101746,TXN5490016,CS-DXB,Resolved,12 May 2025 12:51,13/05/2025 00:35,192.73,195.24,4.94
,TXN4214017,FIN-OPS,Resolved,03 Mar 2025 13:39,04/03/2025 06:15,AED 509.51,505.16,6.32
T-100336,TXN2559066,CS-DXB,Pending,14/03/2025 11:40:00,,216.53,219.92,5.86
T-101829,TXN9944228,FIN-OPS,Resolved,15/05/2025 11:04:00,2025-05-15 17:36:53,156.95,159.77,2.87
T-101118,TXN1229011,CS-DXB,Resolved,16/04/2025 10:31,16/04/2025 23:35:20,287.50,297.12,5.98
T-100617,TXN7243348,CS-DXB,Resolved,27-03-2025 16:41,28/03/2025 05:05:21,889.08,869.45,11.58
T-101464,TXN1667984,FUL-DXB,Resolved,30/04/2025 12:25,01-05-2025 21:32,"AED 3,461.58","3,471.39",68.71
T-101820,TXN9157902,CS-AUH,Resolved,14/05/2025 11:50,2025-05-15 02:01:29,1008.12,"1,007.54",19.46
T-100173,TXN5762296,CS-AUH,Resolved,07 Mar 2025 11:09,08/03/2025 04:19,464.02,468.26,7.06
T-100649,TXN8395539,CS-DXB,Resolved,2025-03-28 18:23:00,29/03/2025 10:30:04,AED 924.33,876.68,24.14
T-102083,TXN4133892,FUL-DXB,Resolved,26/05/2025 18:36:00,28/05/2025 17:06:32,345.48,336.99,11.97
 T-101789 ,TXN7584737,CS-AUH,Resolved,13-05-2025 14:31,14 May 2025 19:24,AED 536.52,522.16,10.63
T-100543,TXN4555519,FUL-DXB,Resolved,24-03-2025 16:34,26/03/2025 18:32,1802.57,1837.46,63.81
T-100188,TXN5606377,FIN-OPS,Resolved,10/03/2025 13:47:00,2025-03-11 05:09:00,169.79,168.08,3.01
T-100856,TXN2941817,FUL-RUH,Resolved,05-04-2025 11:58,06/04/2025 01:42:50,214.27,219.64,5.36
T-101182,TXN5521030,CS-AUH,Resolved,18/04/2025 18:48:00,19/04/2025 10:06:32,732.94,723.12,11.25
T-100232,TXN5632856,CS-DXB,Resolved,11 Mar 2025 09:54,11-03-2025 23:20,593.57,608.39,14.01
T-100974,TXN6468006,FIN-OPS,Resolved,2025-04-10 16:41:00,11/04/2025 03:17,227.41,220.04,2.66
 T-101614 ,TXN3880373,FUL-DXB,Resolved,06/05/2025 12:35,07 May 2025 17:20,770.13,753.98, 28.20 
T-100589,TXN5301346,CS-DXB, Resolved ,26/03/2025 14:53:00,28-03-2025 02:21,142.50,144.78,3.87
T-100775,TXN4404346,CS-DXB,Resolved,03 Apr 2025 11:19,04/04/2025 04:35:27,AED 177.38,180.88,2.74
T-100249,TXN4333599,FUL-DXB,Resolved,11 Mar 2025 18:07,13/03/2025 05:37,AED 312.80,317.77,9.06
T-100800,TXN5055239,CS-DXB,Open,04-04-2025 08:37,,131.49,146.62,1.73
T-100616,TXN6612101,CS-DXB,Resolved,27-03-2025 12:59,28 Mar 2025 06:24,427.76,424.88,10.10
T-101141,TXN3179988,FIN-OPS,Resolved,17/04/2025 10:55,2025-04-18 16:06:45," AED 1,233.09 ","1,191.86",20.95
T-100601,TXN7986945,FUL-RUH, Resolved ,26/03/2025 10:38:00,2025-03-27 13:15:30,597.16,613.45,19.44
T-100756,TXN8045814,FUL-DXB,Resolved,2025-04-02 09:36:00,03/04/2025 02:09:56,175.51, 173.62 ,3.66
T-100693,TXN9801764,FUL-RUH,Resolved,31/03/2025 11:00,2025-04-01 13:04:40,AED 214.36,214.65,7.20
T-102043,TXN5480752,PAY-OPS, Resolved , 23-05-2025 13:58 ,23/05/2025 19:48,466.12,458.51,6.11
T-101339,TXN5012851,PAY-OPS,Resolved,25 Apr 2025 17:11,27/04/2025 15:30:00,95.44, 96.82 ,1.97
T-100615, TXN1052107 ,PAY-OPS, Resolved ,27 Mar 2025 18:59,28/03/2025 12:16:02,290.29,291.01,3.51
T-102124,null,FUL-RUH,Resolved,2025-05-27 08:55:00,30-05-2025 00:15,267.87,274.06,9.51
 T-101932 ,TXN6792887,PAY-OPS,Resolved,20/05/2025 14:41,20 May 2025 23:05,"AED 1,267.65",1323.58, 16.53 
 T-101037 ,TXN8061787,FUL-RUH, Resolved ,11/04/2025 10:49:00,13/04/2025 07:07,AED 499.10,508.05,13.94
T-101009,TXN6549841,PAY-OPS,Resolved,11/04/2025 16:03,13/04/2025 21:43,1021.67,"1,022.91",16.87
T-100387,TXN8983910,FUL-DXB,Resolved,17/03/2025 14:15:00,2025-03-18 12:32:24,231.40,233.16,7.29
T-100187, TXN5018733 ,FUL-RUH,Resolved,07/03/2025 11:17:00,08-03-2025 20:11,AED 278.46, 283.93 ,7.44
T-101105,TXN3300359,FUL-DXB, Resolved ,15/04/2025 08:54,2025-04-16 11:52:03,AED 299.52,308.42,10.04
T-101093,TXN7088582,CS-AUH,In Progress,15/04/2025 07:13,,508.87,499.76,5.71
T-101494,TXN9131094,CS-AUH,Resolved,01 May 2025 07:12,2025-05-01 23:46:49,"AED 1,353.29",1371.90,16.25
T-100943,TXN7363644, PAY-OPS ,Resolved, 09-04-2025 09:14 ,10-04-2025 21:07,194.30,140.99,3.86
T-102022,TXN3217553,CS-AUH,Resolved,22/05/2025 10:58,2025-05-23 00:14:32,459.44,457.01,5.33
T-102138,TXN7002529,CS-DXB,Open,28 May 2025 08:23,,314.43,319.61,8.49
T-100905,TXN7639382,PAY-OPS,Resolved,08/04/2025 09:29,09-04-2025 05:56,704.15, 717.40 ,14.19
T-101380,TXN5432498,CS-DXB,Resolved,2025-04-28 13:12:00,29/04/2025 05:45,AED 951.23,820.42,23.44
 T-100253 ,TXN9295120,FUL-RUH,Resolved, 2025-03-11 14:01:00 ,2025-03-13 01:03:29,AED 234.89,228.51,5.49
T-100635,TXN8602818, FIN-OPS ,Resolved,28/03/2025 10:52,29/03/2025 12:16,AED 381.77,459.38,5.54
T-100679,TXN8784287,FUL-DXB,Resolved,31/03/2025 14:49,2025-04-01 22:59:29,167.31,170.83,4.83
T-101503,TXN3941527, FUL-DXB ,Resolved,2025-05-01 07:02:00,03-05-2025 01:28,970.83,987.90,22.31
T-100599,TXN3407996,FUL-DXB,Resolved,26/03/2025 12:05,30/03/2025 08:36:13,301.32,301.16,11.51
T-101220, TXN5093193 ,FUL-DXB,Resolved,21/04/2025 10:00:00,24/04/2025 06:54:41,103.74,102.77,2.67
T-100317,TXN9158073,FUL-DXB,Resolved,13-03-2025 08:06,15/03/2025 20:26:03,471.04,479.17,15.96
T-100938,TXN3986232,FIN-OPS,Resolved,09/04/2025 12:03:00,11 Apr 2025 07:02,514.10,637.91,7.66
T-101618,TXN4295390,FUL-DXB,Resolved,06/05/2025 17:04,08 May 2025 19:20,1467.38,1463.01,32.14
T-101031,TXN7178189,FUL-DXB,Resolved,11 Apr 2025 12:21,11 Apr 2025 22:43,793.56, 778.78 ,32.42
T-100124,TXN5477346,PAY-OPS,Resolved,06-03-2025 15:50,2025-03-07 13:09:04,281.73, 282.17 ,5.17
T-101133,TXN2555589,FUL-DXB,Resolved,2025-04-16 15:33:00,18/04/2025 08:39,479.13,481.73,11.91
T-100950,TXN4074490,CS-DXB,Resolved,09-04-2025 08:51,10-04-2025 18:58,694.46,704.59,14.50
T-101155,N/A,CS-AUH,Resolved,17/04/2025 11:57,18/04/2025 01:21:51,AED 89.13,87.42,1.53
T-102161,TXN1410447,FUL-RUH,Open,28/05/2025 18:44,,402.90,391.40,11.29
T-101662,TXN6048149,FUL-DXB,Resolved,08/05/2025 12:05,2025-05-09 16:16:15,716.79,723.65,18.66
T-101379,TXN1636660, CS-DXB ,Pending,28-04-2025 12:56,,167.41,163.70,2.94
T-101112,TXN2562642, FIN-OPS ,Resolved,16 Apr 2025 15:04,17 Apr 2025 07:36,AED 305.36,394.43,2.78
T-100518,TXN1942422,FUL-DXB,Resolved,21-03-2025 17:00,24/03/2025 21:21:13, AED 454.03 ,473.13,19.63
T-101267,TXN6650115,PAY-OPS,Resolved,23-04-2025 17:20,25/04/2025 01:48:44,1233.99,"1,246.20",23.10
T-100636,TXN6207138,FIN-OPS,Resolved,28/03/2025 10:11:00,29 Mar 2025 08:57,752.81,742.75,8.24
 T-100093 ,TXN1951361,CS-DXB,Resolved,05/03/2025 11:49, 05-03-2025 20:23 ,152.84,152.08,2.96
T-100822,TXN7963896,FUL-RUH,Resolved,2025-04-04 14:06:00,09-04-2025 04:02,1299.21,1284.32,25.78
T-100244,TXN5751241,FUL-DXB,Open,11-03-2025 18:01,,279.61,280.12, 6.07 
T-102045,TXN9465611,PAY-OPS,Resolved,2025-05-23 13:22:00,24 May 2025 03:51,771.33,775.08,11.41
T-100449,TXN5465093,FUL-DXB,Resolved,19 Mar 2025 18:54,2025-03-20 20:55:35,144.70,150.76,5.53
T-101263,TXN7433477,FUL-DXB,Resolved,22/04/2025 14:11:00,2025-04-23 07:37:43,AED 167.86,165.83,7.20
T-101652,TXN8032107,CS-DXB,Resolved,2025-05-08 16:07:00,2025-05-09 09:10:16,179.68,181.39,2.33
T-101508,TXN1844336,FUL-RUH,Resolved,01 May 2025 12:52,2025-05-04 05:40:14,546.01,551.15,20.96
T-100744,TXN7952135,CS-DXB,In Progress,02/04/2025 18:07:00,,AED 213.87,212.90,3.93
T-100609,TXN8210959,FIN-OPS,Resolved,27-03-2025 10:23,28/03/2025 03:48,AED 129.57,130.19,1.29
T-101761,TXN8241216,FUL-DXB,Resolved,31/02/2025 10:00,14/05/2025 01:06:45,1123.92,1155.83,22.31
T-101707,TXN2809936,FUL-DXB,Resolved,09/05/2025 07:44,10 May 2025 08:02,AED 240.78,297.27,5.91
T-100153,TXN9663232,FIN-OPS,Open,07/03/2025 15:01,,236.70,236.66,2.12
T-101978,TXN2906588,CS-DXB,Resolved, 21-05-2025 07:08 ,22-05-2025 02:22,298.60,387.72,5.82
T-100762,TXN3237151,FIN-OPS,Resolved,03-04-2025 08:46,04 Apr 2025 15:04,969.59,967.59,18.36
T-100478,TXN4901442,CS-DXB,Resolved,20-03-2025 15:49,21-03-2025 04:56,135.12,143.61,2.18
T-101129,TXN9996402,FUL-DXB,Resolved,16/04/2025 18:57:00,2025-04-17 11:10:09,85.90, 84.97 , 1.77 
T-100788,TXN8836994,FUL-RUH,Resolved,03/04/2025 18:54:00,06-04-2025 19:58,96.00,98.73,2.71
T-100263,TXN3237639,PAY-OPS,Resolved,2025-03-12 14:41:00,13-03-2025 09:52,AED 178.41,182.18,3.42
T-100058,TXN1361402,CS-DXB,Resolved,04/03/2025 10:14,2025-03-04 18:37:30,802.21,832.98,18.94
T-100430,TXN5573542,PAY-OPS,Resolved,19/03/2025 17:03, 20/03/2025 17:12:11 ,171.51,172.36,2.75
T-100250,TXN2656481,FUL-DXB,Resolved,11 Mar 2025 16:49,12 Mar 2025 18:36,"AED 1,279.62",1304.75,38.17
T-101264,TXN3768292,FUL-RUH,Resolved,22 Apr 2025 12:46,2025-04-23 05:31:29, 389.85 ,385.99,15.79
T-100769,TXN4119477,CS-DXB,Resolved,03-04-2025 09:43,04/04/2025 23:57, 489.53 ,490.80,9.76
T-100020,TXN2070285,CS-DXB,Pending,03/03/2025 08:08:00,,558.87,559.30,15.38
T-101701,TXN3816108,CS-DXB,Resolved,09/05/2025 15:15,09-05-2025 23:45,AED 243.62,246.64,4.63
T-101015,TXN3021394,CS-DXB,Resolved,11/04/2025 17:23,11-04-2025 22:35,AED 416.51,418.58,10.28
T-101491,TXN9358689,CS-DXB,Pending,01/05/2025 14:30:00,,266.84,267.25,4.02
T-101717,TXN8028592,FUL-DXB,Resolved,09/05/2025 16:38,10/05/2025 20:17:47, 720.95 ,720.79,20.09
T-101113,TXN2216279,FIN-OPS,Resolved,2025-04-16 17:47:00,17 Apr 2025 07:22, 155.73 ,155.02,2.25
T-101121,TXN3440829,CS-AUH,Resolved,16 Apr 2025 11:20,17/04/2025 04:52,AED 821.88,806.61,12.65
T-100486,TXN3507045,FUL-DXB,Resolved,2025-03-20 13:57:00,23 Mar 2025 15:28,776.62,770.69,15.22
T-101564,TXN5166047,CS-DXB,Resolved,05/05/2025 14:20,06 May 2025 03:37,710.33,692.35,13.58
T-100922,TXN8784505,FUL-DXB,Resolved,08 Apr 2025 16:48,11/04/2025 13:27:18,239.68,238.18,4.73
T-100819,TXN5460734,FUL-DXB,Resolved,04/04/2025 12:28:00,05/04/2025 11:36:04,177.07,179.07,6.71
T-100403,TXN9203199,CS-DXB,Resolved,18/03/2025 18:35,19-03-2025 03:38,955.82,968.99,14.15
T-101462,TXN1301258,FUL-DXB,Resolved,30-04-2025 11:27,02/05/2025 06:07,177.95,182.08,7.69
T-100354,TXN1717521,FUL-DXB,Resolved,14/03/2025 10:47,14 Mar 2025 23:15,610.45,595.81,24.38
T-100903, null ,PAY-OPS,Resolved,08/04/2025 14:48:00,09/04/2025 06:53,484.73,478.85,7.35
T-100521,TXN9060829,FUL-RUH,Resolved,21 Mar 2025 12:07,23 Mar 2025 23:01,AED 550.07,565.57,22.90
T-101070,TXN8622184,FUL-DXB,Resolved,14-04-2025 08:14,18/04/2025 15:00:58,683.45,683.84,18.29
T-101837,TXN7816501,PAY-OPS,Resolved,15/05/2025 07:19,17/05/2025 23:07,249.97,249.91,3.59
,TXN1261931,FUL-RUH,Resolved, 11-04-2025 09:45 ,2025-04-14 00:04:11,AED 597.00,594.57,23.28
T-100864,TXN9944753,FIN-OPS,Resolved,07/04/2025 13:59:00,11-04-2025 02:41,385.91,386.07,6.90
T-100843,TXN3181251,CS-AUH,Resolved,2025-04-05 13:11:00,05/04/2025 19:00,861.62,873.50,11.41
T-100565,TXN7720346,CS-DXB,Resolved,25/03/2025 15:10:00, 26 Mar 2025 03:23 ,156.12,155.83,2.26
T-102199,TXN7491731,PAY-OPS,Open,30-05-2025 14:40,,284.52,285.38,5.89
T-101315,TXN6767625,FUL-DXB,Resolved,24 Apr 2025 07:04,27/04/2025 06:27:15,465.46,454.24,17.08
T-100052,TXN1742156,CS-DXB,Resolved,04/03/2025 13:42:00,05 Mar 2025 16:20,"AED 2,390.64",2402.04,40.97
T-100348,TXN3895432,FUL-DXB,Resolved,14-03-2025 16:49,15/03/2025 14:56,1324.31,"1,348.68",30.43
T-101134,TXN4187482,FUL-DXB, Resolved ,16-04-2025 17:34,17/04/2025 18:10:24,559.61,564.76,14.99
T-101235,TXN3883958,PAY-OPS,Resolved,2025-04-22 14:36:00,23/04/2025 22:01:47,150.53,148.18,2.90
T-100896,TXN6772660,FUL-RUH,Resolved,07 Apr 2025 10:33,08/04/2025 09:47:36,535.90,534.36,15.05
T-101969,TXN9440781,CS-DXB,Resolved,21 May 2025 13:38,22/05/2025 03:19:00,3524.83,3420.36,43.28
T-100571,TXN2242644,CS-AUH,Resolved,25-03-2025 08:00,25 Mar 2025 16:58,1060.39,1027.05, 12.32 
T-102023,TXN2111023,CS-AUH,Resolved,22 May 2025 08:15,23-05-2025 01:07,142.68,142.13,1.50
T-100395,TXN1332375,FIN-OPS,Resolved,18 Mar 2025 14:48,18 Mar 2025 22:25,AED 116.94,119.61,1.14
T-101595,TXN3630205,PAY-OPS,Open,2025-05-06 07:54:00,,1860.45,"1,906.12",24.12
T-100832,TXN6066833,PAY-OPS,Resolved,05/04/2025 07:26,05/04/2025 20:25,AED 181.99,186.69,3.40
T-100448,TXN3659683,FUL-DXB,Resolved, 19/03/2025 16:42 ,2025-03-20 08:46:15,AED 155.35,151.51,3.61
T-101483,TXN5043094,PAY-OPS,Resolved,2025-05-01 12:36:00,02-05-2025 12:40,204.52,206.05,4.43
 T-100972 ,TXN8945547,FIN-OPS,Open,10/04/2025 07:37,,389.45,403.38, 4.55 
T-101585,TXN6625317,FUL-RUH,Resolved,05/05/2025 13:24:00,06/05/2025 17:05,107.40,105.14,4.03
T-101712,TXN4116221,FUL-DXB,Resolved,2025-05-09 09:48:00,09-05-2025 20:51,1100.02,1069.87,45.79
T-100043,TXN2699201,FIN-OPS,Resolved, 04/03/2025 10:16 ,04/03/2025 21:14,193.63,189.27,3.38
T-102072,TXN7878023,PAY-OPS,Resolved,26 May 2025 08:35,29/05/2025 03:37:50,204.87, 204.82 ,2.11
T-101711,TXN8999045,FUL-DXB,Resolved,09/05/2025 10:12:00,11/05/2025 11:07,292.38,284.98,6.01
T-101864,TXN8796777,PAY-OPS,Resolved,16 May 2025 07:27,16 May 2025 18:16,220.83,216.35,3.26
T-100076,TXN6327207,FUL-DXB,Pending,04 Mar 2025 14:12,,AED 403.78,398.97,9.68
T-100639,TXN2718398,PAY-OPS,Resolved,28/03/2025 10:57,2025-03-29 00:26:51,198.27,148.91,4.24
T-102166,TXN2244615,FIN-OPS,Open,2025-05-29 10:44:00,,2375.78,"2,354.85",40.48
T-101436,TXN9852584,FUL-DXB,Resolved, 29/04/2025 07:32:00 ,2025-04-30 07:29:44,AED 330.27,323.36,13.69
T-101229,TXN8326448,FIN-OPS,Resolved,22/04/2025 18:14:00,2025-04-24 21:13:08,380.02,395.00,7.43
T-100353,TXN2026367,FUL-DXB,Resolved,14-03-2025 09:06,15-03-2025 06:50,391.13,369.61,8.80
 T-101372 ,TXN5471366,CS-DXB,Resolved,28/04/2025 15:45,29/04/2025 22:01,AED 134.53,139.12,3.03
T-101553,TXN2949693,FIN-OPS,Resolved,05/05/2025 08:17,06/05/2025 01:33,360.69,353.74,5.53
T-101749,TXN7448965,CS-AUH,Resolved,12/05/2025 14:20:00, 13 May 2025 05:30 ,AED 592.14,608.43,8.09
T-101348,TXN6612437,CS-DXB,Resolved,25 Apr 2025 14:31,2025-04-27 12:43:28,390.83,386.25,5.23
T-100120,TXN1341626,FUL-RUH,Resolved,2025-03-05 15:20:00,06/03/2025 13:19:49,585.07,575.21,23.26
T-101383, TXN7952571 ,CS-DXB,Resolved,28-04-2025 07:28,2025-04-29 08:40:53,AED 349.93,340.35,8.21
T-101189,TXN4819826,FUL-DXB,Resolved,18/04/2025 08:10,19-04-2025 01:49,AED 517.69,519.52,20.26
T-100747,TXN1779529, CS-AUH ,Resolved,02/04/2025 18:16,03/04/2025 02:12,AED 357.50,362.86,4.50
T-101607,TXN7348513,CS-AUH,Resolved,06-05-2025 15:33,07 May 2025 09:07,174.71,176.83,3.49
T-101987,TXN9516456,FUL-DXB,Resolved,2025-05-21 13:55:00,22/05/2025 01:24:11,3901.79,3917.49,154.50
T-100957,TXN4096986,FUL-DXB,Resolved,09-04-2025 17:36,10-04-2025 17:12,410.77,401.33,18.15
 T-100852 ,TXN6535001,FUL-DXB,Resolved,05/04/2025 14:52:00,2025-04-06 21:54:28,AED 370.60,373.94,14.14
T-101624,TXN8996751,PAY-OPS,Resolved,07/05/2025 18:58,09 May 2025 18:48,158.13,159.04,1.86
T-101208,TXN5613441,CS-DXB,Resolved,21-04-2025 13:51,22/04/2025 13:18,558.31,558.83,8.21
T-100065,TXN2531093,CS-AUH,Escalated??,2025-03-04 14:08:00,05 Mar 2025 01:24,673.38,673.59,8.47
T-100850,TXN5033116,FUL-DXB,Open,05 Apr 2025 17:03,,193.20,190.34,6.15
T-101807,TXN9489790, PAY-OPS ,Resolved,14-05-2025 11:16,2025-05-14 17:45:55,261.70,239.41, 3.86 
T-101699,TXN1732329,CS-DXB,Resolved, 09-05-2025 16:44 ,09/05/2025 23:45:40,AED 756.89,748.14, 9.58 
T-100741, TXN1228592 ,CS-DXB,Resolved,02 Apr 2025 12:48, 2025-04-02 15:42:53 ,248.65,250.95,6.85
T-101356,TXN9927843,FUL-DXB,Resolved,25 Apr 2025 07:25,27/04/2025 01:46,94.59,117.75,2.09
T-101488,TXN7589768,CS-DXB,Resolved,31/02/2025 10:00,02 May 2025 07:24, AED 112.23 ,116.03,2.18
T-101375,TXN3438121,CS-DXB,Resolved,28/04/2025 11:11:00,29 Apr 2025 06:49,593.74,600.81,9.16
T-101222, TXN2939739 ,FUL-DXB,Resolved,21 Apr 2025 18:23,22/04/2025 17:48,887.23,880.60,29.58
T-100887,TXN5477970,FUL-DXB,Resolved,2025-04-07 15:50:00,09 Apr 2025 09:31,AED 122.12,122.84,4.72
T-100840,TXN7244917,CS-DXB,Resolved,05/04/2025 07:52:00,05/04/2025 20:05:05,AED 368.28, 368.88 ,4.50
T-102185,TXN2960371,FUL-DXB,Open,29/05/2025 09:56,,391.25,379.41,9.95
T-100588,TXN3018995,PAY-OPS,Resolved,26/03/2025 12:42,27/03/2025 02:59:37,AED 66.33,66.08,0.91
T-100064,TXN2310018,CS-AUH,Resolved,04/03/2025 10:45:00,04-03-2025 16:12,724.74,tbc,7.17
T-101955,TXN2411541,FUL-RUH,Resolved, 2025-05-20 15:50:00 ,2025-05-21 22:28:55,202.76,209.07,7.61
T-101903,TXN8988803,CS-DXB,Resolved,19 May 2025 08:35,19/05/2025 19:07,834.64,828.22,14.87
T-102197,TXN8503654,PAY-OPS,Open,30/05/2025 08:53,,452.57,468.15,7.01
T-101348,TXN6612437,CS-DXB,Resolved,25 Apr 2025 14:31,2025-04-27 12:43:28,390.83,386.25,5.23
T-100678,TXN9073591,CS-AUH,Resolved,31/03/2025 16:17:00,01-04-2025 08:49, 362.57 ,359.25,7.51
T-101022,TXN5972676,CS-AUH,Pending,11 Apr 2025 09:06,,AED 431.80,429.82,5.15
T-101406,TXN4140940,PAY-OPS,In Progress,29/04/2025 14:05,,267.25,277.65,5.25
T-101958,TXN4215410,FIN-OPS,Resolved,21/05/2025 15:17:00,22-05-2025 08:09,233.53,238.82, 2.74 
T-100451,TXN1620564,FUL-DXB,Resolved,2025-03-19 09:41:00,19 Mar 2025 14:38,"AED 2,607.06",2589.51,58.59
T-101180,TXN7704275,CS-AUH, Resolved ,18-04-2025 15:14,19/04/2025 18:06,AED 414.97,427.75, 4.79 
T-101257,TXN4858395,FUL-DXB,Resolved,2025-04-22 09:16:00,26-04-2025 19:59,AED 443.39,426.53,15.42
T-100443,TXN4836743,CS-AUH,Resolved,19 Mar 2025 10:59,19/03/2025 21:51,636.81,642.89, 10.53 
 T-100164 ,TXN6900687,PAY-OPS,Resolved,07/03/2025 09:27:00,07/03/2025 19:50:02,AED 918.06,933.55,15.61
T-101318,TXN2761808,FUL-DXB,Resolved,24/04/2025 10:27:00,2025-04-24 22:01:34,AED 184.43,183.10,4.87
T-101573,TXN7563443,CS-AUH,Resolved,05/05/2025 09:02,06 May 2025 06:26,84.71,83.59,1.69
T-101733,TXN3041400,PAY-OPS,Resolved,12/05/2025 08:06,2025-05-13 10:19:34,AED 218.89,219.35,2.34
T-101072,TXN9169946,FUL-DXB,Resolved,14-04-2025 18:05,16/04/2025 15:31:09,AED 308.20,304.99,10.78
T-101321,TXN6188443,FUL-DXB, Resolved ,24/04/2025 15:27,25/04/2025 06:38,419.41,419.37,16.63
T-100133, TXN2846800 ,CS-DXB,Resolved,06/03/2025 13:53,08 Mar 2025 02:10,391.26,382.74,9.02
T-102090,TXN2127760,FUL-DXB,Resolved,26-05-2025 10:03,27 May 2025 07:02,AED 472.92,478.68,13.23
T-100144, TXN4068954 ,FUL-DXB,Resolved,06 Mar 2025 13:56,2025-03-07 23:24:34,AED 261.01,251.35,7.87
T-102120,TXN2498949,FUL-DXB,Resolved,2025-05-27 07:53:00,31/05/2025 16:26:54,885.38,900.12,20.55
T-101997,TXN2905565,FUL-DXB,Resolved,21/05/2025 13:45,22-05-2025 05:27,330.30,326.21,10.74
T-101775,TXN1113228,PAY-OPS,Resolved,13-05-2025 11:01,2025-05-15 21:59:20,245.18,260.85,4.70
T-101127,TXN1435258,FUL-DXB,Resolved,2025-04-16 07:36:00,16/04/2025 21:16,351.80,359.25,14.86
T-100381, TXN3204748 , CS-AUH ,Resolved,2025-03-17 17:56:00,18/03/2025 08:04,2248.55,2308.02,36.83
T-100802,TXN8869606,CS-DXB,Resolved,2025-04-04 17:20:00,04 Apr 2025 15:20,AED 618.29,615.78,10.19
T-100315,TXN5131375,FUL-DXB,Resolved,13/03/2025 18:33:00,2025-03-18 07:14:22,179.41,180.36,5.94
T-102100,TXN5960493,PAY-OPS, Resolved ,27-05-2025 15:42,28/05/2025 10:06,"AED 1,176.96","1,185.04",25.27
T-100360,TXN2009182,FIN-OPS,Resolved, 17-03-2025 12:55 ,2025-03-18 07:02:31,440.96,454.34,8.49
T-101918,TXN1765383,FUL-DXB,Resolved,19-05-2025 17:59,20/05/2025 10:24,AED 175.60,174.11,6.68
T-100847, TXN3959525 ,FUL-DXB, Resolved ,2025-04-05 10:12:00,06 Apr 2025 03:02,413.31,393.29,16.81
T-101771,TXN5285375,FIN-OPS,Resolved,13/05/2025 14:56:00,14-05-2025 19:27,103.42,102.46,0.90
T-100920,TXN1685869,FUL-DXB,Resolved,08 Apr 2025 07:39,2025-04-09 03:57:52,112.52,113.26,2.45
T-100613,TXN7306754,PAY-OPS,Resolved, 27-03-2025 13:14 ,28/03/2025 15:01,256.87,250.80,4.28
T-101018,TXN3997195,CS-DXB, Resolved ,2025-04-11 14:29:00,2025-04-12 07:26:44,460.48,476.41,10.57
 T-101319 ,TXN9059680,FUL-DXB,Resolved,24-04-2025 15:42, 2025-04-25 12:16:52 ,169.11,171.93,6.61
T-100688,TXN8328619,FUL-DXB,Resolved,31/03/2025 16:22:00,02-04-2025 05:59,AED 424.11,418.76,12.89
T-100008,TXN5105167,PAY-OPS,In Progress,03 Mar 2025 10:30,,AED 320.13,318.92,4.25
T-101355,TXN4645759,FUL-DXB,Resolved,25/04/2025 15:53:00,29/04/2025 06:24,AED 335.35,tbc,7.15
T-100117,TXN9452747,FUL-DXB, Resolved ,2025-03-05 14:01:00,06/03/2025 00:27:28,351.42,363.38,7.53
T-100979,TXN4017383,CS-DXB,Resolved,10-04-2025 14:11,2025-04-11 08:30:28,AED 525.59,524.55,14.54
T-101663,TXN5606169,FUL-DXB,Resolved, 08/05/2025 11:11:00 ,09/05/2025 07:51:46,365.97,358.15,14.97
T-100872,TXN1214400,CS-DXB,Resolved,07/04/2025 12:30,07/04/2025 20:02,309.06,313.66,6.28
T-100079,TXN6727643,FUL-RUH,Resolved,2025-03-04 15:17:00,05/03/2025 08:40:24,232.05,232.37,6.50
T-102092,TXN8729891,FUL-RUH,In Progress,2025-05-26 17:16:00,,197.35,203.17,4.97
T-100324,TXN6934690,FIN-OPS,Pending,14-03-2025 17:12,,AED 317.52,313.14,5.03
 T-100549 ,TXN5118020,FUL-DXB,Resolved,24/03/2025 07:55:00,2025-03-25 05:46:11,94.10,95.75,3.70
T-100925,TXN4127432,FUL-DXB,Resolved,08 Apr 2025 08:16,2025-04-09 16:33:22,AED 469.85,492.33, 16.20 
T-100174,TXN8720986,FUL-DXB,Resolved,07/03/2025 12:26:00,08/03/2025 12:32,209.60,204.85,4.53
T-102032,TXN6348635,FUL-RUH,Resolved,2025-05-22 18:30:00,24-05-2025 05:04,137.74,135.38,4.90
T-101800,TXN7571391,FIN-OPS,Resolved,14 May 2025 09:46,2025-05-15 10:03:42,213.94,212.60,3.66
T-101349,TXN5066063,CS-DXB,Resolved,25/04/2025 12:14:00,26-04-2025 18:42,833.70, 813.58 ,21.09
T-100437,TXN1241057,CS-DXB,Resolved,19-03-2025 18:06,21/03/2025 17:55,465.20,477.61,5.80
T-101752,TXN4073870,FUL-DXB,Resolved,12-05-2025 12:15,13/05/2025 18:41:09, 572.69 ,571.87,14.03
T-100807,TXN4989865,CS-AUH,Resolved,04/04/2025 08:39:00,05-04-2025 02:20,835.67,816.47,15.97
T-102148,TXN5646720,CS-AUH,Open,28 May 2025 18:07,,AED 207.61,204.75,3.78
T-101142,TXN3214355,PAY-OPS,Resolved,17/04/2025 09:47:00,17 Apr 2025 16:38,217.62,221.31,3.36
T-101393,TXN5415469, FUL-DXB ,Resolved,2025-04-28 15:13:00,29-04-2025 21:13,296.97,298.55,9.61
T-101960,TXN8749176,FIN-OPS,Open,21/05/2025 08:03,, 234.04 ,233.14,1.99
 T-100238 ,TXN5448050,CS-AUH,Resolved,2025-03-11 07:04:00,11-03-2025 14:44,125.96,126.31,1.58
T-101869,TXN5693090,CS-DXB,Resolved,2025-05-16 08:10:00,2025-05-16 21:36:50,"AED 1,487.46","1,495.73",25.91
T-102059,TXN7297558,CS-AUH,Resolved,23 May 2025 13:08,23 May 2025 23:35,614.39,622.73,7.43
T-100748,TXN4937681,CS-AUH,Resolved,02/04/2025 10:08,02/04/2025 21:50,AED 189.79,186.43, 3.40 
T-100096,TXN1321173,CS-DXB,Resolved,05/03/2025 16:34:00,05 Mar 2025 20:40,90.16,88.96,2.05
T-102173, TXN6407329 ,CS-DXB,Open,29-05-2025 18:40,,AED 491.87,502.60, 7.50 
T-100046,TXN6666566,FIN-OPS,Resolved,04-03-2025 16:12,05/03/2025 07:15:10,303.16,302.51,4.95
T-101302,TXN2558415,CS-DXB, Resolved ,24/04/2025 08:02:00,24/04/2025 18:07,AED 138.71,142.00,2.98
T-100728,TXN3188827,FIN-OPS,Resolved,02/04/2025 15:47:00,03 Apr 2025 06:53,223.96, 230.68 , 4.07 
T-102182,TXN1896811,FUL-DXB,Open,29/05/2025 12:24,,482.03,481.99,18.02
T-101001,TXN4244851,FIN-OPS,Resolved,11-04-2025 12:59, 11/04/2025 10:59:00 ,158.36,158.75,2.06
T-100898,TXN5448122,FIN-OPS,Resolved,2025-04-08 11:22:00,08-04-2025 09:22,364.27,360.46,6.67
T-100953,TXN7774777,CS-DXB,Resolved,09-04-2025 07:46,09/04/2025 20:02:17,AED 201.42,197.80,3.81
T-100818,TXN5865720,FUL-DXB,Resolved,2025-04-04 18:58:00,05-04-2025 14:49,195.71,198.27,6.77
T-100191,TXN3972821,FIN-OPS,Resolved,10 Mar 2025 09:01,10 Mar 2025 19:51,745.43,747.15, 13.21 
 T-101466 ,TXN1982569,FUL-DXB,Resolved,30/04/2025 15:17,01 May 2025 16:08,AED 886.79,885.15,23.47
T-101019,TXN3246871,CS-DXB,Resolved,11/04/2025 08:18,12-04-2025 08:30,1097.43,1114.87,17.89
T-101196,TXN4949691,FUL-RUH,Resolved, 18/04/2025 16:35:00 ,2025-04-18 14:35:00,AED 456.54,455.61,12.20
T-101442,TXN5766038,FIN-OPS,Resolved,30 Apr 2025 15:51,01/05/2025 06:37,1317.51,"1,300.81",19.56
T-100207,TXN9450976,CS-DXB,Resolved,10/03/2025 09:30,11-03-2025 01:37, 117.40 ,115.27,2.11
T-100092,TXN2991951,PAY-OPS,Resolved,2025-03-05 07:35:00,08/03/2025 03:53:06,351.47,360.29,5.78
T-100698, TXN8694671 , FIN-OPS ,Resolved,01/04/2025 10:57,02/04/2025 21:11,AED 325.79,327.03,4.73
T-102009,TXN8547880,PAY-OPS,Resolved,22/05/2025 07:48, 24/05/2025 16:18:42 ,468.89,467.52,7.79
T-101403, TXN6115348 ,FIN-OPS,Resolved,29/04/2025 15:30,2025-05-02 12:47:59,AED 400.90,409.64,6.24
T-100662,TXN5116060,FUL-RUH,Escalated??,28/03/2025 15:22,30-03-2025 10:47,335.72,329.97,12.72
T-100503,TXN1529341,PAY-OPS,Resolved,2025-03-21 10:07:00,22 Mar 2025 22:17,298.03,272.93, 3.63 
T-102168,TXN6647111,FIN-OPS,Open,2025-05-29 18:30:00,,591.15,580.76,10.07
T-101226,TXN5579472,FUL-RUH,In Progress,21/04/2025 09:40:00,,1471.86,1597.06,49.75
T-100586,TXN3566026,PAY-OPS,Resolved,26/03/2025 13:21, 28/03/2025 01:37:57 ,481.62,441.68,8.98
T-102060,TXN7695478,CS-AUH,Resolved,2025-05-23 13:01:00,24-05-2025 09:55,"AED 2,176.22",2260.30,25.29
T-100906,TXN6551761, CS-DXB ,Resolved,08-04-2025 10:41,09/04/2025 15:00:32,AED 870.13,955.67,11.19
T-101219,TXN6189361,FUL-DXB,Resolved,21 Apr 2025 15:23,22 Apr 2025 22:02,663.66,685.50,15.85
T-100424,TXN2388616,PAY-OPS,Resolved,19/03/2025 14:59,20/03/2025 22:27,785.99,781.52, 10.47 
T-101879,TXN1910820,FUL-DXB,Resolved, 16/05/2025 17:15:00 ,17/05/2025 17:57:32,521.84,524.56, 16.05 
T-100522,TXN6360443,FUL-RUH,Resolved,2025-03-21 16:02:00,2025-03-24 01:17:39,AED 844.12,835.27,33.27
T-101265,TXN1693397,FIN-OPS,Resolved,23/04/2025 12:28:00,24-04-2025 09:01,632.63,634.72,7.35
T-101819,TXN3430304,CS-AUH,Resolved, 14-05-2025 08:12 ,15/05/2025 00:46,415.65,423.72,7.48
T-102104,TXN3001511,PAY-OPS,Resolved,27/05/2025 12:17:00,30/05/2025 00:00,895.20,875.09,15.05
T-102172,TXN6781777,PAY-OPS,Open,29-05-2025 18:06,,AED 202.45,198.02,2.47
 T-100297 ,TXN4935843,CS-DXB,Resolved,31/02/2025 10:00, 15/03/2025 00:13 ,412.90,400.79,6.80
T-100101,TXN2505514,CS-AUH,Resolved,05 Mar 2025 09:22,05 Mar 2025 21:57,AED 463.12,461.53,8.22
T-101140,TXN8280836,FIN-OPS,Resolved,2025-04-17 12:22:00,17/04/2025 23:39:50,784.30,787.93, 9.08 
T-100185, TXN4082854 ,FUL-RUH,Resolved,07/03/2025 09:50:00,08 Mar 2025 02:20,AED 196.82,201.19,8.21
T-100027,TXN8406259,FUL-DXB,Resolved,03/03/2025 15:40:00,2025-03-05 01:32:01,128.19,131.08,4.08
T-100469,TXN6053884,PAY-OPS,Resolved,20 Mar 2025 09:53,21/03/2025 09:03,695.82,557.39,12.27
T-100689,TXN1200064,FUL-DXB,Resolved,31/03/2025 09:41:00,2025-04-03 20:34:18,311.31,340.65,9.90
T-100280,TXN1638082,FUL-DXB,Resolved,2025-03-12 07:55:00,13 Mar 2025 13:51,554.56,561.00,16.58
T-100540,TXN9257110,CS-AUH,Resolved,24/03/2025 17:35,24/03/2025 23:35,116.61,117.37,1.11
T-102134,TXN9883841,CS-DXB,Open,28 May 2025 10:10,,AED 223.47,223.35,3.17
T-101617,TXN4864764,FUL-DXB, Resolved ,06/05/2025 07:56,10/05/2025 03:54:10,1443.56,1469.17,37.99
T-100946,TXN5427069,CS-DXB,Resolved,09-04-2025 17:41,10 Apr 2025 05:31,381.15,387.55,8.20
T-100575,TXN2491716,FUL-DXB, Resolved ,25-03-2025 09:33,26 Mar 2025 07:00,AED 685.14, 726.77 ,18.41
T-101414,TXN5147484,CS-DXB,Resolved,2025-04-29 16:30:00,30 Apr 2025 01:54,AED 674.90,689.61,8.76
T-101481,TXN1810392,FIN-OPS,Resolved,2025-05-01 13:58:00,01/05/2025 23:24,400.36,398.92,3.56
T-101947,TXN2068225,FUL-DXB,Pending,20/05/2025 07:58,,597.73,577.50,23.90
T-100529,TXN8156988,PAY-OPS,Resolved,24-03-2025 12:37,25-03-2025 05:09, 1359.14 ,1349.30,22.16
T-101893,TXN9185379,FIN-OPS,Resolved,19-05-2025 14:17,20/05/2025 10:32:24,792.60,891.94,11.55
T-100110, TXN2639808 ,FUL-DXB,Resolved,05/03/2025 18:19,06/03/2025 20:38:09,AED 405.41,402.14,16.30
T-101658,TXN8275269,CS-DXB,Resolved, 08/05/2025 13:24 ,09-05-2025 08:10,237.00,225.01,3.44
T-100784,TXN3718928,FUL-DXB,Resolved,03/04/2025 10:14,03-04-2025 20:50,281.21,291.23,10.63
T-101425,TXN4593868,CS-AUH,Resolved,29 Apr 2025 07:40,2025-04-29 20:03:28,AED 424.54,432.04,4.47
T-102136,TXN2133125,CS-DXB,Open,28/05/2025 17:36,,408.22,404.88,6.17
T-100402,TXN6104846,CS-DXB,Resolved,18/03/2025 17:40:00,2025-03-19 07:34:56,AED 481.93,479.47,6.93
T-100159,TXN2274577,FIN-OPS,Resolved,07/03/2025 13:07,07-03-2025 22:05,63.21,64.19,0.88
T-100446, TXN4760441 , FUL-DXB ,Resolved,2025-03-19 15:24:00,20/03/2025 13:33,"AED 1,333.32",1336.37, 42.87 
T-101803,TXN3287623,PAY-OPS,Resolved,14 May 2025 18:38, 18-05-2025 01:50 ,1451.64,"1,440.91",31.96
T-100572, TXN8661452 ,CS-AUH,Resolved,25-03-2025 14:07,26-03-2025 11:43,1373.46,1358.44,22.25
T-102003,TXN9709709,FIN-OPS,Resolved,2025-05-22 09:42:00,2025-05-25 15:22:03,AED 192.83,199.95,2.32
T-101119,TXN3579432,CS-DXB,Resolved,16-04-2025 14:15,2025-04-17 15:39:16,144.05,146.71,3.96
T-101382,TXN1556472,CS-DXB,Resolved,28/04/2025 17:14:00,29/04/2025 03:23,431.97,429.97,8.30
T-100215,TXN7260923,FUL-DXB,Resolved,10-03-2025 08:28,12-03-2025 02:35,349.38,260.83,15.02
T-100779,TXN5843214,CS-AUH, Resolved ,2025-04-03 08:22:00,03/04/2025 23:41,AED 350.41,341.25,4.05
T-101441,TXN6058762,FUL-RUH,Resolved,29/04/2025 18:22:00,30-04-2025 05:50,471.69,470.77,17.45
T-100310,TXN2712737,CS-AUH,Resolved,13 Mar 2025 07:39,14 Mar 2025 04:28,585.00,599.03,11.44
 T-101161 ,TXN2919568,FUL-DXB,Resolved,2025-04-17 08:59:00,18/04/2025 13:34:41,466.27,454.27, 11.93 
T-101622,TXN1482231,PAY-OPS,Resolved,07/05/2025 10:56,2025-05-08 16:55:09,197.81,197.26,2.13
T-101817,TXN4616361,CS-DXB,Resolved,14 May 2025 07:40,2025-05-14 21:52:27,AED 403.98, 402.79 ,8.73
T-100429,TXN8912878,PAY-OPS,Pending,19/03/2025 10:56:00,,685.30,600.78,14.50
T-100713,TXN7525332,CS-AUH,Resolved,01/04/2025 16:12:00,02/04/2025 05:22:26,AED 673.06,655.72,12.39
T-101224,TXN3785185,FUL-DXB,Resolved,21 Apr 2025 14:14,2025-04-23 16:11:26,AED 336.56,338.91,12.77
T-101413,TXN2656581,CS-DXB,Resolved,29-04-2025 15:06,30/04/2025 01:40:57,188.89,190.38,2.55
T-102164,TXN2513502,FIN-OPS, Open ,29-05-2025 16:08,,1215.03,1217.85,10.70
T-101767,TXN2451521,FUL-RUH,Resolved,12/05/2025 16:55,14-05-2025 03:03,1189.99,1197.31,45.79
T-101274,TXN1438827,CS-AUH,Resolved,31/02/2025 10:00,24/04/2025 09:08,"AED 2,251.79",2213.22,31.26
T-100596,TXN1306798,FUL-DXB,Resolved,2025-03-26 07:41:00,27-03-2025 08:05,412.31,413.65,17.50
T-101422,TXN1582606,CS-AUH,Resolved,31/02/2025 10:00,30-04-2025 01:04,106.01,108.41,2.15
T-101923,TXN8891429,FUL-DXB,Resolved,19-05-2025 08:14,24/05/2025 00:31:22,207.13,205.98,5.34
T-100517,TXN8221526,FUL-DXB, In Progress ,21/03/2025 18:32,,645.91, 629.26 ,13.48
T-101460,TXN4039253,CS-AUH,Resolved,30 Apr 2025 17:57,01/05/2025 13:01,297.33,293.65,3.46
T-100759,TXN8489768,FUL-RUH, Resolved ,2025-04-02 16:58:00,2025-04-05 11:19:58,AED 705.18,696.18,14.51
T-100273, TXN6203372 ,CS-AUH,Resolved,12/03/2025 08:32,13-03-2025 06:55,"AED 2,954.91",2897.16,27.94
T-100140,TXN5946269,CS-AUH,Resolved,06 Mar 2025 18:42,06/03/2025 23:48,422.14,431.84,3.97
T-101502,TXN8110776,FUL-DXB,Resolved,01 May 2025 17:24,04/05/2025 23:07,237.29,239.20,9.03
T-101217,TXN4665132, FUL-DXB ,Open,31/02/2025 10:00,,"AED 1,711.36","1,732.61",42.66
T-101877,TXN2188910, FUL-DXB ,Resolved,16 May 2025 09:03, 16 May 2025 07:03 ,AED 487.86,494.28,21.21
T-102211,TXN1366072,CS-DXB,Open,30/05/2025 17:03,,431.97,431.19,10.77
T-100675, TXN9889184 ,CS-DXB,Resolved,2025-03-31 08:15:00,2025-04-01 01:01:11,1093.30,1145.62,19.92
T-100820,TXN1908565,FUL-DXB,Resolved,04-04-2025 10:21,2025-04-05 18:50:56,AED 203.67,199.59,5.74
T-100432,TXN4379182,PAY-OPS,Resolved,19-03-2025 09:56,20-03-2025 01:53,811.59,700.03,13.73
T-101934,TXN7940600,CS-DXB,Resolved,20/05/2025 15:22,21-05-2025 12:07,"AED 1,301.29","1,274.02",17.67
 T-101631 ,TXN6368748,CS-AUH,Resolved,07/05/2025 13:20,08/05/2025 12:53:40,499.79,494.80,8.38
T-101069, TXN6153749 ,FUL-DXB,Resolved,31/02/2025 10:00,2025-04-16 08:32:36,1146.01,1142.95,25.29
T-101007,TXN7418956,PAY-OPS,Resolved,11 Apr 2025 13:48,12-04-2025 15:04,AED 536.10,552.70,9.76
T-101400,TXN1802075,FUL-RUH, Resolved ,28 Apr 2025 07:41,02-05-2025 19:11,AED 208.34, 213.24 ,8.14
T-101704,TXN1549516,CS-AUH,Resolved,2025-05-09 18:26:00,2025-05-10 22:40:25,558.22,685.98,8.68
T-101457,TXN2935312,CS-AUH,Resolved,2025-04-30 09:44:00,01-05-2025 12:35,"AED 1,339.43",1310.22,13.45
T-101470,TXN4032614,FUL-RUH,Resolved,2025-04-30 09:12:00,01 May 2025 05:20,90.23,90.21,1.81
T-101221,TXN5621349,FUL-DXB,Resolved,21/04/2025 08:52:00,23/04/2025 03:51,285.37, 283.60 ,5.94
T-102037,TXN1431415,FIN-OPS,Resolved,23-05-2025 07:32,23 May 2025 22:05,AED 65.60,66.76,0.70
T-100061, TXN5218819 ,CS-AUH,Resolved,04 Mar 2025 13:45,04 Mar 2025 21:30, 1580.39 ,"1,236.47",22.20
T-101906,TXN4500383,CS-DXB,Resolved,19-05-2025 18:53,20 May 2025 09:45,190.14,240.60,2.90
T-100683,TXN9766639,FUL-DXB,Resolved,31/03/2025 11:40,01/04/2025 01:15:57,"AED 1,248.91",1249.51,51.97
T-100734,TXN8484282,PAY-OPS,Resolved,2025-04-02 17:06:00,2025-04-05 08:02:38,AED 205.71,208.28,2.94
 T-101887 ,TXN3552073,FUL-DXB,Resolved,16-05-2025 18:53,17-05-2025 20:43,595.75,585.96,23.30
,TXN4774856,CS-DXB,Resolved,09-05-2025 10:22,09-05-2025 19:21,492.15,491.30,13.32
T-101416,TXN4517649,CS-DXB,Resolved,29-04-2025 12:54,30-04-2025 03:10,461.40,460.92,6.29
T-100721,TXN8830752,FUL-DXB,Resolved,01 Apr 2025 08:41,03/04/2025 19:01,685.11,694.56,20.62
T-101153,TXN2091331,CS-AUH,Pending,17-04-2025 15:56,,1402.19,"1,428.18",17.98
T-100890,TXN5591799,FUL-DXB,Resolved,07-04-2025 11:21,10 Apr 2025 06:47,1443.80,1616.23,59.17
T-101289,TXN8789274,FIN-OPS,Resolved,24-04-2025 18:40,26-04-2025 19:25,266.50,270.31,4.05
T-100009,TXN8627644,PAY-OPS,Resolved,03/03/2025 11:38,2025-03-04 04:57:18,376.18,366.63,6.39
T-101912,TXN6300434,CS-AUH,Resolved,2025-05-19 07:14:00,20/05/2025 04:07,2007.83,2097.39,35.19
T-102013,TXN4677415,CS-DXB,Resolved,2025-05-22 13:58:00,2025-05-23 06:44:49,AED 94.94,97.65,2.43
T-101528,TXN4350185,CS-AUH, Resolved ,02-05-2025 14:20,2025-05-03 04:25:45,AED 337.09,337.34,3.26
T-102063,TXN8306384,FUL-DXB,Resolved,23/05/2025 14:34,29/05/2025 09:08:06,737.09,745.00,17.24
T-100527,TXN8165477,FIN-OPS,Resolved,24-03-2025 15:51,25-03-2025 05:57,1079.62, 1079.83 ,10.34
T-100978,TXN2383905,CS-DXB,Resolved, 10/04/2025 17:33:00 ,11-04-2025 00:09,211.68,213.30,2.58
T-100507,TXN5020525,CS-DXB,Resolved,21-03-2025 08:19,21-03-2025 15:28,260.28,265.65,7.14
T-101231,TXN4492770,FIN-OPS,Resolved,22 Apr 2025 14:21,23/04/2025 16:52,1261.36,"1,223.34",13.17
T-100902,TXN3543959,PAY-OPS,Resolved,08/04/2025 12:44:00,09-04-2025 21:41,376.03,370.03,7.35
T-100003,TXN7692901,FIN-OPS,In Progress,03/03/2025 11:12,,768.29,800.57, 9.19 
T-101537,TXN2540693,FUL-DXB,Resolved,02/05/2025 14:02,03-05-2025 12:37,591.95,588.42,12.54
T-100717,TXN8913361,FUL-DXB,Resolved,01/04/2025 10:29,03-04-2025 03:19,AED 609.71,622.21,12.30
T-100271,TXN4405499,CS-DXB,Resolved,12-03-2025 09:00,2025-03-13 23:46:27,721.34,733.09,13.06
T-101017, TXN7040382 ,CS-DXB,Resolved,11 Apr 2025 15:24,12 Apr 2025 22:10,AED 266.26,tbc,4.19
T-101884,TXN3781119,FUL-DXB,Resolved,16/05/2025 17:44:00,18-05-2025 08:23,412.48,450.58,10.16
T-101867,TXN2549556,PAY-OPS,Resolved,16/05/2025 08:10:00,18-05-2025 15:59,AED 687.62,688.85,11.49
T-100055,TXN3123119,CS-DXB,Resolved,04 Mar 2025 09:20,05-03-2025 08:40,211.60,193.14,4.94
T-100541,TXN2114284,CS-AUH, Resolved ,24/03/2025 14:40,24 Mar 2025 22:50,290.56,tbc,3.79
T-101590,TXN1402146,FUL-RUH,In Progress, 05 May 2025 15:55 ,,AED 671.85,675.98,23.20
T-100767,TXN1451018,PAY-OPS,Resolved,03-04-2025 11:18,04/04/2025 00:35,697.80,685.02,9.65
T-101656,TXN7556710, CS-DXB ,Resolved,08/05/2025 10:35:00, 09-05-2025 03:47 ,530.91,527.56,8.71
T-101371,TXN5959446,PAY-OPS,Resolved,28/04/2025 13:33,29/04/2025 09:39,673.76,659.77,13.07
T-100190,TXN6008598,FIN-OPS,Resolved,10 Mar 2025 16:30,10/03/2025 23:26,AED 106.27,106.15,1.51
T-100109,TXN4126044,FUL-DXB,Resolved,2025-03-05 08:39:00,06/03/2025 16:30:05,607.84,688.32,20.54
T-100538,TXN6509714,CS-DXB,Resolved,24/03/2025 13:34:00,2025-03-25 08:06:58,1359.68,1301.99,23.50
T-100855,TXN9202612,FUL-DXB,Resolved,05/04/2025 17:05,06/04/2025 20:21,785.69,770.78,31.15
T-101972,TXN7461091,CS-DXB,Resolved, 21-05-2025 13:32 ,21-05-2025 20:20,"AED 1,089.57",1063.27,18.39
T-102012,TXN6031635,CS-DXB,Pending,2025-05-22 09:01:00,,395.13,396.97,4.98
T-100023,TXN2143696,CS-AUH,Resolved,03/03/2025 12:55,03/03/2025 19:10:07,1166.62,1209.21,16.45
T-100377,TXN2874565,CS-DXB,Resolved,17 Mar 2025 14:42,2025-03-18 22:25:27,761.19,768.87,15.66
T-100737,N/A,PAY-OPS, Resolved ,02/04/2025 11:36:00,2025-04-03 08:00:47,AED 163.80,163.12, 3.25 
T-101664,TXN6307037,FUL-DXB,Resolved, 08 May 2025 11:13 ,09 May 2025 19:56,AED 195.18,194.07,6.99
T-100595,TXN4264734,FUL-DXB,Resolved,26 Mar 2025 14:54,27 Mar 2025 11:12,165.22,166.95,5.57
T-100349,TXN8140532,FUL-DXB,Resolved,14-03-2025 18:28,16/03/2025 06:22,789.82,785.13,32.25
T-100206,TXN5968354,CS-DXB,Resolved, 10/03/2025 18:35 ,10-03-2025 22:26,471.95,473.15,6.62
T-100094,TXN1916996,CS-DXB,Resolved,05/03/2025 13:54:00,06/03/2025 08:49,378.67,379.38,5.13
T-100808,TXN8719427,CS-AUH,Pending,04/04/2025 14:25:00,,AED 496.92,502.66,5.68
T-101249,TXN7792907,CS-AUH,Resolved,22-04-2025 08:28,23-04-2025 00:10,354.85,357.86,5.73
T-102081,TXN4947745,CS-AUH,Resolved,26/05/2025 10:29,2025-05-28 01:19:16,AED 339.67,336.20,6.89
T-102151,TXN2818276,FUL-DXB,Open,28-05-2025 11:26,,319.78,319.56,12.61
T-101730,TXN9657798,PAY-OPS,Resolved,12/05/2025 12:43:00,13-05-2025 18:04,748.44,749.92,12.72
T-101523,TXN2083043,CS-DXB,Resolved,02/05/2025 14:22,03-05-2025 03:22,AED 344.71,356.04,5.26
T-101323, TXN4913838 ,FUL-DXB,Resolved,24 Apr 2025 12:45,26-04-2025 07:38,578.50,614.03,23.12
T-100447,TXN1218447,FUL-DXB,Resolved,19-03-2025 08:53,22/03/2025 12:36:53,AED 370.98,377.00,7.61
T-101424,TXN5119093,CS-AUH,Resolved,29/04/2025 07:21:00,29 Apr 2025 18:33,210.76, 208.42 ,4.20
T-101117,TXN3018190,CS-DXB,Resolved,2025-04-16 10:45:00,2025-04-16 21:58:32,1038.87,"1,009.79",25.64
T-100568,TXN8940645,CS-AUH,Resolved,25/03/2025 07:10:00,2025-03-25 18:09:05,AED 463.04,331.39,4.81
T-101644,TXN4534732,FIN-OPS,Resolved,08/05/2025 12:13,09/05/2025 09:09,351.70,356.49,6.35
T-100936,TXN6574127,FIN-OPS,Resolved,09/04/2025 15:24:00,10/04/2025 03:45,AED 810.60,832.97,7.27
T-101295,TXN5885967,PAY-OPS,Open,24 Apr 2025 14:15,,181.17, 186.62 ,1.90
T-102033,TXN4710965,FUL-RUH,Resolved, 2025-05-22 09:38:00 ,23/05/2025 10:00:50,302.35,307.62,9.88
T-101729,TXN1029420,PAY-OPS,Resolved,12 May 2025 11:21, 2025-05-13 19:21:08 ,1111.99,1141.03,17.79
T-101993,TXN2080205,FUL-DXB,Open,21/05/2025 11:09,, 224.72 ,219.47,5.06
 T-100778 ,TXN3452027,CS-DXB,Resolved,03/04/2025 13:31:00,04/04/2025 07:49:34,AED 406.78,405.25,9.47
T-101610,TXN3781062,FUL-DXB,Resolved,06/05/2025 13:07:00, 07/05/2025 10:06:08 ,"AED 1,501.11",1477.68,64.23
T-101005,TXN1020696,PAY-OPS,Resolved,11/04/2025 15:34,13-04-2025 18:42,510.74,521.92,10.38
T-100399,TXN9593882,PAY-OPS,Resolved,18 Mar 2025 18:27,19-03-2025 14:54,321.27,230.36,3.71
T-100708,TXN3266069,CS-DXB,Resolved,2025-04-01 13:26:00,01/04/2025 21:19,523.38,512.02,7.74
T-100561,TXN4203736,PAY-OPS,Resolved,25-03-2025 18:55,2025-03-29 10:19:06,440.24,430.21,6.63
T-102036,TXN6290383,FIN-OPS,Resolved,2025-05-23 09:57:00,24 May 2025 01:15,545.71,550.27,7.06
T-101809,TXN4106382,PAY-OPS,Resolved,14/05/2025 17:51,15-05-2025 12:56,AED 39.97,39.91,0.71
T-101568,TXN6793242,CS-DXB,Resolved,05/05/2025 18:35:00,06/05/2025 08:51:47,AED 286.17,279.19,5.90
T-100956,TXN1750814,FUL-DXB,Resolved,09-04-2025 17:21,2025-04-10 10:49:06,329.05,250.38,12.85
T-101271,TXN5299523, CS-DXB ,Resolved,2025-04-23 14:23:00,2025-04-23 20:51:04,287.21,288.55, 6.83 
T-101459,TXN9516609,CS-AUH,Resolved,30-04-2025 07:35,01-05-2025 06:25,AED 834.47,832.59,12.60
 T-101693 ,TXN2170852,CS-DXB,Resolved,09/05/2025 08:57:00,09/05/2025 15:12,398.51,406.96,7.35
T-100470,TXN8327901,PAY-OPS,Open,20-03-2025 09:19,,206.02,196.15,4.59
T-100987,TXN4343750,FUL-DXB,Resolved,10/04/2025 15:19:00,11 Apr 2025 15:27,323.18,339.25,10.45
T-100433,TXN1526754,CS-DXB,Resolved,2025-03-19 11:25:00,19 Mar 2025 23:50,"AED 1,577.88","1,573.13",41.31
T-101125,TXN6587001,FUL-DXB,Resolved,16/04/2025 08:54,17-04-2025 07:51,294.73,348.04,9.35
T-100810,N/A,FUL-DXB,Resolved,04-04-2025 07:43,2025-04-04 23:18:33,883.05,889.59,20.91
T-101747,TXN8994756,CS-DXB,Resolved,12/05/2025 18:45,13/05/2025 08:43:17,748.00,742.25,20.78
T-100131,TXN7894454,PAY-OPS,Resolved,2025-03-06 17:54:00, 08 Mar 2025 03:51 ,462.54,474.80,8.34
T-100982,TXN6076069,CS-AUH,Resolved,10 Apr 2025 14:53,11/04/2025 12:53:11,1271.04,1280.06,12.46
T-100848,TXN6458020,FUL-DXB,Resolved,2025-04-05 09:44:00,05-04-2025 21:39,326.75,323.10,11.15
T-102070,TXN5130660, PAY-OPS ,Resolved,26/05/2025 16:51:00,28/05/2025 07:10,239.53,246.12,3.39
T-100945,TXN7948055,PAY-OPS,Resolved,09/04/2025 09:42:00,2025-04-11 21:48:42,352.79,356.15,7.01
T-100025,null,CS-AUH,Resolved,03-03-2025 16:29,04/03/2025 14:42,596.02,706.19,12.24
T-100584,TXN9196421,FIN-OPS,Resolved,26 Mar 2025 14:39, 2025-03-27 09:18:30 ,AED 604.54,612.93,11.66
,TXN3760543,FIN-OPS,Resolved,18-03-2025 16:12,19-03-2025 07:01,343.05,347.82,4.51
T-100343,TXN2269705,CS-AUH,Pending,2025-03-14 10:38:00,,AED 182.35,178.26,2.35
T-100407,TXN5366076,CS-DXB,Resolved,18/03/2025 07:13,2025-03-18 22:09:21,"AED 1,079.64",1059.51,15.80
T-101766,TXN9678715,FUL-RUH,Resolved,12-05-2025 10:34,15 May 2025 08:55,237.13,238.66,7.83
T-100156,TXN1782491, FIN-OPS ,Resolved, 07/03/2025 18:34:00 ,08-03-2025 18:38,681.72,670.02,9.96
T-102217,TXN5266008,FUL-DXB,Open,30/05/2025 17:04,,232.15,223.19,9.19
T-101765,TXN6060437,FUL-RUH,Resolved,2025-05-12 14:25:00,13/05/2025 04:50:31,268.54,266.11,10.01
T-102042,TXN5209624,PAY-OPS,Resolved,23-05-2025 14:28,24 May 2025 12:06,450.41,434.64,7.47
T-101023,TXN1565360,CS-AUH,Resolved,11/04/2025 17:00:00,12-04-2025 04:20,86.24,86.33,1.78
T-100873,TXN6081496,CS-DXB,Resolved,07/04/2025 08:30,08 Apr 2025 13:13,250.80,253.46,6.23
T-101572,TXN5634249,CS-AUH,Resolved,05 May 2025 15:14,06-05-2025 04:19,399.01,403.73,5.09
T-100630,TXN5764029,FUL-DXB,Resolved,27-03-2025 08:17,27/03/2025 19:07,AED 151.85,151.54,2.99
T-100552,TXN9276364,FUL-RUH,Resolved,24/03/2025 17:25,26/03/2025 04:37:51,482.19,477.60,11.59
T-101808,TXN7825960,PAY-OPS,Resolved, 14-05-2025 08:39 ,14-05-2025 21:39,AED 158.50,164.15,1.66
T-101352,TXN9586900,CS-AUH,Resolved,25 Apr 2025 10:17,2025-04-26 21:10:21,AED 203.53,205.74, 3.45 
T-101057,TXN5098584,CS-DXB,Resolved, 14-04-2025 09:01 ,16 Apr 2025 08:19,623.34,633.36,16.06
T-100881,TXN3984009,CS-AUH,Open,2025-04-07 13:13:00,,AED 546.65,528.24,9.11
T-101601,TXN8574853,PAY-OPS, Resolved ,06-05-2025 10:50,06/05/2025 23:11,683.01,677.82,12.70
T-100180,TXN5482694,FUL-DXB,Resolved,07 Mar 2025 15:21,08-03-2025 00:27,216.85,215.26, 4.87 
T-100948,TXN8562759,CS-DXB,Resolved,09-04-2025 17:00,10/04/2025 03:45:55,190.96,196.28,2.49
T-101088,TXN2980641,CS-DXB,Resolved,15 Apr 2025 18:15,16 Apr 2025 04:02,333.25,328.96,5.29
T-100011,TXN3200035,PAY-OPS,Resolved, 03 Mar 2025 10:18 ,05/03/2025 19:15,232.62,234.65,4.18
T-100355,TXN8299125,FUL-RUH,Resolved,14 Mar 2025 13:05,16/03/2025 01:50:38,AED 239.67,241.98, 9.20 
T-100068, TXN6372738 ,FUL-DXB,Resolved,04 Mar 2025 18:13,2025-03-05 21:53:57,360.96,359.44,7.44
T-101992,TXN6900098,FUL-DXB,Resolved,21 May 2025 17:53,23/05/2025 11:10:41, AED 320.27 ,320.06,8.54
T-100146,TXN4759824,FUL-DXB,Resolved,06 Mar 2025 18:59,07-03-2025 07:32, 238.60 ,241.84,7.89
T-101045,TXN8015242, CS-DXB ,Pending,2025-04-14 14:44:00,,AED 307.69,309.03,5.26
T-100416,TXN4757543,FUL-DXB,Resolved,18/03/2025 07:46:00,19/03/2025 08:09,AED 691.97,638.72,30.29
T-100393,TXN6297715,FIN-OPS,Resolved,18/03/2025 12:25:00,2025-03-19 15:23:35,156.31,158.31,1.73
T-101902,TXN6402190,CS-DXB, Resolved ,2025-05-19 09:19:00,20-05-2025 01:37,39.70,40.16,0.99
T-100524,TXN6715255,FIN-OPS,Resolved,24 Mar 2025 17:12,26/03/2025 00:42:36,236.90,236.93,2.42
T-100166,TXN4946417,CS-DXB,Resolved,2025-03-07 18:56:00,08/03/2025 07:23:41,1124.67,"1,127.44",30.38
T-101821,TXN9062961,FUL-DXB,Resolved,14/05/2025 09:44,2025-05-14 22:02:48,259.56,266.89,5.90
T-100438,TXN2844245,CS-DXB,Resolved, 19/03/2025 16:23 , 2025-03-20 02:50:51 ,1328.11,1375.93,32.66
T-101532,TXN7087057,FUL-DXB,Resolved, 02-05-2025 18:42 ,06/05/2025 22:13:29,866.14,841.94,30.79
T-101476,TXN1894324,FIN-OPS,Open,01 May 2025 16:31,,688.89,679.23,11.64
T-100056,TXN5045908,CS-DXB,Resolved,2025-03-04 15:57:00,06/03/2025 19:05:09,AED 477.24, 473.17 ,10.08
T-100139,TXN9049613,CS-DXB,Resolved,06 Mar 2025 16:16,07 Mar 2025 00:14,1501.86,1557.29,24.67
T-101990,TXN4640663,FUL-DXB,In Progress, 2025-05-21 11:55:00 ,,166.48,168.42,5.64
T-100196,TXN5726564,PAY-OPS,Resolved,31/02/2025 10:00,11-03-2025 06:58,344.04,328.68,6.44
T-101690,TXN3193153,CS-DXB,Resolved,2025-05-09 08:05:00,09/05/2025 21:55,1020.91,"1,041.78",25.89
T-101060,TXN4854805,CS-AUH,Open,2025-04-14 09:58:00,,334.51,341.02,4.69
T-100450,TXN9721889,FUL-DXB,Resolved,19-03-2025 07:09,2025-03-20 03:05:26,98.30,98.41,2.83
T-100547,TXN6778441,FUL-DXB,Resolved,24/03/2025 12:11:00,2025-03-25 13:07:05,AED 302.09, 302.53 ,8.29
T-101350,TXN6662031,CS-AUH,Resolved,25/04/2025 16:19:00,2025-04-26 15:27:36, 443.06 ,402.84,5.57
T-100989,TXN6535124,FUL-DXB,Resolved,10/04/2025 11:22,11 Apr 2025 08:08,1705.10,1864.05,44.59
T-101973,TXN6590074, CS-DXB ,Resolved,2025-05-21 16:56:00,23/05/2025 01:35:18, 136.50 ,143.85,3.36
T-100970,TXN6827025, FIN-OPS ,Resolved,2025-04-10 08:02:00,10/04/2025 19:44:56,480.29,485.75,4.35
T-101412,TXN1313726,PAY-OPS,Resolved,29/04/2025 12:21,30 Apr 2025 05:29, AED 159.36 ,159.07,2.12
T-101641,TXN4209523,FUL-DXB,Resolved,07-05-2025 08:56,08/05/2025 05:31,202.83,204.11,6.49
T-100175,TXN5779324,FUL-DXB,Resolved,2025-03-07 17:03:00,2025-03-08 23:37:48,337.96,335.80,14.95
T-101814,TXN4519110,CS-DXB,Resolved,2025-05-14 14:56:00, 15/05/2025 12:05:20 ,563.62,567.56,15.56
T-100255,TXN2418152,FUL-RUH,Resolved,2025-03-11 18:01:00,13 Mar 2025 20:39,1053.36,1054.81,38.94
T-101158, TXN9778684 ,FUL-DXB,Resolved,17 Apr 2025 10:41,2025-04-18 00:09:48,"AED 1,827.33","1,823.79",54.27
T-100386,TXN9723023,FUL-DXB,Resolved,17 Mar 2025 08:05,2025-03-18 00:40:17,154.80,125.99,5.77
 T-100445 ,TXN2196583,FUL-DXB,Resolved,19-03-2025 17:42,20 Mar 2025 22:57,351.46,349.88,8.05
T-101102,TXN4924020,FUL-DXB,Resolved,15/04/2025 12:40:00,16 Apr 2025 13:55,742.55,753.41,29.03
T-102076,TXN1831568,CS-DXB,Resolved,26/05/2025 11:04,27-05-2025 02:35,AED 181.25,186.29,5.04
T-100712,TXN7918758,CS-AUH,Resolved,01 Apr 2025 16:16,2025-04-02 02:36:16,607.64,608.48,5.63
T-100838,TXN8475068,CS-DXB,Resolved,05 Apr 2025 17:07,06/04/2025 06:01,392.23,401.19,10.95
T-102184,TXN6688750,FUL-DXB,Open,29-05-2025 10:28,,135.02,132.76,3.97
T-101839,TXN8376613,PAY-OPS,In Progress,15/05/2025 09:13:00,,203.43,203.18,3.91
T-100913,TXN4259174,CS-AUH,Resolved,08/04/2025 14:23:00,09/04/2025 18:05,400.72,408.64,6.44
T-100090,TXN3772750,PAY-OPS,Resolved,05/03/2025 15:07,07/03/2025 01:57,AED 275.00,214.05,4.59
T-101628,TXN6241927,CS-DXB,Resolved,2025-05-07 12:52:00,09 May 2025 01:41,205.17,200.22,3.62
T-101975,null,CS-DXB,Resolved,21/05/2025 17:22:00,22-05-2025 03:16,345.42,248.64,4.19
T-101306,TXN1998920,CS-AUH,Resolved,24-04-2025 16:44,25 Apr 2025 06:31,560.37,562.12,6.64
T-102156, TXN5326579 ,FUL-DXB,Open,31/02/2025 10:00,,104.31,101.89,2.67
T-100001,TXN7612905,FIN-OPS,Resolved,03-03-2025 17:14,2025-03-05 08:06:26,AED 152.26,147.16,2.34
T-101708,TXN2913487,FUL-DXB,Resolved,09 May 2025 07:27,09 May 2025 05:27,770.99,810.05,29.82
T-100823,TXN6059814,FIN-OPS,Resolved, 05/04/2025 15:48 ,2025-04-06 05:43:12,AED 307.82, 308.46 ,3.67
T-100614,TXN1431552,PAY-OPS,Resolved,27 Mar 2025 09:44,28/03/2025 16:20:07,1041.81,1039.44,18.61
T-101030,TXN4665731,FUL-DXB,Resolved,11 Apr 2025 11:07,2025-04-12 12:46:27,986.51,1030.53,35.72
T-101748,TXN3200237,CS-AUH,Resolved,12-05-2025 17:52,13 May 2025 10:28,292.61,294.90,3.15
T-101330,TXN4515313,FIN-OPS,Resolved,25-04-2025 18:49,26 Apr 2025 04:34,1067.98," 1,080.41 ",11.57
T-101126,TXN8325297,FUL-DXB,Resolved,2025-04-16 10:25:00,19-04-2025 14:01,AED 342.93,341.14,9.41
T-101421,TXN1381556,CS-DXB,Resolved,2025-04-29 18:22:00,30/04/2025 09:50,1312.45,"1,319.83",31.79
T-100040,TXN2508763,FUL-RUH,Resolved, 03 Mar 2025 18:48 ,2025-03-05 18:49:59,855.85,826.59,24.64
T-102048,TXN4948761,PAY-OPS,Resolved,23/05/2025 12:04:00,25/05/2025 13:06,480.67,477.42,9.05
T-101013,TXN8151630,CS-DXB,Resolved,11/04/2025 13:50:00,2025-04-11 21:11:47, 41.70 ,45.24,1.03
T-100944,TXN6064573,PAY-OPS,Resolved,09 Apr 2025 16:08,14/04/2025 08:24:48,"AED 2,739.52",2743.21,33.88
T-100666,TXN6290670,FIN-OPS,Resolved, 31/03/2025 07:54:00 ,2025-03-31 18:19:19,"AED 1,427.90",1439.61,14.25
T-100453,TXN9141895, FUL-DXB ,Resolved,19-03-2025 10:25,21/03/2025 04:26,AED 250.71,253.81,11.18
T-100781,TXN8274959,FUL-DXB,Resolved,03 Apr 2025 18:22,04/04/2025 07:35,AED 324.70,314.03,8.45
T-101149,TXN2744638,CS-DXB,Resolved,17 Apr 2025 10:24,2025-04-18 10:11:56,88.32,86.35,2.15
T-100178,TXN7664221,FUL-DXB,Resolved,07 Mar 2025 13:41,07/03/2025 22:36:55,609.39,618.84,21.26
T-100137,TXN6319501,CS-DXB,Resolved,2025-03-06 14:39:00,08 Mar 2025 06:33,1545.01,1564.96,20.36
T-100337,TXN7210749,CS-DXB,Resolved,14-03-2025 08:32,2025-03-15 02:24:46,559.44,546.82,11.39
T-100119,TXN5612734,FUL-RUH,Resolved,05 Mar 2025 12:11,2025-03-07 18:47:11,AED 719.34,714.75,19.69
T-101665,TXN8027835,FUL-DXB,Resolved,2025-05-08 14:34:00,11 May 2025 04:28,"AED 1,601.24",1563.91,38.10
 T-102157 ,TXN6720249,FUL-RUH,Open,28 May 2025 18:43,,363.95,370.64,7.80
T-101744,TXN2483950,CS-DXB,Resolved,12/05/2025 15:37:00,13-05-2025 04:14,174.33,173.77,2.31
T-100352,TXN9589615,FUL-DXB,Resolved,14/03/2025 15:26,16-03-2025 15:08,180.93,174.90,7.49
T-100625,TXN9004163,FUL-DXB,Resolved,27/03/2025 07:16:00,29 Mar 2025 02:14, 487.72 ,497.53,9.96
T-100193,TXN3799339,FIN-OPS,Resolved,2025-03-10 17:59:00,12 Mar 2025 10:54,AED 280.08,266.77,3.57
T-101844,TXN7704298,CS-DXB,Resolved,15/05/2025 15:48:00,16-05-2025 10:02,442.95,428.20,11.55
T-101660,TXN2085820, CS-DXB ,Resolved,08/05/2025 08:25:00, 09 May 2025 10:12 ," AED 1,368.24 ","1,345.73",17.01
T-102082,TXN8607096,CS-AUH,Resolved,26 May 2025 18:20,26-05-2025 22:59,447.16,456.84,5.91
T-100136,TXN6355609,CS-DXB,Resolved,2025-03-06 12:32:00,07 Mar 2025 14:49,"AED 2,469.75",2543.32,47.17
T-101778,TXN9711132,PAY-OPS,Resolved,13/05/2025 09:02:00,2025-05-13 23:57:57,274.79,273.14,5.83
T-100461,TXN9621633,FUL-RUH,Resolved,19/03/2025 17:07:00,2025-03-22 04:00:05,153.21,155.16,6.08
T-100042,TXN1091317,FUL-RUH,Resolved,03 Mar 2025 12:12,05 Mar 2025 17:55,336.46, 339.38 ,12.16
T-100724,TXN9577059,FUL-DXB,Pending,01-04-2025 11:10,,713.62,693.04,18.73
T-100699, TXN2052513 , PAY-OPS ,Resolved,01/04/2025 18:35:00,02-04-2025 09:49,620.17,629.40,7.41
T-100637,TXN1794139,FIN-OPS,Resolved,2025-03-28 10:16:00,29/03/2025 00:38,"AED 1,301.73",1286.71,16.69
T-100359,TXN1601349,FIN-OPS,Resolved,17/03/2025 14:17, 18/03/2025 07:57 , AED 431.52 ,426.37,4.92
T-101322,TXN2833999,FUL-DXB, Open ,24-04-2025 08:18,,334.57, 317.29 ,14.46
T-102077,TXN5857405,CS-DXB,Resolved,26/05/2025 09:32,26 May 2025 19:49,AED 700.50, 719.33 ,9.33
T-100559,TXN4004779,PAY-OPS,Resolved,2025-03-25 09:48:00,26/03/2025 17:33,212.17,215.03,4.06
T-100814,TXN5585706,FUL-DXB,Resolved,2025-04-04 18:45:00,06/04/2025 04:06:49,420.25,431.72,15.02
T-100619,TXN9902412,CS-DXB,Resolved,27 Mar 2025 13:22,29-03-2025 01:12,3827.62,"3,827.19",64.15
T-100466,TXN4979698,FIN-OPS,Resolved,20/03/2025 11:10,2025-03-21 16:17:11,AED 343.95,341.17,3.57
T-101435, TXN7005011 ,FUL-DXB,Resolved,29/04/2025 17:32:00,30-04-2025 20:23,787.21,793.51,25.29
 T-100696 ,TXN6157508,FUL-RUH,Resolved,2025-03-31 17:35:00,02-04-2025 11:48,AED 86.66,84.15,2.75
T-102031,TXN2849588,FUL-DXB, Resolved ,22-05-2025 17:54,23 May 2025 10:05,302.45,308.62,9.24
T-101420,TXN3109793,CS-DXB, Resolved ,2025-04-29 13:37:00,2025-04-30 02:06:37,194.20,196.91,3.75
T-101684,TXN5991491,PAY-OPS,Resolved,2025-05-09 13:23:00,10-05-2025 14:07,313.06, 315.80 ,3.98
T-100080,TXN3037812,FUL-RUH,Resolved,04/03/2025 08:54:00,06/03/2025 16:12,AED 833.15,855.44,32.55
T-102096,TXN4050488,FIN-OPS,Resolved,27/05/2025 17:07,28 May 2025 04:14, 139.55 ,113.83,2.33
T-100492,TXN2483527,FUL-DXB,Resolved,20-03-2025 17:15,21-03-2025 16:13,399.95,413.95,15.52
T-102141,TXN1028349,CS-DXB,Open, 28/05/2025 09:32 ,,3474.07,3448.12,49.00
T-100528, TXN8438529 ,FIN-OPS,Resolved,24/03/2025 16:28:00,25-03-2025 12:19,1072.94,"1,039.98",17.51
T-101051,TXN6027249,CS-DXB,Resolved,14 Apr 2025 11:41,15/04/2025 05:12:22,264.22,263.59,5.67
T-101598,TXN3874050,PAY-OPS,Resolved,06-05-2025 10:55,07/05/2025 18:41:56,588.82,603.35,9.33
T-101854,TXN3639075,FUL-DXB,Resolved,15-05-2025 09:14,16-05-2025 18:11,1042.75,1030.32,36.28
T-101445,TXN8664291,FIN-OPS,Resolved,30 Apr 2025 09:53,30/04/2025 19:47,AED 541.14, 533.72 ,5.48
T-101825,TXN9151120,FUL-DXB,Resolved,14 May 2025 14:31,16 May 2025 18:56,AED 384.68,339.48,10.81
T-101166,TXN8884428, FUL-RUH ,Resolved,17-04-2025 10:49,2025-04-18 05:48:31,482.51,497.64,19.09
T-102208,TXN9137193,CS-DXB,Open,2025-05-30 12:27:00,,130.55,131.59,1.72
T-102049,TXN7978541,PAY-OPS,Resolved,2025-05-23 17:16:00,2025-05-26 02:26:05,407.66,403.86,7.76
T-101136,TXN7196210,FUL-RUH,Resolved,2025-04-16 15:53:00,17-04-2025 14:57,368.87,378.26,13.36
T-101526,TXN1876538,CS-AUH,Resolved,02 May 2025 17:38,03 May 2025 05:25,794.67,927.29,12.28
T-100480,TXN3720228,CS-DXB, Resolved ,20/03/2025 13:23,20 Mar 2025 19:29,1613.12,1609.69, 44.97 
T-102098,TXN5221002,FIN-OPS,Resolved, 2025-05-27 11:38:00 ,28/05/2025 09:44,570.21,567.45,6.69
T-101612, TXN4953696 ,FUL-DXB,Resolved,06/05/2025 10:39:00,09/05/2025 06:14:38,AED 258.47,254.47,8.62
T-100103,TXN9290296, CS-AUH ,Resolved, 05/03/2025 11:28 ,2025-03-07 17:08:01,"AED 1,002.93","1,017.95",10.69
T-101327,N/A,FUL-RUH,Resolved,24/04/2025 16:24:00,26 Apr 2025 20:29,716.35,713.08,15.69
T-100664,TXN7058238, FIN-OPS ,Resolved,31-03-2025 08:17,31-03-2025 20:05,433.40,434.00,7.37
T-101873,TXN3287768,CS-DXB,Resolved,16/05/2025 18:48:00,17-05-2025 20:28,178.54,176.96,2.46
T-100743,TXN1136777,CS-DXB,Resolved,2025-04-02 10:52:00,03 Apr 2025 05:47,73.23,74.46,1.77
, TXN3533269 ,CS-DXB,Resolved,15 May 2025 13:00,16/05/2025 05:37,467.11,472.06,11.66
T-101872,TXN9748091,CS-DXB,Resolved,16/05/2025 16:54,17 May 2025 15:14,384.89,322.52,9.00
T-100054,TXN5694980,CS-DXB,Resolved,04-03-2025 13:48,05/03/2025 02:33,AED 461.98,459.62, 7.78 
T-100988,TXN9245200,FUL-DXB,Open,10 Apr 2025 15:02,,571.37,646.78,15.35
T-101574,TXN6881074,CS-AUH,Resolved,05/05/2025 08:04,2025-05-06 00:28:31,AED 861.23, 835.02 ,16.49
T-101798,TXN8904143,FIN-OPS,Resolved,14/05/2025 08:22,15-05-2025 02:45,512.50,517.95,5.75
T-100069,TXN6343647,FUL-DXB,Resolved,2025-03-04 07:32:00,06/03/2025 23:44,380.15,392.99,10.86
T-100404,TXN2680683,CS-DXB,Resolved,2025-03-18 16:21:00,19 Mar 2025 15:48,AED 378.17,390.52,10.57
T-100718,TXN2210548,FUL-DXB,Resolved,01/04/2025 14:45,02 Apr 2025 17:37,638.54,637.78,23.29
T-101101,TXN1530249,FUL-DXB,Resolved,15/04/2025 08:24,20-04-2025 01:38,AED 526.68,401.24,21.59
T-100727, TXN9088138 , FIN-OPS ,Resolved,02/04/2025 17:01,04-04-2025 07:57,212.07,211.59,3.76
T-100334,TXN6268180, CS-DXB ,Resolved,14/03/2025 12:05,15/03/2025 05:42:46,342.67,335.17,8.97
T-101702,TXN3249332,CS-DXB,Pending,09-05-2025 07:36,,280.81, 284.98 ,5.51
T-101578,TXN8065004,FUL-DXB,Resolved,05-05-2025 09:15, 05/05/2025 17:23:42 ,503.94,495.09,18.70
T-102018,TXN5424801,CS-AUH,Resolved,22 May 2025 12:07,2025-05-22 23:55:40,AED 511.46,507.58,9.09
T-100787, TXN1997621 ,FUL-RUH,Resolved,03/04/2025 18:46:00,04-04-2025 14:38,555.08,564.09,20.23
T-102147,TXN4397536,CS-AUH,Open, 28/05/2025 13:37 ,,AED 592.61,580.15,5.39
T-101626,TXN6662406,CS-DXB,Resolved,07-05-2025 10:05,08/05/2025 03:08,677.30,503.30,10.07
T-100785,TXN7785901,FUL-DXB,Resolved,03 Apr 2025 08:52, 04/04/2025 04:07 ,AED 859.68,836.99,37.02
T-101714,TXN6975528,FUL-DXB,Resolved,09/05/2025 15:27:00,10/05/2025 23:23:39,AED 346.12,349.25,9.87
T-101159,TXN8358109,FUL-DXB,Resolved,17-04-2025 18:31,18/04/2025 13:01:16,313.11,312.38,10.02
T-101316,TXN9676130, FUL-DXB ,Resolved,2025-04-24 16:32:00,26/04/2025 01:59,347.14,348.85,7.62
T-100955,TXN4666185,FUL-DXB,Resolved,09 Apr 2025 12:06,11/04/2025 08:25,933.18,902.17,21.11
T-101138,TXN8356698,FIN-OPS,Resolved,17-04-2025 11:41,18 Apr 2025 03:44,"AED 1,075.51",1051.81,11.50
T-101679,TXN1240942,PAY-OPS,Resolved,09/05/2025 18:58:00,10 May 2025 04:20,687.59,686.33, 9.44 
T-100659,TXN4481219,FUL-DXB,Resolved,28/03/2025 13:26,30-03-2025 19:36,1171.94,1194.05,26.54
T-100128,TXN9018873,PAY-OPS,Resolved,2025-03-06 12:32:00, 06/03/2025 19:20 ,2934.36,"2,880.96",57.42
T-101782,TXN1085643,CS-DXB,Resolved,2025-05-13 10:55:00,13-05-2025 19:53,AED 255.21,253.54,4.33
T-102133,TXN3599271,CS-DXB,Open,2025-05-28 12:37:00,,152.70,152.96,3.20
T-102055,TXN7002616,CS-DXB,Resolved,23-05-2025 11:43,2025-05-23 22:31:06,488.08,504.84,12.26
T-101262,TXN8235745,FUL-DXB,Resolved,22 Apr 2025 15:38, 25/04/2025 03:55:03 ,1253.30,1267.03,28.70
T-101776,TXN4416544,PAY-OPS,Resolved,2025-05-13 13:03:00,14 May 2025 15:27,1641.38,"1,632.44",32.82
T-100460,TXN2514906,FUL-RUH,Resolved,2025-03-19 15:31:00,20/03/2025 21:11,165.55,173.80,5.56
T-101107,TXN8855818,FUL-DXB,Resolved,15/04/2025 08:15:00,16 Apr 2025 23:42,636.71,634.25,25.88
T-100951,TXN2963595,CS-DXB,Resolved,09 Apr 2025 08:44,10 Apr 2025 06:14,774.46,774.43,21.33
T-101080,TXN3287897, PAY-OPS , Resolved ,15 Apr 2025 11:17,17/04/2025 08:31:24,104.44,104.40,1.26
T-100770,TXN4251698,CS-DXB,Resolved,03-04-2025 11:25,04-04-2025 11:22,278.89,272.98,7.46
T-100075,TXN3534098,FUL-DXB,Resolved,04/03/2025 16:41,2025-03-06 01:59:19,338.46,346.69,11.22
T-101130,TXN5077018, FUL-DXB ,Resolved,16 Apr 2025 07:10,2025-04-17 10:50:28,AED 544.79,544.12,18.41
T-101188,TXN4291990,FUL-DXB,Resolved,18 Apr 2025 17:35,19/04/2025 08:26:30,971.60,982.00,31.52
T-102088,TXN8885005,FUL-DXB,Resolved,26/05/2025 12:56:00,27-05-2025 15:52,411.68,398.57,8.83
T-100462,TXN5745089,FUL-RUH,Resolved,19 Mar 2025 16:55,21/03/2025 07:46,370.69,368.82,12.78
T-101726,TXN5513942,FIN-OPS, Resolved ,12-05-2025 09:44,2025-05-12 22:54:28,225.32,233.99,3.76
T-100640,TXN6223682,PAY-OPS,Resolved,2025-03-28 12:22:00,29 Mar 2025 05:28,AED 522.91,527.73,11.61
T-102064,TXN4759390,FUL-DXB,Resolved,23 May 2025 08:37,24/05/2025 08:36, 273.85 ,268.49,6.09
T-100918,TXN8128902,FUL-DXB,Resolved,08/04/2025 09:17,10/04/2025 19:54:43,174.13,194.79,5.17
 T-101742 ,TXN9887798,CS-DXB,Resolved,12-05-2025 11:32,14/05/2025 07:15,2824.32,"2,755.51",53.13
T-100519,TXN2672796,FUL-DXB,Resolved,21/03/2025 07:01,2025-03-22 04:04:38,306.84,291.93,9.04
T-102040,TXN5841513,PAY-OPS,Resolved,2025-05-23 15:45:00,24/05/2025 08:57:20,AED 121.18, 125.88 ,2.43
T-101835,TXN4413091,PAY-OPS,In Progress,15/05/2025 08:38,,404.32,402.89,4.95
T-100930,TXN8679090,FUL-DXB,Pending, 08/04/2025 09:41:00 ,,AED 306.65,305.03,9.73
T-100231,TXN3544083,PAY-OPS,Resolved,11-03-2025 09:22,14/03/2025 02:29:02,131.07,132.12,1.52
T-100413,TXN4499041,FUL-DXB,Resolved,18 Mar 2025 11:58,2025-03-20 11:33:43,AED 579.61,579.19,13.78
T-101320, TXN8410035 ,FUL-DXB,Resolved,24 Apr 2025 14:25,26/04/2025 05:33,317.68,308.72,8.78
T-100556,TXN6464159,FIN-OPS,Resolved,2025-03-25 12:36:00,27/03/2025 01:34,1329.85,1279.49,15.54
T-100544,TXN7032974,FUL-DXB,Resolved,24-03-2025 07:04,2025-03-25 22:14:17,AED 203.87,200.76,8.15
T-101673, TXN4108269 ,FIN-OPS,Resolved,2025-05-09 10:23:00,2025-05-10 03:21:40,431.04,431.89,4.08
T-101559,TXN7047209,PAY-OPS,Resolved,05/05/2025 07:34:00,07/05/2025 12:11:00,AED 343.86,342.52,4.93
T-101671,TXN8529505,FUL-RUH,Resolved,2025-05-08 10:31:00,09/05/2025 04:16:37,AED 160.38,157.42,3.46
T-101926,TXN8764525,FUL-DXB,Resolved,19-05-2025 15:10,20 May 2025 22:59,AED 719.41,702.15,32.15
T-101431,TXN1516807,FUL-DXB,Resolved,29/04/2025 07:33:00,2025-04-30 06:46:59,258.53,263.01,10.48
T-101251,TXN2218362,CS-AUH,Resolved,22/04/2025 17:35,23/04/2025 02:24:51,"AED 2,369.94","2,357.50",36.29
T-100645,TXN2539236,CS-DXB,Resolved,31/02/2025 10:00,29/03/2025 09:11:32,1020.94,1026.17,14.17
T-101772,TXN3545892,FIN-OPS,Resolved,2025-05-13 18:39:00,14-05-2025 15:35,"AED 1,361.35",1352.74,16.46
T-101976,TXN1167780,CS-DXB,Resolved,21-05-2025 08:23,22/05/2025 12:00,396.88,397.31, 10.86 
T-100959, TXN8897313 , FUL-DXB ,Resolved,09/04/2025 10:36,10/04/2025 00:59,AED 542.44,534.63,11.61
T-101471,TXN7777856,FIN-OPS,Resolved, 01/05/2025 14:27 ,02/05/2025 01:18:29,525.87,543.22,5.30
T-100665,TXN4466084,FIN-OPS,Resolved,31 Mar 2025 18:45,02-04-2025 03:07,780.18,804.21,12.06
T-101686,TXN9473829,PAY-OPS,Resolved,09/05/2025 17:08,10/05/2025 17:26:49,188.47,190.79,3.70
T-101655,TXN6538722,CS-DXB,Resolved,08/05/2025 08:24:00,08-05-2025 18:43,AED 410.70,430.21,11.04
T-100772,TXN7328517,CS-DXB, Resolved ,03 Apr 2025 10:44,04-04-2025 07:18,169.14,169.96,3.68
T-101504,TXN5311626,FUL-DXB,Resolved,2025-05-01 18:19:00,2025-05-03 03:06:34, 763.72 ,750.27,32.20
T-101781,TXN6806320,CS-DXB,Resolved,2025-05-13 09:21:00,14/05/2025 00:55:28,1206.10,1195.85,15.64
T-102102,TXN6927618,PAY-OPS,Resolved,31/02/2025 10:00,28/05/2025 11:35:15,AED 110.45,113.32,1.18
T-100262,TXN9510510,PAY-OPS, Resolved ,12-03-2025 14:31,13/03/2025 06:41:55,235.00,229.49,2.57
T-100295,TXN3720418,PAY-OPS,Resolved,2025-03-13 18:55:00,15/03/2025 06:36,"AED 1,399.98","1,408.76",23.15
T-100722,TXN3121594,FUL-DXB,Resolved,01 Apr 2025 12:57,2025-04-02 17:37:41,162.81,163.16,4.78
T-101563,TXN2637484,CS-DXB,Resolved,05 May 2025 12:13,06/05/2025 01:38,"AED 1,166.97"," 1,151.11 ",28.55
T-101936,TXN3287994,CS-DXB,Resolved,20/05/2025 16:58:00,21-05-2025 00:57,AED 419.21,428.29,11.68
T-101670, TXN1689292 ,FUL-DXB,Resolved,2025-05-08 14:43:00,09-05-2025 19:11,AED 405.44,397.66, 17.79 
T-102129,TXN2171503,FIN-OPS,Open,28/05/2025 10:10,,1318.67,1343.87,24.62
T-101757,TXN2247980,FUL-DXB,Resolved,2025-05-12 17:11:00,2025-05-14 19:39:57,349.85,362.00, 9.16 
T-100160,TXN4361774,FIN-OPS,Resolved,07 Mar 2025 09:24,07/03/2025 20:13:23, AED 535.05 ,529.90,8.44
T-101680,TXN4240253, PAY-OPS ,Resolved,09-05-2025 09:28,2025-05-11 02:14:43,305.76,227.21,5.94
T-100651,TXN6137329,CS-DXB,Resolved,28/03/2025 14:17:00,2025-03-29 16:05:02,313.41,312.17,6.33
T-102027,TXN7379349,FUL-DXB,Resolved,22-05-2025 15:56,24-05-2025 05:22,240.96,268.88,7.05
T-101358,TXN7937274,FUL-DXB,Resolved, 25/04/2025 15:28:00 ,26/04/2025 21:21,AED 286.09,292.70,6.10
T-100695,TXN3592721,FUL-RUH,Resolved,31/03/2025 07:39,03/04/2025 15:45,865.72,877.10, 23.91 
T-100910,TXN1871532,CS-DXB,Resolved,2025-04-08 09:44:00,2025-04-09 13:23:56,394.70,397.93,10.88
T-101304,TXN1415771,CS-DXB,Resolved,24 Apr 2025 08:58,24-04-2025 16:27,560.11,563.27,15.11
T-102214, TXN8547064 ,CS-AUH,Open,31/02/2025 10:00,,395.88, 398.51 , 6.22 
T-100869,TXN5733087,CS-DXB,Resolved,07-04-2025 18:39,08/04/2025 20:39, 261.28 ,263.94,5.68
T-100321,TXN4696140, FUL-RUH ,Resolved,13-03-2025 14:05,16/03/2025 23:08,1212.31,1188.37,23.13
T-100015,TXN9642206,CS-DXB,Resolved,03/03/2025 12:25:00, 04 Mar 2025 08:27 ,AED 783.79,876.92,14.55
T-100976,TXN7814739,PAY-OPS,Resolved,10/04/2025 09:41,10-04-2025 22:38,AED 257.07,257.22,5.42
T-101858,TXN1518925,FIN-OPS,Resolved,16/05/2025 13:43:00,17-05-2025 22:59,83.78,84.71,1.40
T-101417,TXN1312826,CS-DXB,Resolved,2025-04-29 17:52:00,29 Apr 2025 23:10,1600.43,1614.30,24.90
T-101447,TXN9819105,PAY-OPS,Resolved,30-04-2025 13:36,2025-05-02 17:39:56,890.45,880.96,10.49
T-101428,TXN5887820,FUL-DXB, Resolved ,29 Apr 2025 09:41,01 May 2025 00:55,AED 274.31,266.31,11.83
 T-100463 ,TXN9795905,FUL-RUH,Resolved,19/03/2025 07:08,2025-03-22 15:33:14,94.73,96.71,3.66
T-102200,TXN3226637,PAY-OPS,Open,2025-05-30 09:31:00,,122.74,123.82,2.52
T-101688,TXN1291064,PAY-OPS,Resolved,09/05/2025 13:35:00,10/05/2025 20:00:14,AED 588.79,597.90,10.50
T-101556,TXN2109622,PAY-OPS,Resolved, 2025-05-05 16:49:00 ,06 May 2025 14:57,563.34,tbc,8.84
T-100620,TXN6106633,CS-AUH,Resolved,27 Mar 2025 12:24,28/03/2025 03:50:59,396.48,395.88,5.60
T-101898,TXN8565269,PAY-OPS,Resolved,2025-05-19 13:15:00,21/05/2025 07:36,886.80, 868.31 ,14.56
T-101785,TXN6349114,CS-DXB,Resolved,2025-05-13 18:27:00,14/05/2025 05:37:35,228.08,232.66,5.61
T-101261,TXN5599353,FUL-DXB,Resolved,22/04/2025 10:23:00,23-04-2025 07:10,780.28,777.12,27.17
,TXN6381724,CS-DXB,Resolved,07 Apr 2025 09:03,07-04-2025 18:17,313.88,311.81,7.16
T-100467,TXN3836939,FIN-OPS,Resolved,20-03-2025 17:21,2025-03-22 06:22:15,AED 566.12,547.13,8.34
T-100754,TXN5382258,FUL-DXB,Resolved,02/04/2025 07:02,02/04/2025 22:15,236.50,214.16,4.84
T-101861,TXN4966842,FIN-OPS,Resolved,16-05-2025 10:07,17/05/2025 01:47:00,50.09,50.62,0.86
T-100942,TXN3407565,PAY-OPS,Resolved,09-04-2025 10:02,10/04/2025 02:26,134.72,139.39,2.46
T-100883,TXN9341770,CS-AUH,Resolved,07/04/2025 17:18:00,2025-04-08 09:24:47,436.31,431.54,4.66
T-100292,TXN3264476,PAY-OPS,Resolved,2025-03-13 07:27:00,13/03/2025 16:43:29,134.63,136.73,2.61
T-100234,TXN9345300,CS-DXB,Resolved,11/03/2025 10:10,12/03/2025 02:38:44,205.17,200.27,5.70
T-100742,TXN3899356,CS-DXB,Resolved,02/04/2025 07:57:00,03-04-2025 10:25, AED 410.81 ,396.10,10.54
T-101390,TXN4180429,FUL-DXB,In Progress,2025-04-28 15:52:00,,1580.02,1616.40,51.94
T-101434,TXN6992041,FUL-DXB,Resolved,29/04/2025 11:03:00,30 Apr 2025 21:24,2477.79, 2494.41 ,61.58
T-101632,TXN7525980,CS-AUH,Resolved,2025-05-07 11:23:00,08/05/2025 07:37:54,590.31,587.13,8.05
T-101305, TXN2049323 ,CS-AUH,Resolved,24-04-2025 12:26,25-04-2025 07:21, AED 559.44 ,558.97,9.66
T-101344,TXN7756779,PAY-OPS,Resolved,25/04/2025 18:30,26-04-2025 21:52,365.15,358.78,7.45
T-101519,TXN1548671,PAY-OPS,Resolved,02-05-2025 15:26,03 May 2025 03:12,294.16,280.58,2.96
T-102017,TXN6794003,CS-AUH,Resolved,22/05/2025 18:56,23/05/2025 10:15,AED 127.12,119.46,2.42
T-102020,TXN1842331,CS-AUH,Resolved,22 May 2025 14:57,2025-05-25 04:20:13,1131.47,1164.21,17.64
T-100050,TXN8776152,PAY-OPS,Resolved,04 Mar 2025 12:17,04/03/2025 22:54,297.94,303.71,6.38
T-100786,N/A,FUL-DXB,Resolved,03 Apr 2025 13:40,2025-04-05 03:35:11, 37.06 ,37.07,0.95
T-101084,TXN2301663,PAY-OPS,Resolved,2025-04-15 12:41:00,16 Apr 2025 22:48,AED 738.93,741.19,13.97
T-101967,TXN2771146,PAY-OPS, Resolved ,21-05-2025 09:06,22 May 2025 20:56,2564.44,2896.70,40.09
T-101616,TXN9526767,FUL-DXB,Resolved,06/05/2025 12:53:00,08/05/2025 16:44:10,165.14,169.16,5.04
T-101486,TXN6252840,CS-DXB, Resolved ,2025-05-01 14:00:00,02-05-2025 09:06,114.70,117.99,3.02
T-101242,TXN4164942,CS-DXB,Resolved,22-04-2025 10:16,22/04/2025 17:49:20,136.56,139.98,3.00
T-100535,TXN2728048,PAY-OPS,Resolved,24-03-2025 16:38,26/03/2025 11:20,350.33,355.62,5.91
T-100629,TXN4168121,FUL-DXB,Resolved,27-03-2025 14:31,29 Mar 2025 06:11,AED 425.68,429.44,11.13
T-100929,TXN5658892,FUL-DXB,Resolved,08-04-2025 17:29,09 Apr 2025 07:39,215.26,211.35,9.41
T-102029,TXN6878253,FUL-DXB,Resolved,2025-05-22 12:47:00,2025-05-26 15:00:11,AED 458.96,452.31,18.15
T-100526,TXN2036758,FIN-OPS,Pending,24/03/2025 09:25,,172.66,173.54,1.64
T-101392,TXN8501900, FUL-DXB ,Open,2025-04-28 10:40:00,,AED 344.10,338.73,10.63
T-101426,TXN6719624, FUL-DXB ,Resolved,2025-04-29 12:26:00,30-04-2025 17:01,AED 789.83,963.74,23.39
 T-101081 ,TXN4618531,PAY-OPS,Resolved,15/04/2025 16:05:00,2025-04-16 17:01:13,665.21,667.58,11.67
T-101396,TXN7081076,FUL-RUH,Resolved, 28/04/2025 17:49:00 ,30-04-2025 09:24,310.94,311.40,9.09
T-100400, TXN2929416 ,PAY-OPS,Resolved,18/03/2025 10:29:00,18-03-2025 23:29,413.64,422.41,6.11
T-101777,TXN7760663,PAY-OPS,In Progress,13/05/2025 15:10,,"AED 1,099.45",1071.11,17.72
T-101948,TXN3762191,FUL-DXB,Resolved,20/05/2025 11:39:00,21 May 2025 19:15,284.19,287.94,8.07
T-101642,TXN8489729,FUL-DXB,Resolved, 07-05-2025 17:29 ,08/05/2025 22:09:51,1610.12, 1628.91 ,43.65
T-101764,TXN5586287,FUL-RUH,Resolved,12/05/2025 07:52:00,15-05-2025 16:54,668.17,660.98,22.01
T-101062,TXN9637520,FUL-DXB,Resolved,14-04-2025 07:27,16-04-2025 22:14," AED 1,116.66 ",1152.61,36.12
T-100590, TXN6691964 ,CS-DXB,Resolved,26/03/2025 07:24:00,2025-03-27 01:42:58,371.80,368.43,4.49
T-100674,TXN2942974,CS-DXB,Resolved,31/03/2025 10:24,31/03/2025 21:58,93.27,96.02,2.41
T-102213,N/A,CS-AUH,Open,30/05/2025 12:19,,1619.54,1581.95,32.74
T-100107,TXN1899110,FUL-DXB,Resolved,05/03/2025 09:35,2025-03-07 03:24:19,497.46,498.14,15.17
T-101347,TXN8034795,CS-DXB,Resolved,25-04-2025 17:59,26/04/2025 06:04:17,1864.99,1911.58,40.55
T-101376,TXN1175488,CS-DXB,Resolved,28/04/2025 10:09,28/04/2025 19:45,1065.58,1072.02,20.37
T-101381,TXN5993487,CS-DXB,Resolved,28-04-2025 18:19,30/04/2025 06:44,453.80, 442.17 ,8.10
 T-100836 ,TXN7659337,CS-DXB,Resolved,05/04/2025 10:40,2025-04-05 20:50:48, 269.23 ,270.95,7.06
T-100252,TXN6022762,FUL-RUH,Resolved,11/03/2025 15:47:00,12-03-2025 03:22,523.74,518.74,12.51
T-101922,TXN1066410,FUL-DXB,Resolved,19/05/2025 12:34:00,2025-05-20 13:40:56,390.21,396.52,14.35
T-101741,TXN1770985,CS-DXB,Resolved,2025-05-12 12:29:00,13-05-2025 07:58, AED 219.60 ,217.25,3.59
T-100391,TXN3588294,FIN-OPS,Resolved,18-03-2025 11:15,2025-03-19 06:07:16,798.43,808.47,13.85
T-101468,TXN2875239,FUL-DXB,Resolved,2025-04-30 08:43:00,01 May 2025 11:13,AED 865.18,869.89,29.98
T-101758,TXN2531652,FUL-DXB,Resolved,2025-05-12 10:09:00,13/05/2025 04:38:05,AED 245.57,237.97,9.88
T-101240,TXN1926920,CS-DXB,Resolved,22/04/2025 14:09,23/04/2025 06:07:18,133.24,130.58,2.63
T-101363,TXN2784753,FIN-OPS,In Progress,28 Apr 2025 15:18,,172.17,163.12,3.24
T-100795,,FIN-OPS,Resolved,04-04-2025 14:48,06-04-2025 09:52,185.49,186.52,3.32
T-100057,TXN5195417,CS-DXB,Resolved,04/03/2025 18:18,05 Mar 2025 10:25,94.93,98.13,2.17
T-100669, TXN4900962 ,PAY-OPS,Resolved, 2025-03-31 09:09:00 ,2025-04-01 03:21:27,644.53,640.08,10.61
T-100682, TXN2179238 ,FUL-DXB,Escalated??,31/03/2025 17:08,01/04/2025 22:25,"AED 1,370.28",1377.38,41.61
 T-100804 ,TXN8972357,CS-DXB,Resolved,2025-04-04 13:25:00,05/04/2025 15:48:26,249.49,246.56,3.15
T-101206,TXN1212480,PAY-OPS,Resolved,21-04-2025 08:43,22/04/2025 04:16,AED 490.65,470.96,8.22
T-101078,TXN7064012,FIN-OPS,Resolved,15-04-2025 08:50,16-04-2025 21:56,274.25,276.61,5.32
T-101827,TXN9165031,FUL-RUH,Resolved,14-05-2025 16:37,16 May 2025 00:46,867.85,833.79,20.20
T-100121,TXN1743712,FUL-RUH,Resolved,05 Mar 2025 17:40,10-03-2025 03:24,AED 860.73,868.42,32.14
T-100347,TXN5079683,FUL-DXB,Resolved,14-03-2025 08:20,15 Mar 2025 18:32,564.42,648.91,11.27
T-101256,TXN4309101,FUL-DXB,Resolved,22/04/2025 14:20,22/04/2025 12:20:00,AED 434.25,428.79,11.63
T-100152, TXN6145349 ,FIN-OPS,Resolved,2025-03-07 16:28:00,2025-03-09 23:29:44,313.79,320.24,2.67
T-101525,TXN7251359,CS-AUH,Resolved,2025-05-02 09:05:00,03-05-2025 20:33,349.54,401.95,5.92
T-102069,TXN5924083,PAY-OPS,Resolved,26/05/2025 15:44,27/05/2025 00:26:38,"AED 1,403.14", 1373.91 ,26.70
T-100828,TXN9718814,PAY-OPS,Resolved,05-04-2025 11:38,2025-04-06 07:19:48,898.32, 897.04 ,11.83
T-101255,TXN8060736,FUL-DXB,Resolved,2025-04-22 08:42:00,25 Apr 2025 13:18,179.70,180.38,5.02
T-100525,TXN6769112,FIN-OPS,Resolved,2025-03-24 11:21:00,25/03/2025 00:30:18,AED 399.04,393.43,7.13
T-101266, TXN5448713 ,PAY-OPS,Resolved,23 Apr 2025 16:14,25/04/2025 04:14:34,AED 105.70,105.29,1.33
T-100022,TXN9242703,CS-AUH,Resolved,03/03/2025 14:19:00,2025-03-04 18:33:42,1325.41,1342.72,20.18
 T-100406 ,TXN7683505,CS-DXB,Pending, 18 Mar 2025 10:54 ,,AED 927.29,922.44,17.21
T-100258,TXN2530599,FIN-OPS,Resolved,12/03/2025 17:54,13-03-2025 03:10,AED 805.88,799.80,14.96
T-100701,TXN3968879,PAY-OPS,Resolved,01 Apr 2025 17:02,02/04/2025 08:35:20, 351.72 ,344.24,6.43
T-100389, TXN5759356 ,FUL-RUH,Resolved,2025-03-17 15:58:00,18-03-2025 06:27,1118.71,1140.02,41.56
T-101550,TXN3478278,FIN-OPS,Resolved,05-05-2025 16:41,2025-05-06 13:01:20,AED 128.89,129.48,2.24
 T-100186 ,null,FUL-RUH,Resolved,07/03/2025 14:15:00,2025-03-09 03:14:41,317.53,317.72,9.40
T-100044,TXN1754099,FIN-OPS,Resolved,04/03/2025 10:41:00,05/03/2025 13:51:14,1169.57,1152.38,16.92
T-100474,TXN3791227,PAY-OPS,Resolved,20-03-2025 17:10,22/03/2025 16:20,AED 347.70,345.93,7.22
T-100853,TXN7456065,FUL-DXB,Resolved,05-04-2025 07:43,06/04/2025 04:00,AED 225.19,225.48,10.06
T-101799,TXN1027440,FIN-OPS,Resolved,14/05/2025 10:34,15-05-2025 02:32,425.58,433.30,4.98
T-100341,TXN9627962,CS-AUH,In Progress,14 Mar 2025 07:15,,AED 675.27,676.17,9.75
T-101167,TXN9026826,FUL-RUH, Resolved ,2025-04-17 07:37:00,2025-04-18 16:43:32,268.09,268.58,11.00
T-101810,TXN8780685,PAY-OPS,In Progress,14/05/2025 12:36,,AED 349.42,351.12,4.33
T-101853,TXN9895784,FUL-DXB, Resolved ,15 May 2025 08:03,16/05/2025 19:46:12,375.01,380.16,10.28
T-101042,TXN7024511,PAY-OPS,Resolved,14/04/2025 18:21:00,17/04/2025 07:57,AED 194.65,200.91,2.51
T-102196,TXN6362852,PAY-OPS,Open,30/05/2025 09:27,,AED 225.82,231.59,2.76
T-100961,TXN8430981,FUL-DXB,Resolved,09 Apr 2025 10:37,10/04/2025 18:36:44,136.05,135.15,6.06
T-101806,TXN9361054,PAY-OPS,Resolved,2025-05-14 14:31:00,16 May 2025 19:08,AED 884.52,875.79,14.13
T-101929,TXN2072157,PAY-OPS,Resolved,2025-05-20 11:25:00,2025-05-22 01:02:19,AED 57.79,48.76,0.92
T-101351,TXN2444057,CS-AUH,Resolved,25/04/2025 10:56:00,2025-04-26 09:43:30,AED 320.26,322.56,3.58
T-100316,TXN4537388,FUL-DXB,Resolved,13-03-2025 14:29,15-03-2025 10:41,617.65,618.45,22.07
T-100330,TXN9467611,CS-DXB,Resolved,14 Mar 2025 09:53,16/03/2025 04:42,AED 437.87,447.17,8.19
T-100513,TXN5233761,FUL-DXB,Resolved,21/03/2025 08:24,22/03/2025 06:13,AED 581.65,573.61,19.93
T-100663,TXN2966284,FUL-RUH,Resolved,28/03/2025 14:13:00,29 Mar 2025 13:13,1042.30,"1,032.25",31.25
T-100346,TXN9574600,FUL-DXB,Resolved,2025-03-14 11:40:00,15 Mar 2025 07:45, 327.24 ,337.21,13.03
T-101604,TXN3632012,CS-DXB,Resolved, 06/05/2025 18:36 ,2025-05-07 09:55:05,AED 940.89,934.35,14.87
 T-100833 ,TXN4594047,PAY-OPS,Resolved,05 Apr 2025 16:35,06 Apr 2025 07:05,1285.42,1304.24,19.94
T-101311, TXN8161424 ,CS-AUH,Resolved,31/02/2025 10:00,24-04-2025 22:47,979.37, 990.84 ,15.10
T-100684,TXN4117298,FUL-DXB,Resolved,31-03-2025 10:29,31-03-2025 20:36,325.08,318.57,11.81
T-101868,TXN1356193,PAY-OPS,Resolved,16/05/2025 12:55:00,17 May 2025 14:22,574.05,575.23,10.53
T-101677,TXN2014585,FIN-OPS,Resolved,09-05-2025 17:37,10-05-2025 23:18,AED 281.66,276.81,4.76
T-101003,TXN8196250,FIN-OPS,Resolved,2025-04-11 10:43:00,12/04/2025 11:43,867.93,849.44,12.73
T-102203,TXN1050233,PAY-OPS,Open,2025-05-30 15:40:00,,974.69,958.72,18.02
T-101237, TXN8281540 ,PAY-OPS,Resolved,2025-04-22 16:00:00, 24 Apr 2025 20:20 ,AED 445.42,437.60,6.60
T-100773,TXN3937326,CS-DXB,Resolved,03/04/2025 13:13:00,04/04/2025 00:40,371.12,362.29,10.22
T-101511,TXN6942802,FIN-OPS, Resolved ,02/05/2025 16:18:00,04/05/2025 11:14:10,AED 397.98,404.22,7.63
T-100067,TXN9792641,FUL-DXB,Resolved,04 Mar 2025 10:41,06-03-2025 06:32,825.07,839.27,36.81
T-102206,TXN1720536,CS-DXB,Open,30/05/2025 18:55:00,,749.66,768.55,9.57
T-100933,TXN6999028, FUL-RUH ,Resolved,08 Apr 2025 08:16,10/04/2025 11:55,375.31,382.70,9.74
T-100732,TXN5364388,FIN-OPS,Resolved,02/04/2025 09:54,2025-04-03 11:21:02,"AED 1,602.31",1618.48,20.25
T-102123,TXN2271605,FUL-RUH,Resolved,2025-05-27 17:03:00,2025-05-30 06:48:08,3887.78,"3,877.83",125.04
T-100644,TXN8268210,CS-DXB,Resolved,28-03-2025 12:30,2025-03-29 00:06:43,559.61,561.25,14.73
T-100235,TXN2564482,CS-DXB,Resolved, 2025-03-11 09:30:00 ,12/03/2025 03:17, 84.06 ,81.70,2.18
T-100809,TXN9306391,CS-AUH,Resolved,04 Apr 2025 09:36,04/04/2025 21:06:48,533.04,537.65,5.99
T-101308,TXN6209696,CS-AUH,Resolved,24/04/2025 12:45:00,25 Apr 2025 08:24,407.30,409.74,6.59
T-100646,TXN6114432,CS-DXB,Resolved,28-03-2025 12:04,28 Mar 2025 20:40,607.48,713.00,10.92
T-100418,TXN3395681,FUL-RUH,Pending,18/03/2025 11:55:00,,"AED 1,139.07",1146.21,25.72
T-102066,TXN7807789,FIN-OPS, Resolved ,2025-05-26 09:20:00,26/05/2025 18:09:16,358.12,358.03,5.65
T-101667,TXN8522338,FUL-DXB,Resolved, 08/05/2025 11:28:00 ,09/05/2025 03:29:36,552.11,462.16,22.71
T-101770,TXN5192437,FIN-OPS,Resolved,13-05-2025 14:37,14/05/2025 19:07:48,119.98,120.66,1.54
T-101139,TXN7028060,FIN-OPS,Resolved,17 Apr 2025 11:07,17/04/2025 20:45,286.33,298.10,3.24
T-100542,TXN7836774,CS-AUH,Resolved,2025-03-24 18:17:00,25 Mar 2025 04:38,284.51,277.71,5.37
T-101314,TXN9132296,FUL-DXB,Resolved,24 Apr 2025 11:51,25/04/2025 03:12:14, AED 850.76 ,985.03,29.30
T-102202,TXN3001016,PAY-OPS,Open,30-05-2025 16:26,,279.63,273.68,4.31
T-100201,TXN4419503,CS-DXB,Resolved,2025-03-10 15:34:00,2025-03-11 01:24:55,AED 317.85,303.93,4.53
T-101296,TXN5930197,PAY-OPS,Resolved,24/04/2025 14:58,25 Apr 2025 00:54,422.10,422.82,9.22
T-101505,TXN5606332,FUL-DXB,Resolved, 01 May 2025 16:09 ,02 May 2025 00:34,2044.11,2114.21,47.41
T-100314,TXN3184943,FUL-DXB,Resolved,2025-03-13 09:05:00,15/03/2025 05:11,96.08,96.13,3.29
T-100307,TXN7164739,CS-AUH,Resolved,13-03-2025 15:41,13/03/2025 21:05,832.37,811.53,10.09
T-100941,TXN2213856,PAY-OPS,Resolved,09 Apr 2025 18:51,2025-04-10 01:34:47,1591.52,1606.16,21.55
T-101309,TXN7747941,CS-AUH,Resolved,24-04-2025 15:18,24/04/2025 20:28,366.59,364.59,6.15
T-100130,TXN1284702,PAY-OPS,Pending,2025-03-06 15:34:00,,390.76,377.66,4.13
T-100396,TXN2095607,PAY-OPS,Resolved,18/03/2025 08:56:00,2025-03-19 05:29:13,AED 224.08,218.81,4.33
T-102137, TXN7075930 ,CS-DXB,Open,28/05/2025 12:38:00,,679.11,665.25,11.06
T-100327,TXN3206904,PAY-OPS, Open ,2025-03-14 16:18:00,,649.48,652.44,11.77
T-100192,TXN6003029,FIN-OPS,Resolved,10-03-2025 18:09, 11/03/2025 02:41 ,3046.09,"3,099.72",30.04
T-100723,TXN3810385,FUL-DXB,Resolved,2025-04-01 15:11:00,02/04/2025 19:52,2918.67, 2842.03 ,60.75
T-101174,TXN8867226,PAY-OPS, Resolved ,18-04-2025 11:12,21-04-2025 07:54,183.76,183.32,3.57
T-101818,TXN7436801,CS-AUH,Resolved, 14 May 2025 09:21 ,2025-05-15 02:49:45,234.06,229.13,3.11
T-101065,TXN9501120,FUL-DXB,Resolved,2025-04-14 12:54:00,2025-04-18 09:00:03,552.08,537.91,14.31
T-101331,TXN9586254,FIN-OPS,Resolved, 25/04/2025 07:13 ,26/04/2025 08:35,205.45,198.29,2.72
T-101398,TXN7069299,FUL-RUH,Resolved,2025-04-28 09:34:00,01 May 2025 08:00,366.21,364.63,11.89
T-100994,TXN4894272,FUL-DXB, Resolved ,10 Apr 2025 17:16,2025-04-11 17:26:11, AED 533.09 ,535.10,18.82
T-100921,TXN8149096,FUL-DXB, Resolved ,2025-04-08 09:28:00,08 Apr 2025 21:21,253.84,255.16,8.86
 T-101492 ,TXN7979427,CS-DXB,Resolved,2025-05-01 18:29:00,02 May 2025 15:37,"AED 1,124.14",1158.02,17.59
T-100496,TXN3789305,FUL-RUH,Resolved,20-03-2025 17:53, 22-03-2025 10:58 ,727.27,658.62,17.85
T-101297,TXN7934454,PAY-OPS, In Progress , 24/04/2025 15:24:00 ,,217.96,219.29,4.21
T-101033,TXN7490706,FUL-RUH,Resolved,2025-04-11 12:42:00,12 Apr 2025 09:31,"AED 1,592.25","1,625.19",29.87
T-100868,TXN9473244, PAY-OPS ,Resolved,07/04/2025 16:45,08/04/2025 20:49:50,131.64,130.08,1.82
T-100385,TXN1064996, FUL-DXB ,Resolved,17-03-2025 09:42,17 Mar 2025 19:07, AED 836.51 ,877.95,30.49
T-101779,TXN8067932,PAY-OPS,Resolved,13/05/2025 14:12,14/05/2025 16:38,830.53,853.69,14.21
T-100653,TXN3822905,CS-AUH,Resolved,28/03/2025 18:05,2025-03-29 00:39:28,818.35,821.56,16.54
T-101998,TXN1154240,FUL-DXB,Resolved,2025-05-21 11:47:00,24 May 2025 05:10,710.61,686.94,16.28
T-100398,TXN3859951,PAY-OPS,Resolved,18-03-2025 10:21,19/03/2025 15:58,932.42,943.92, 18.51 
T-102193,TXN5701064,FIN-OPS,Open,30 May 2025 15:59,,830.22,839.94,15.97
T-100947,TXN7813706,CS-DXB,Resolved,09-04-2025 07:04,10 Apr 2025 00:37,248.34,256.81,4.02
T-101676,TXN8040716,FIN-OPS,Resolved,09 May 2025 14:32,12 May 2025 12:02,890.13,884.18,10.74
 T-101952 ,TXN8901862,FUL-DXB,Resolved,20 May 2025 09:53,22 May 2025 10:25,383.56,378.25,12.86
T-100520,TXN4273275,FUL-RUH,Resolved,21/03/2025 14:39,22 Mar 2025 23:53,AED 854.16,877.61,23.71
T-102095,TXN9461279,FUL-RUH,Resolved,26/05/2025 17:00,28/05/2025 12:52,179.46,185.17,6.93
T-100725,TXN4580201,FUL-RUH,Resolved,01/04/2025 17:30,04/04/2025 16:40,192.45,197.76,6.57
T-100533,TXN9489372,PAY-OPS,Resolved,2025-03-24 07:05:00,2025-03-25 01:07:56,426.26,410.17,5.89
T-100763,TXN5953085,FIN-OPS,Resolved,03/04/2025 17:40,2025-04-04 16:38:32,AED 328.92,317.48,3.26
T-101630,TXN9446439,CS-AUH,Resolved,2025-05-07 08:00:00,07 May 2025 17:57,792.30,814.40,9.44
T-100162,TXN1678201,PAY-OPS,Resolved,07/03/2025 10:12:00,2025-03-08 20:22:00,341.54,348.47,3.51
T-101335,TXN9381006,FIN-OPS,Resolved,25 Apr 2025 11:30,26/04/2025 04:30:03,396.37,391.87,3.71
T-102015,TXN4367004, CS-DXB ,Resolved,22/05/2025 15:25,22 May 2025 21:28,AED 137.22,142.62,1.97
T-101516, TXN8224081 ,PAY-OPS,Resolved,02 May 2025 09:47,04 May 2025 04:55,400.56,370.61,7.01
T-101104,TXN6116781,FUL-DXB,Resolved,2025-04-15 12:05:00,16-04-2025 15:22,398.21,393.62,13.72
T-100937,TXN2797047, FIN-OPS ,Resolved,09-04-2025 14:53, 10/04/2025 06:26 ,220.07,220.84, 3.62 
T-101040,TXN7621351,FIN-OPS,Resolved,14-04-2025 12:07,15/04/2025 04:25:21,AED 363.70,364.01,5.95
T-101367,TXN4357540,PAY-OPS,Resolved,2025-04-28 16:48:00,29 Apr 2025 21:47,340.33,336.12, 7.22 
T-101438,TXN9307930,FUL-RUH,Resolved,29/04/2025 16:31:00,2025-05-01 01:05:54,"AED 1,300.43",1284.81,52.39
T-101074,TXN7520125, FUL-DXB ,Resolved,14/04/2025 10:39,15/04/2025 19:48,825.22,839.21,18.91
T-101275,TXN1212664,CS-AUH,Resolved,23-04-2025 10:15,2025-04-24 03:57:04,AED 810.96,796.94,13.61
T-102053,TXN5337277,CS-DXB,Resolved,23/05/2025 11:42:00,24/05/2025 08:54:46,236.69,234.44,3.75
T-100021, TXN2548954 ,CS-AUH,Resolved, 03/03/2025 12:13:00 ,04-03-2025 01:03,257.96,200.82,3.59
T-100570,TXN8958287,CS-AUH,Resolved,2025-03-25 07:53:00,25 Mar 2025 20:15,155.74,149.07,2.64
T-101455,TXN4954851,CS-DXB,Resolved,30-04-2025 14:19,01-05-2025 07:12,815.67,814.11,13.02
T-101160,TXN3934084,FUL-DXB,Resolved,2025-04-17 15:41:00,2025-04-18 12:45:58,711.02,713.44,28.25
T-101561,TXN6216613,CS-DXB,Resolved,2025-05-05 07:31:00,2025-05-06 04:40:27,453.67,455.88,10.42
T-101592,TXN5332523,FIN-OPS,Resolved,06/05/2025 10:57:00,07/05/2025 13:49, 114.72 ,115.92,2.11
T-100654,TXN4663579,CS-AUH,Resolved,2025-03-28 16:53:00,29 Mar 2025 18:14,862.16,856.28,9.44
T-100697,TXN3697926,FIN-OPS,Resolved,01 Apr 2025 09:28,01-04-2025 17:58,818.05, 816.40 ,10.88
T-101589,TXN5988956,FUL-RUH,Resolved,05 May 2025 11:26,06-05-2025 15:19,790.18,805.12,22.88
T-100482,TXN9346513,FUL-DXB, Resolved ,20/03/2025 07:41:00,20 Mar 2025 20:15,174.37,174.65,3.46
T-100034,TXN2863448,FUL-DXB,Resolved,03/03/2025 15:38,06/03/2025 02:09:12,AED 233.61,230.94,9.78
T-101135,TXN5758044,FUL-DXB,Resolved,16-04-2025 17:09,17-04-2025 22:33,AED 220.45,217.79,6.12
T-101407,TXN5535607,PAY-OPS,Resolved,29 Apr 2025 07:16,30/04/2025 23:47:54,169.85,171.64,3.25
T-101050,TXN3737467,CS-DXB,Resolved,14/04/2025 09:17,15 Apr 2025 12:37,AED 397.01,362.65,4.96
T-100048,TXN7739940,PAY-OPS,Resolved,04 Mar 2025 16:23, 05/03/2025 00:00 ,545.69,548.56,5.81
T-101461,N/A,FUL-DXB,Resolved,30 Apr 2025 13:18,2025-05-01 05:44:10,AED 464.98,470.10, 11.03 
T-101199,TXN4066057,FIN-OPS,Resolved,21/04/2025 15:25:00,23/04/2025 02:37,AED 592.42,590.05,6.74
T-100030,TXN5569520,FUL-DXB,Resolved,03 Mar 2025 09:08,06/03/2025 05:00:41,201.58, 204.67 ,4.93
T-101596,TXN7531471, PAY-OPS ,Resolved,06-05-2025 16:24,07/05/2025 15:20:59,445.52,425.29,7.93
T-101006,TXN7433091,PAY-OPS,Resolved,11/04/2025 16:26:00,12 Apr 2025 21:53,161.37,161.80,2.18
T-101178,TXN3116153,CS-DXB,Resolved,18-04-2025 18:43,2025-04-19 12:42:21,324.17,313.85, 8.55 
T-102115,TXN3709852,FUL-DXB,Resolved,27 May 2025 15:21,27/05/2025 22:38:26,179.51,180.51,4.79
T-101828,TXN4434322,FIN-OPS,Resolved,15-05-2025 09:52, 15/05/2025 14:38 ,187.05,186.48,1.59
T-102058,TXN3539239,CS-AUH,Resolved, 23-05-2025 12:21 , 23-05-2025 22:14 ,730.14,726.45,13.37
T-101186,TXN1002939,FUL-DXB,Resolved,18/04/2025 12:36,19-04-2025 15:49,143.73,144.10,3.76
T-101269,TXN9811137,PAY-OPS,Resolved,23-04-2025 16:37,24/04/2025 21:05,329.60,330.37,6.60
T-100511,TXN5961020,CS-AUH,Resolved,21 Mar 2025 17:54,2025-03-22 07:05:18,404.51,396.96,5.45
T-101183,TXN9795598,FUL-DXB,Resolved,18/04/2025 08:47,20-04-2025 03:36,607.86, 615.96 ,12.52
T-100531,TXN8329780,PAY-OPS,Resolved,24 Mar 2025 16:58,2025-03-25 09:04:21,499.76,498.82,5.33
T-100923,TXN7684353,FUL-DXB,Resolved,08/04/2025 13:31,09 Apr 2025 13:52,1047.02,1028.59,35.05
T-100502,TXN2717857,PAY-OPS,In Progress,21 Mar 2025 10:21,,178.90,180.74,2.00
T-100433,TXN1526754,CS-DXB,Resolved,2025-03-19 11:25:00,19 Mar 2025 23:50,"AED 1,577.88","1,573.13",41.31
T-100254,TXN4411147,FUL-RUH,Resolved,11-03-2025 08:27,2025-03-13 03:07:31,553.45,552.07,11.04
T-100997,TXN4709732,FUL-DXB,Resolved,10/04/2025 08:16,14/04/2025 21:16,453.23,440.59,9.47
T-102130,TXN7041241,PAY-OPS,Open,28/05/2025 15:26,,AED 738.94,729.28,12.13
T-102158,TXN6069417,FUL-RUH,Open,28-05-2025 09:21,,AED 711.19,724.41,26.16
T-101964,TXN1570548,PAY-OPS,Resolved,21/05/2025 17:05,2025-05-22 00:38:53,AED 565.99,559.51,6.00
 T-100780 ,,CS-AUH, Resolved ,03/04/2025 18:24:00,04-04-2025 05:59,"AED 1,467.27","1,454.73",17.06
T-100367,TXN2447238,CS-DXB,Resolved,2025-03-17 11:04:00,19/03/2025 04:16,"AED 2,429.35","2,493.93",34.53
T-101077,TXN3844395,FIN-OPS,Resolved,15/04/2025 08:53:00,2025-04-15 18:29:54,352.49,352.42,6.72
 T-101079 ,TXN8676947,FIN-OPS,Resolved,15 Apr 2025 10:59,16/04/2025 10:49,472.38,458.94,5.41
T-101609,TXN7124252,CS-AUH,Resolved,06 May 2025 17:56,2025-05-08 02:07:37,341.08,346.27,7.03
T-101791, TXN3395282 ,FUL-DXB, Resolved ,13-05-2025 12:55,14/05/2025 07:26,204.85,206.89,4.79
T-100681,TXN1034262,FUL-DXB,Resolved,31/03/2025 16:04:00,01/04/2025 08:51,AED 554.61,558.61,16.71
T-101946,TXN7314092,FUL-DXB,Resolved,20 May 2025 15:50,25/05/2025 19:39,AED 292.42,293.44,6.57
T-101697,TXN8078683,CS-DXB,Resolved,09-05-2025 16:48,10-05-2025 01:44,AED 104.22,103.33,1.71
T-100813,TXN9992158,FUL-DXB,Resolved,04-04-2025 18:48,05 Apr 2025 10:33,"AED 1,492.51",1522.43,34.37
T-100736,TXN2541487,PAY-OPS,Resolved, 02 Apr 2025 11:36 ,03-04-2025 05:10,3199.27,3255.73,49.26
T-101049,TXN4278185,CS-DXB,Resolved,14-04-2025 13:26,15/04/2025 10:50:09,1259.75,"1,264.17",15.12
T-100299,TXN3934757,CS-DXB,Resolved,13/03/2025 07:14:00,13/03/2025 17:30,AED 130.13,128.42,1.96
T-100557,TXN5429884,FIN-OPS,Resolved,2025-03-25 14:11:00,26-03-2025 02:44,461.28,467.19,3.90
T-100576,TXN9498690,FUL-DXB,Resolved,25 Mar 2025 12:02,27/03/2025 05:01,262.44,264.88,6.88
T-100019,TXN8064965,CS-DXB,Resolved,03 Mar 2025 16:57,2025-03-04 19:02:26,134.10,132.06, 1.84 
T-100573,TXN9988885,CS-AUH,Resolved,25 Mar 2025 13:44,25/03/2025 23:00,2108.80,2056.58,25.08
T-101279,TXN5164081,CS-AUH,Resolved,23-04-2025 16:50,2025-04-25 20:34:04,485.39,492.94,10.19
T-100226,TXN1540680,FIN-OPS,Resolved,11/03/2025 18:25,12-03-2025 06:46,94.69, 98.43 ,1.28
T-100600,TXN1151049,FUL-DXB,Pending,26 Mar 2025 09:35,,1001.58, 1001.98 ,37.82
T-101919,TXN8628800,FUL-DXB,Resolved,19/05/2025 09:26:00,2025-05-20 19:21:29,AED 867.42,888.14,17.44
T-100420,TXN8336650,FIN-OPS,Resolved,2025-03-19 12:31:00,20/03/2025 06:34:11,154.91,156.27,2.11
T-101892,TXN1673892,FIN-OPS, Resolved ,19/05/2025 07:47,19/05/2025 14:11:56,1064.97,1122.35,10.98
T-101303,TXN1998238,CS-DXB,Resolved,24 Apr 2025 07:51,25 Apr 2025 07:38,308.91,285.25,6.91
T-101247,TXN8520678,CS-AUH,Resolved,2025-04-22 07:19:00,22/04/2025 21:42,AED 527.54,431.56, 8.87 
T-101988,TXN4832274,FUL-DXB,Resolved,21-05-2025 12:01,25 May 2025 06:30,AED 384.39,388.35,8.84
T-101449,TXN3429706,PAY-OPS,Resolved,30/04/2025 13:16:00,01-05-2025 10:05,205.34,206.07,4.05
T-100219,null,FUL-DXB,Pending,10 Mar 2025 10:01,,"AED 1,743.25",1737.72,59.45
T-100308,TXN2470960,CS-AUH,Resolved,13-03-2025 07:14,2025-03-14 09:24:04,306.04,303.96,3.16
T-100157,TXN8111158,FIN-OPS,Resolved,07-03-2025 14:09,08/03/2025 03:49:42,1337.17,1342.43,21.92
T-101813, TXN2745537 ,CS-DXB,Resolved,14/05/2025 17:40:00,15 May 2025 05:25,AED 506.33,492.05,9.75
,TXN4920913,CS-AUH,Resolved,07/03/2025 07:12:00,07/03/2025 17:41:40, 644.29 ,656.38,9.60
T-101467,TXN7602859,FUL-DXB,Resolved,30/04/2025 07:44,01/05/2025 07:37:35,AED 711.40,700.01,24.71
T-101930, TXN1359469 ,PAY-OPS,In Progress,20 May 2025 08:43,,502.63,489.45,9.01
T-100706,TXN4534014,CS-DXB, Resolved ,01/04/2025 14:50,02 Apr 2025 13:40,706.77,728.27,9.96
T-101795,TXN7951644,FUL-DXB,Resolved,2025-05-13 17:47:00,16/05/2025 13:22:17, AED 315.16 ,308.92, 10.96 
T-100287,TXN7937294,FUL-RUH,Resolved,12-03-2025 13:52,14 Mar 2025 21:23,363.66,362.47,12.70
T-101091,N/A,CS-AUH,Resolved,15/04/2025 17:59,16-04-2025 03:36,476.81,478.93,7.36
T-100454,TXN5727414,FUL-DXB,Resolved,19/03/2025 15:03:00,20 Mar 2025 17:46,222.44,217.64,5.63
T-100114,TXN1891196,FUL-DXB,Resolved,05-03-2025 15:45,2025-03-06 09:30:06,312.23,312.38,12.78
T-100072,TXN5034743, FUL-DXB ,Resolved,04/03/2025 14:35,05 Mar 2025 10:53,AED 267.04,267.36,5.30
T-102180,TXN1859821, CS-AUH ,Open,29/05/2025 10:58:00,, 1101.48 ,1091.56,13.03
T-101437,TXN4156387,FUL-RUH,Escalated??,29 Apr 2025 08:05,,226.70,222.79, 6.28 
T-100083,TXN2737634,FIN-OPS,Resolved,05 Mar 2025 08:08,06 Mar 2025 21:16,AED 459.85,467.53,3.95
T-102188,TXN5659781,FUL-DXB, Open ,29 May 2025 10:31,,198.30,199.25, 4.12 
T-101881,TXN4231593,FUL-DXB,Resolved,16 May 2025 15:08,17-05-2025 15:15," AED 1,488.95 ",1519.81,62.43
T-102195,TXN1742874,PAY-OPS,Open, 31/02/2025 10:00 ,,256.93,257.59,4.96
T-100016,TXN3884202,CS-DXB,Resolved,03/03/2025 11:40,2025-03-04 04:25:33,AED 269.30,269.76,4.73
T-101826,TXN3751564,FUL-RUH,Resolved,14/05/2025 14:38,16 May 2025 11:40,84.81,82.62,2.65
T-101290,TXN5781285,FIN-OPS, Resolved ,2025-04-24 09:22:00,2025-04-24 23:35:00,329.07,332.71,3.53
 T-100536 ,TXN9306842,PAY-OPS,Open,31/02/2025 10:00,,157.38,156.98,3.41
T-101863,TXN1506338,PAY-OPS,Resolved,2025-05-16 13:36:00,19 May 2025 08:51,1666.64,1638.46,33.33
T-100919,TXN7078914,FUL-DXB,Resolved,08/04/2025 07:07,09-04-2025 07:47, AED 184.40 ,186.34,3.69
T-100452,TXN1024898,FUL-DXB,Resolved,2025-03-19 12:58:00,19-03-2025 10:58,AED 518.14,501.43,20.68
T-101792,TXN3949997,FUL-DXB,Resolved, 13/05/2025 16:19 ,15/05/2025 10:05,187.80,191.48,5.74
T-101859,TXN1791150,FIN-OPS,Open,16 May 2025 16:38,,436.33,443.68,4.93
T-100405, TXN3813853 ,CS-DXB,Resolved,18 Mar 2025 07:11,19 Mar 2025 01:17,"AED 1,209.53",1227.35,21.68
T-102150,TXN9636900,FUL-DXB,Open, 28/05/2025 12:08 ,,302.88,312.82,8.64
T-101515,TXN2161721,PAY-OPS, Resolved ,2025-05-02 09:04:00,04/05/2025 03:31:45,AED 433.20,432.30,4.70
T-102119,TXN4162691,FUL-DXB,Resolved,27/05/2025 13:52,2025-05-28 23:21:20, AED 391.81 ,399.32,8.43
 T-101566 ,TXN9313763,CS-DXB,Resolved,2025-05-05 16:00:00,08-05-2025 00:23, 302.71 ,306.54,8.16
T-102121,TXN4986540,FUL-DXB,Resolved,2025-05-27 09:34:00,2025-05-28 13:27:29, AED 246.76 ,244.37,9.95
T-100740,TXN6572512,CS-DXB,Resolved,02/04/2025 14:18,02/04/2025 12:18,AED 174.56,173.54,2.22
T-100365,TXN4187038,PAY-OPS,Resolved,17/03/2025 13:06,18 Mar 2025 09:54,AED 403.64,398.94,4.89
T-101654,TXN6025861,CS-DXB,Pending,08 May 2025 12:32,,464.02, 466.65 ,11.77
T-101484,TXN7893380,PAY-OPS,Resolved,01/05/2025 15:32,02 May 2025 16:49,"AED 1,086.48",1062.86,18.47
T-100105,TXN1498677,CS-AUH,Pending,05-03-2025 18:14,,AED 331.81,329.82,3.56
T-101293,TXN9325565,PAY-OPS,Resolved,24/04/2025 13:23,27 Apr 2025 08:06,436.44,450.37,8.87
T-102107,TXN4795450,CS-DXB,Resolved,31/02/2025 10:00,28/05/2025 16:20:06,AED 652.09,649.06,11.06
T-102154,TXN1796178,FUL-DXB,Open,28 May 2025 15:34,,575.59,587.22,11.19
T-102011,TXN7709091,CS-DXB,Resolved,2025-05-22 09:02:00,22-05-2025 23:16,115.13,114.15,2.98
T-101842,TXN2291002,PAY-OPS,Resolved,2025-05-15 09:18:00,16/05/2025 17:27:42,563.49,543.07,11.75
T-100662,TXN5116060,FUL-RUH,Escalated??,28/03/2025 15:22,30-03-2025 10:47,335.72,329.97,12.72
T-100242,TXN3167880,FUL-DXB,Resolved,2025-03-11 13:25:00,14-03-2025 22:17, AED 721.04 ,702.07,29.14
T-100431,TXN3567004,PAY-OPS,Resolved,19-03-2025 09:17,21 Mar 2025 01:42,489.74,500.80,7.67
T-100815,TXN5296031,FUL-DXB, Resolved ,2025-04-04 17:11:00,06-04-2025 02:21,648.04,659.37,21.64
T-101248,TXN5350029,CS-AUH,Resolved,22-04-2025 13:32,22/04/2025 23:20,64.10,64.03,0.80
T-101228,TXN4049009,FUL-RUH,Resolved,21/04/2025 09:28,22-04-2025 15:17,108.63,111.07,2.36
T-101570,TXN3042534,CS-DXB,Resolved,05-05-2025 16:36,06/05/2025 03:16,AED 303.80,302.61,3.80
T-101620,TXN2651647,FUL-DXB,Resolved,2025-05-06 08:58:00,2025-05-08 17:37:28,AED 389.91,390.46, 10.81 
T-100631,TXN6452451,FUL-DXB,Resolved,27 Mar 2025 14:36,28/03/2025 11:09:47,403.14,394.41,17.33
T-100097,TXN1511992,CS-DXB, Resolved ,2025-03-05 12:27:00,06-03-2025 06:32,488.93,472.32,10.88
T-100468,TXN5445298,FIN-OPS,Resolved,2025-03-20 12:21:00,21/03/2025 20:46:36,"AED 2,293.10",2316.23,39.71
T-101920,TXN4532200,FUL-DXB, Resolved ,19/05/2025 14:06,20/05/2025 19:37:12,"AED 1,512.12",1421.49,63.74
T-101517,TXN7399855,PAY-OPS,In Progress,2025-05-02 15:09:00,,425.55,412.98,5.25
T-101191,TXN5921664,FUL-DXB,Resolved,18 Apr 2025 10:02,19/04/2025 18:43:04,AED 373.12,367.10,13.80
T-100085,TXN3588181,PAY-OPS,Resolved,05 Mar 2025 08:11,07/03/2025 00:17,157.37,159.25,2.48
T-100702,TXN6617495,PAY-OPS,Pending,01/04/2025 13:26:00,,213.07,185.88,4.53
T-101719,TXN4327767,FUL-DXB,Resolved,09/05/2025 07:10:00,10-05-2025 18:49,285.71,284.73,7.84
T-100010,TXN2964557,PAY-OPS,In Progress,03/03/2025 17:02,, 417.30 ,415.09,7.35
T-100605,TXN8890349,FIN-OPS,Resolved,2025-03-27 08:26:00,27/03/2025 19:04:22,68.77,70.40,0.97
 T-100879 ,TXN4617397,CS-AUH,Pending,07 Apr 2025 17:10,,890.87,879.61,9.79
T-101340,TXN8197965,PAY-OPS, Resolved , 25/04/2025 12:14:00 ,26-04-2025 19:16,790.39,758.51,11.46
T-100774,TXN9621897,CS-DXB,Resolved,03 Apr 2025 13:17,03/04/2025 21:50,185.90,187.64,2.82
T-101386,TXN6193468, CS-AUH ,In Progress,28/04/2025 07:30,,164.55,161.86, 2.73 
T-101163,TXN6139918,FUL-DXB, Resolved ,2025-04-17 09:46:00,19/04/2025 06:26:59,AED 777.31,769.62, 16.39 
T-101848,TXN2987420,CS-DXB,Resolved,15-05-2025 10:26,2025-05-15 19:57:37,AED 236.21,245.74,5.74
 T-100277 ,TXN7642531,FUL-DXB,Resolved,2025-03-12 10:56:00,13/03/2025 12:47:34,AED 124.54,122.67,4.20
 T-101409 ,TXN8802491,PAY-OPS,Resolved,29-04-2025 14:14,30/04/2025 08:41:21, 784.46 ,773.35,14.22
T-101593,TXN5153544,FIN-OPS,Resolved,2025-05-06 17:39:00,2025-05-07 03:18:10,604.51, 616.33 ,8.76
T-101373,TXN6189811,CS-DXB,Resolved,2025-04-28 08:49:00,28/04/2025 23:48:54,604.51,618.44,11.36
T-101797,TXN5037165,FUL-RUH,Resolved,13 May 2025 17:36,2025-05-14 15:04:58,AED 571.54,580.33,23.89
T-100089,TXN9541198,PAY-OPS,Escalated??,05-03-2025 08:27,05/03/2025 19:14:57,566.69,560.32,11.10
T-100091,TXN9931566,PAY-OPS,Resolved, 05/03/2025 16:17 ,06/03/2025 08:39:02,627.93, 640.27 ,10.40
T-100766,TXN5231158,PAY-OPS,Resolved,03-04-2025 14:54, 04 Apr 2025 14:24 ,238.89,244.80,3.96
T-100281,TXN7828918,FUL-DXB,Resolved,12/03/2025 11:45:00,13/03/2025 13:03,210.89,211.13,5.60
 T-101008 ,TXN9892628,PAY-OPS,Resolved,11/04/2025 09:13,12/04/2025 01:25,345.63,352.49,5.00
T-100652,TXN1014664,CS-DXB,Resolved,28-03-2025 12:23,29-03-2025 10:36,183.10,178.34,3.63
T-101897,TXN3237243,PAY-OPS,Resolved, 2025-05-19 17:20:00 ,21 May 2025 01:30,159.14,156.88,3.07
T-101485,TXN1648833,PAY-OPS, Resolved ,01 May 2025 12:41,05/05/2025 00:17:14,52.71,52.09,0.58
T-102021, TXN8486184 ,CS-AUH,Resolved,22/05/2025 13:45,2025-05-23 03:51:39,332.22,333.81,3.86
T-101824,TXN7175481,FUL-DXB,Resolved,14/05/2025 10:27,2025-05-14 23:52:47,AED 340.57,344.67,11.96
T-101325,TXN7320768,FUL-RUH,Resolved,24/04/2025 11:38:00,26/04/2025 12:36:52,838.68,852.98,35.22
T-101910,TXN4830851,CS-AUH,Resolved,19 May 2025 09:34,19 May 2025 17:30,84.50,83.38,0.93
T-101227,TXN9456321,FUL-RUH,Resolved,21 Apr 2025 15:14,23/04/2025 15:09:18,AED 128.60,96.58,2.97
T-101427,TXN1788847,FUL-DXB,Resolved,29-04-2025 16:05,2025-04-30 22:44:38,104.60, 105.37 ,2.33
T-101365,TXN8095328,FIN-OPS,Resolved,28/04/2025 07:35:00,29/04/2025 00:36:30,4043.27,2849.50,76.63
T-100993,TXN3683274,FUL-DXB,Resolved,10/04/2025 15:44,11/04/2025 10:03,AED 541.10,552.47,15.18
T-100366,TXN3309212,CS-DXB,Resolved,17/03/2025 13:52:00,18/03/2025 03:02:10,AED 219.98,218.65,4.16
T-100024,TXN6225066,CS-AUH,Resolved,03/03/2025 07:54:00, 2025-03-03 21:56:22 ,AED 606.01,597.70,7.96
T-101370,TXN9995713,PAY-OPS,Resolved,28/04/2025 08:52:00,29/04/2025 06:07:57,404.64,393.63,7.47
T-100677,TXN6538928,CS-AUH,Resolved,31 Mar 2025 10:46,01 Apr 2025 01:26,398.86,391.75,6.66
T-100999,TXN8743641,FUL-RUH,Resolved,10/04/2025 18:03,2025-04-13 12:06:04,545.84,545.12,15.38
T-101190,TXN6173226,FUL-DXB,Resolved,18/04/2025 17:54,21 Apr 2025 03:17,329.13,323.40,8.20
T-101359,TXN9529174,FUL-RUH,Open,25-04-2025 07:06,,1847.00,1852.30,66.65
T-100311,TXN4639983,CS-AUH,Resolved,13 Mar 2025 16:55,13/03/2025 21:22,85.38,84.05,1.66
T-101061,TXN5484041,CS-AUH,Resolved,14/04/2025 13:25,2025-04-15 06:03:52,AED 666.95,669.11,13.37
T-100641,TXN5575209,PAY-OPS,Resolved,28-03-2025 17:50,2025-03-29 18:06:09,662.69,664.59,9.59
T-101378,TXN5487727,CS-DXB,Resolved,2025-04-28 16:10:00,2025-04-29 22:51:30,AED 282.79,285.76,6.36
T-101760,TXN1579785,FUL-DXB,Escalated??, 12-05-2025 13:18 ,14 May 2025 01:21,AED 971.33,968.37,20.73
T-101404,TXN7860800,FIN-OPS,Resolved,2025-04-29 12:21:00,29-04-2025 21:58,527.65,529.99,10.21
T-100241,TXN6063994,CS-AUH,Resolved,31/02/2025 10:00,12/03/2025 00:37:30,AED 154.70,149.67,2.31
T-100667,TXN7896429,FIN-OPS,Resolved,31-03-2025 08:44,01-04-2025 10:21,313.48,366.04,4.02
T-101343,TXN6092759,PAY-OPS,Resolved,25-04-2025 12:38,26-04-2025 21:05,173.03,169.36,1.78
T-100095,TXN9925094,CS-DXB,Resolved,05/03/2025 10:59,2025-03-05 22:40:41,560.71,542.69,10.26
T-101287,TXN6760115,FUL-RUH,Resolved,23/04/2025 18:46:00,2025-04-24 23:53:25,284.15,293.38, 7.95 
T-100099,,CS-DXB,Resolved,05-03-2025 08:08, 05 Mar 2025 22:53 ,565.57,570.85,15.78
T-100168,TXN2261735,CS-DXB,Resolved,2025-03-07 09:27:00,07 Mar 2025 22:22,209.86,207.79,2.52
T-100497,TXN4915606,FUL-RUH,Resolved,20/03/2025 09:28,22/03/2025 06:38:10,563.13,554.32,20.37
 T-101750 ,TXN2232398,CS-AUH,In Progress,12-05-2025 13:02,,447.66,581.81,5.39
T-100276,TXN2465368,CS-AUH,Resolved,12/03/2025 08:01:00,2025-03-13 00:28:34,"AED 1,731.44",1786.07,27.35
T-101114,TXN4115593,FIN-OPS,Resolved, 2025-04-16 16:28:00 ,2025-04-17 21:41:29,AED 926.15,922.85,14.05
T-100715,TXN7874726,FUL-DXB,Resolved,01/04/2025 10:45:00,2025-04-02 23:39:32,267.17,273.86,6.69
T-101540,TXN8186485,FUL-DXB,Resolved,2025-05-02 07:49:00, 03/05/2025 17:00 ,512.57,523.08, 12.66 
 T-102050 ,TXN1688213,CS-DXB,Resolved,23 May 2025 10:40,23-05-2025 17:01,166.71,166.92,3.18
T-100332,TXN7354581,CS-DXB,Resolved,14-03-2025 07:33,14 Mar 2025 20:54,180.32,175.23,3.98
T-100220,TXN9528083,FUL-RUH,Resolved,10/03/2025 14:33:00,11/03/2025 20:42:14,100.52, 97.53 , 3.08 
T-100434,TXN9672696,CS-DXB,Resolved,19/03/2025 16:53:00,2025-03-20 16:48:54,992.71,973.90,16.17
 T-100184 ,TXN4906382, FUL-RUH , Resolved ,07 Mar 2025 17:21,09/03/2025 06:36:35,161.43,163.76,3.48
T-100326,TXN8538561,FIN-OPS,In Progress,14/03/2025 09:52,,111.12,111.89,2.02
T-100487,TXN7742644,FUL-DXB, Resolved ,20/03/2025 07:53,20 Mar 2025 18:04,494.00,478.05,15.70
T-101683,TXN6706076,PAY-OPS,Resolved,09/05/2025 07:26,2025-05-11 05:41:04,AED 677.53,679.05, 7.92 
T-101538,TXN8931886,FUL-DXB,Resolved,02/05/2025 14:33,03-05-2025 23:08,227.04,222.55,5.67
T-100532,TXN5921309,PAY-OPS,Resolved,2025-03-24 14:35:00,2025-03-25 04:16:06,AED 475.56,346.01,6.75
 T-101865 ,TXN9527733,PAY-OPS,Resolved,2025-05-16 16:33:00,17/05/2025 09:31,306.53,311.66, 6.69 
T-100150, TXN4704093 ,FUL-RUH,Resolved,06/03/2025 12:56,08/03/2025 15:19:53,AED 572.59,551.57,12.35
T-100261,TXN5128426,PAY-OPS,Resolved,12 Mar 2025 13:48,14/03/2025 09:46:33,AED 497.43,497.37,6.59
T-100811,TXN5794868,FUL-DXB,Resolved,04 Apr 2025 15:04,05-04-2025 10:21,73.99,74.39,2.78
T-100306,TXN2543252,CS-AUH,Resolved,13/03/2025 13:12,14 Mar 2025 03:16,AED 163.80,169.26,2.64
T-102080,TXN4710344,CS-AUH,Open,26/05/2025 13:00,,218.89,223.34,2.25
T-100803,TXN7109059,CS-DXB,Resolved,2025-04-04 18:17:00,05 Apr 2025 15:45,1778.66,1737.49,44.68
T-101727,TXN5925230,PAY-OPS,Resolved,12/05/2025 10:03,2025-05-13 11:52:35, 534.67 ,530.79,7.88
T-101796,TXN8478052, FUL-RUH ,Resolved,13 May 2025 10:36,15 May 2025 11:44,235.56,239.87,4.59
T-101650,TXN5922735,PAY-OPS,Resolved,08 May 2025 07:28,10/05/2025 09:01,761.57,774.73,15.48
T-100197,TXN8453923, PAY-OPS ,Resolved,2025-03-10 07:31:00,10-03-2025 19:08,261.76,261.34,4.30
T-101165,TXN5205727,FUL-RUH, Resolved ,17/04/2025 18:13:00,18 Apr 2025 14:26,AED 491.39,478.30,15.79
T-101619,TXN5206931,FUL-DXB,Resolved,06 May 2025 08:27,07/05/2025 16:38:02,AED 297.50,301.45,7.74
T-101147,TXN9011031,CS-DXB,Resolved,2025-04-17 11:31:00,18/04/2025 13:50,328.64,315.40,4.30
T-100495,TXN8671145,FUL-DXB,Resolved,20-03-2025 18:00,22-03-2025 23:48,AED 566.43,566.84,17.32
T-101846,TXN6795148,CS-DXB,Resolved,15-05-2025 14:44,2025-05-16 03:23:30,571.80,564.11,14.96
T-100111, TXN7608923 ,FUL-DXB,Resolved,05-03-2025 09:23,07/03/2025 23:03,167.58,166.79,4.16
T-101109,TXN3110739,FUL-RUH,Resolved,15-04-2025 18:35,17-04-2025 16:14,AED 77.23,77.34,1.66
T-102000,TXN5052016,FUL-RUH,Resolved,2025-05-21 11:21:00,22/05/2025 16:41:22,AED 88.15,64.89,3.39
T-100514,TXN9156013,FUL-DXB,Escalated??,21 Mar 2025 08:53,23/03/2025 05:50:46,82.15,63.08,2.91
T-100692,TXN9524396,FUL-RUH,Resolved,2025-03-31 13:49:00,2025-04-06 11:39:34,280.14,282.04,11.66
T-101507,TXN5620941, FUL-RUH ,Resolved,01/05/2025 07:24,02/05/2025 21:58:49,288.24,258.51,5.38
T-101931,TXN2364081,PAY-OPS, Resolved ,20/05/2025 15:24:00,22-05-2025 04:04,"AED 1,853.80",1802.39,39.80
T-100370,TXN7809959,CS-DXB,Resolved,2025-03-17 11:45:00,18-03-2025 07:52,199.50,206.84,3.62
T-101636,TXN8532055,FUL-DXB,Resolved, 07-05-2025 07:55 ,08/05/2025 13:34,1487.21,"1,501.26",53.00
T-100794,TXN6815226,FIN-OPS,Resolved,04/04/2025 13:43:00,05/04/2025 20:11,399.75,405.78,6.43
T-101099,TXN6772811,FUL-DXB,Resolved,15-04-2025 11:59,16/04/2025 05:21,1014.82,1011.76,24.39
T-101544,TXN7582678,FUL-RUH,Resolved,2025-05-02 11:20:00,05/05/2025 07:44:19,420.32,408.20,17.27
T-102127,TXN6921824,FUL-RUH,Resolved,27 May 2025 14:11,28/05/2025 17:00:28,AED 618.60,631.49,18.34
T-100927,TXN2976966,FUL-DXB,Resolved,08/04/2025 13:19:00,08/04/2025 11:19:00, AED 140.45 ,143.59,5.70
T-100274,TXN7855665,CS-AUH,Resolved,12 Mar 2025 17:12,14/03/2025 12:20,254.04,250.76,4.36
T-101816, TXN2214946 ,CS-DXB,Open,14-05-2025 13:18,,330.23,318.72,7.00
T-100397,TXN1264017,PAY-OPS,Resolved,18 Mar 2025 07:13,18-03-2025 14:19,AED 744.62,748.37,9.81
T-101179,TXN4267009,CS-AUH,Resolved,2025-04-18 11:28:00,19/04/2025 02:54:31,638.01,629.31,9.67
T-100554,TXN2084693,FUL-RUH,Resolved,2025-03-24 14:55:00,26/03/2025 05:27,174.90,173.00,6.88
T-101216,TXN7726765,FUL-DXB,Resolved,2025-04-21 13:55:00,22/04/2025 14:58:04,1009.26,"1,027.11", 35.59 
T-100798,TXN3117071,PAY-OPS,Resolved,04/04/2025 13:49,05-04-2025 00:12,817.20, 859.45 ,10.85
 T-101299 ,TXN1575718,CS-DXB,Resolved,24 Apr 2025 13:58, 25/04/2025 09:11:51 ,136.12,137.00,3.31
T-101212,TXN8904537,CS-AUH,Resolved,21/04/2025 14:01,22/04/2025 19:08,73.47,69.09,1.25
T-101075,TXN7468782,FUL-DXB,Resolved,2025-04-14 09:35:00,15/04/2025 23:14:42,"AED 1,544.16","1,643.26",40.00
T-101063,N/A,FUL-DXB,Resolved,14/04/2025 16:36:00,15/04/2025 10:03:28, 794.82 ,773.62,19.73
T-100962,TXN1124891,FUL-DXB,Resolved,09/04/2025 18:26:00,10/04/2025 14:53,498.80,481.22,21.55
T-100419, TXN5419990 ,FIN-OPS,Resolved,19/03/2025 09:33,2025-03-19 17:34:48,277.59,279.41,4.29
T-101469,TXN1937927,FUL-DXB,Open,2025-04-30 12:42:00,, AED 679.63 ,682.63,26.64
T-101233,,FIN-OPS,Resolved,22/04/2025 09:00:00,2025-04-24 02:58:17,AED 80.71,79.90,1.08
T-100376,TXN9483819,CS-DXB,Resolved,17-03-2025 15:20,18-03-2025 18:57,AED 639.89, 645.99 ,13.38
T-100464,TXN2461250,FUL-RUH,Resolved,19 Mar 2025 08:31,22 Mar 2025 17:29,226.50, 228.14 ,9.20
T-100471,TXN1303553,PAY-OPS,Pending,20-03-2025 15:32,,588.02, 598.48 ,12.20
T-101542,,FUL-DXB,Resolved,02/05/2025 12:06, 03 May 2025 10:55 ,244.24, 244.28 ,10.65
T-101100,TXN6438781,FUL-DXB,Resolved, 15/04/2025 13:40:00 ,16/04/2025 16:53,318.88,312.10,9.35
T-101935,TXN5381363,CS-DXB,Resolved,20 May 2025 17:33,21 May 2025 01:36,567.46,579.81,8.43
T-101273,TXN9543142,CS-DXB,Resolved,23 Apr 2025 10:41,23/04/2025 21:04:46,136.80,146.52,2.76
T-100560,TXN2207640,PAY-OPS,Resolved,25-03-2025 08:11,29 Mar 2025 03:53,254.56,256.19, 4.86 
T-100303,TXN4926904,CS-DXB,Resolved,13 Mar 2025 15:35,14/03/2025 20:37,500.59,490.92,9.87
T-100583,TXN1103459,FIN-OPS,Resolved,26/03/2025 09:34:00,26-03-2025 07:34,353.33,356.43,4.89
T-101924,TXN7982884,FUL-DXB,Resolved,19-05-2025 08:10,20-05-2025 03:09,144.05,177.94,3.95
 T-101270 ,TXN1132383,PAY-OPS,Resolved,2025-04-23 15:45:00,24-04-2025 23:50,595.64,598.47,6.67
T-102218,TXN1814828,FUL-DXB,Open,30-05-2025 12:30,,AED 859.21,837.89,18.80
T-101762,TXN2450091,FUL-RUH, Resolved ,12/05/2025 09:14:00,13/05/2025 13:24:26,1030.90,1012.35,28.68
T-100799,TXN7218616,CS-DXB,Resolved,2025-04-04 12:31:00, 04-04-2025 19:32 ,230.13,222.49,3.83
T-100012,TXN8864683,PAY-OPS,Resolved,03/03/2025 09:01:00,03/03/2025 23:03,88.42,90.15,1.33
T-100845,TXN1111556,FUL-DXB,Resolved,05-04-2025 12:38,06-04-2025 03:51,468.94, 463.59 ,12.86
T-101687,TXN4932845,PAY-OPS,Resolved,09-05-2025 15:37,10-05-2025 04:41,268.40,267.70,4.49
T-101510,TXN2752439, FIN-OPS ,Resolved,2025-05-02 08:05:00,2025-05-03 04:36:35,235.53,242.12,3.00
T-101487,TXN6048341,CS-DXB,Resolved,01/05/2025 18:50:00,02/05/2025 03:37,713.84,700.15, 14.26 
T-100539,TXN8508917,CS-DXB,Resolved,24/03/2025 09:55,24 Mar 2025 23:34,748.26,733.17,9.44
T-100628,TXN2015941,FUL-DXB,Resolved,27/03/2025 18:23,2025-03-28 20:51:35, 346.23 ,tbc,13.51
T-100282,TXN1770338,FUL-DXB,Resolved,12 Mar 2025 16:09,14/03/2025 20:05,643.57,628.88,13.17
T-101278,TXN3226697,CS-AUH,Resolved,23 Apr 2025 18:47,24-04-2025 11:28,680.21,656.49,11.91
T-100984,TXN4173280,FUL-DXB,Resolved,10 Apr 2025 10:13, 11/04/2025 04:13:22 ,238.01,231.60,5.71
T-101732,TXN2799901,PAY-OPS,Resolved,2025-05-12 12:14:00,2025-05-13 06:38:53,163.78,164.44,2.43
T-100481,TXN1282519,CS-AUH,Resolved,2025-03-20 11:31:00,22-03-2025 06:09,599.33,755.62,6.43
T-101480,TXN9833263,FIN-OPS,Resolved,01/05/2025 13:50:00,03/05/2025 07:29,975.14,tbc,17.82
 T-100224 ,TXN9108385,FUL-RUH,Resolved,10 Mar 2025 09:37,12/03/2025 03:35,AED 117.02,116.27,2.25
T-101602,TXN9629930,PAY-OPS,Resolved,2025-05-06 12:37:00,2025-05-07 18:10:02,293.63,309.82,3.86
T-100673,TXN3997701,CS-DXB, Resolved ,31/03/2025 12:04:00,31-03-2025 20:37,369.14,361.66,7.70
T-102073,TXN7842557,CS-DXB,Resolved,31/02/2025 10:00,27/05/2025 08:05,AED 55.28,55.91,1.09
T-101244,TXN3618135,CS-DXB,Resolved,22/04/2025 09:15,23-04-2025 19:28,280.89,286.34,6.11
T-100967,TXN3166994,FUL-RUH,Resolved,09/04/2025 09:35,09/04/2025 23:54:44,AED 115.31,116.96,3.56
T-101450,TXN4408989,PAY-OPS,In Progress,30/04/2025 17:57:00,,636.68,650.43,9.12
T-101394,TXN4701045,FUL-DXB,Resolved,28/04/2025 10:01,29 Apr 2025 06:46,461.97,476.72,17.26
T-101150,TXN2816718,CS-DXB,Resolved, 17/04/2025 16:44 ,18-04-2025 21:26,AED 174.94,174.08,3.49
 T-101094 ,TXN3066143,CS-AUH,Resolved,15 Apr 2025 13:50, 2025-04-16 11:44:16 ,96.73,99.98,1.53
T-100606,TXN7252301,FIN-OPS,Resolved,2025-03-27 08:34:00, 28/03/2025 17:28 ,1029.04,1042.77,20.11
T-100995,TXN8541248,FUL-DXB,Resolved,2025-04-10 11:12:00,11/04/2025 23:53,AED 186.54,183.79,8.28
T-100581,TXN9576374, FUL-DXB ,In Progress,25 Mar 2025 08:20,,373.38,372.20,16.20
T-101046,TXN2540413,CS-DXB,Resolved,14-04-2025 08:26,14/04/2025 18:36:35,AED 156.63,159.67,2.25
T-100078,TXN8796863,FUL-RUH, Resolved ,04/03/2025 09:20:00,06-03-2025 19:43,603.85,592.79,16.57
T-100548,TXN3982037,FUL-DXB, Resolved ,24/03/2025 12:00,26-03-2025 01:33,536.78,524.99,20.32
T-100257,TXN7331177,FIN-OPS,Resolved,2025-03-12 13:19:00,13/03/2025 16:33,680.19,817.50,10.35
T-100749,TXN9362168,FUL-DXB,Resolved,02/04/2025 09:03:00,2025-04-02 18:32:35,226.12,231.24,7.78
T-102215,TXN8394496,CS-AUH,Open,30-05-2025 14:07,,721.75,710.13,10.08
T-101759,TXN1544837,FUL-DXB,Resolved,12/05/2025 07:27,13-05-2025 16:09,AED 556.87,569.35,17.04
T-100827,TXN8460346,FIN-OPS,Resolved,05-04-2025 17:34,06 Apr 2025 12:46,294.10,207.76,3.12
T-100126,TXN9197640,PAY-OPS,Resolved,06 Mar 2025 18:16,07-03-2025 12:07,213.63,213.67,4.27
T-101253,TXN1913481,CS-AUH,Resolved,22/04/2025 15:02,23 Apr 2025 03:20,159.24,162.58,1.82
T-100758,TXN8025347,FUL-RUH,Resolved,02/04/2025 16:29,2025-04-05 07:15:51,AED 240.13,239.20,8.10
T-101067,TXN3210819,FUL-DXB,Pending,14-04-2025 10:47,,AED 418.17,406.15,9.30
T-101541,TXN2662783,FUL-DXB,Resolved,2025-05-02 10:59:00,03/05/2025 15:52,276.48,266.04,9.66
T-101914,TXN3422620,FUL-DXB,In Progress, 19 May 2025 09:46 ,,163.78,159.80,4.27
T-101961, TXN1532628 ,FIN-OPS,Resolved,2025-05-21 14:52:00,22/05/2025 09:28,AED 342.66,348.27,5.23
T-102068,TXN8947217,PAY-OPS,Resolved,26/05/2025 17:43,27/05/2025 14:18,772.33,795.02,16.70
T-101597,TXN1938071,PAY-OPS,Open,06/05/2025 12:19:00,,313.05,303.19,4.20
T-100577,TXN9050978,FUL-DXB,Resolved,25-03-2025 16:14,2025-03-26 10:16:01,AED 629.77,627.97, 20.46 
T-101576,TXN1358032,FUL-DXB,Resolved,05-05-2025 17:36,06/05/2025 03:33,AED 358.11,364.63,12.40
T-100622,TXN6476943,CS-AUH,Resolved,27/03/2025 11:39,29/03/2025 02:08:12,497.37,493.78,7.57
 T-100768 ,TXN8474213,PAY-OPS,Resolved,03-04-2025 18:01,05-04-2025 01:54,598.60,591.90,10.93
T-101230,TXN2804403,FIN-OPS,Resolved,22-04-2025 07:24,2025-04-24 07:51:29,920.08,776.56,7.85
T-101341, TXN6463904 ,PAY-OPS,Escalated??,25/04/2025 08:51:00,27/04/2025 04:51,493.83,488.70,10.29
T-100660,TXN4578881,FUL-DXB,Resolved,28 Mar 2025 13:16,30/03/2025 07:07:19,AED 101.68,102.59,2.00
T-102128,null,FIN-OPS,Open,28-05-2025 08:03,, 1090.43 ,1096.36,20.47
T-102155,TXN3395406,FUL-DXB,Open,28/05/2025 10:42,,299.21,312.17,11.95
T-101518,TXN4023114,PAY-OPS,Resolved,02-05-2025 14:17,03/05/2025 10:41,256.39,tbc,5.51
T-102222,TXN9445044,FUL-RUH, Open ,2025-05-30 07:02:00,,859.75,882.57,27.43
T-102079,TXN3690151, CS-DXB ,Resolved,26-05-2025 10:23,27/05/2025 06:22,162.05,163.61,4.10
T-100260,TXN4655894,PAY-OPS,Resolved,12/03/2025 18:45,14/03/2025 13:39,291.84,231.61,5.76
 T-100283 ,TXN4360541,FUL-DXB,Open,12-03-2025 16:17,,AED 317.11,315.84,11.28
T-101615,TXN1849040,FUL-DXB,Resolved,2025-05-06 18:16:00,07/05/2025 12:02:19,AED 392.10,391.91,9.83
T-101185,TXN6395902,FUL-DXB,Resolved,18/04/2025 09:38:00,19/04/2025 03:23,341.40, 340.09 ,6.93
T-101974,TXN3803648,CS-DXB,In Progress,21/05/2025 16:03,,AED 758.89,772.73,10.02
T-100456,TXN5402084,FUL-DXB,Resolved,2025-03-19 17:44:00,21 Mar 2025 09:08,AED 210.21,231.86,4.50
T-100435,TXN1119983,CS-DXB,Resolved,19/03/2025 15:00:00,2025-03-19 21:38:07,400.76,401.19,6.63
T-100300,TXN2100648,CS-DXB,Resolved,13/03/2025 13:12,13/03/2025 22:18:52,656.78,657.84,7.93
T-101763,TXN4382711,FUL-RUH, Resolved ,2025-05-12 13:05:00,13/05/2025 22:27:13,AED 951.56,946.60,35.88
T-101933, TXN6233045 ,CS-DXB,Resolved,31/02/2025 10:00,21-05-2025 15:04,199.45,198.94,3.56
 T-100439 ,TXN9432353,CS-AUH,Resolved,19 Mar 2025 18:49,20 Mar 2025 07:56,594.38,595.25,6.26
T-102025,TXN5950334,FUL-DXB,Resolved,22-05-2025 15:02,25/05/2025 05:03:22,AED 176.17,177.56,6.36
T-101627,TXN2626610,CS-DXB,Resolved,07/05/2025 13:34,07/05/2025 11:34:00,140.48,137.95,3.53
T-100293,TXN6181448,PAY-OPS,Resolved, 13/03/2025 07:17:00 ,14/03/2025 16:31:28,AED 157.34,159.54,2.92
T-101838,TXN1827216,PAY-OPS,Pending,15 May 2025 09:31,,209.01,202.08,4.08
T-100279,TXN4088942, FUL-DXB ,Resolved,12-03-2025 12:25,16/03/2025 05:27,AED 480.05,489.07,19.58
T-100656,TXN1343761,CS-AUH,Resolved,28-03-2025 14:57,29 Mar 2025 06:27,158.39,157.11,2.79
T-101059,TXN9237758,CS-AUH,Resolved,2025-04-14 10:29:00,2025-04-14 22:47:24,488.86,480.55,5.24
T-100733,TXN5366135, PAY-OPS ,In Progress,02-04-2025 13:56,,AED 949.80,976.77,16.67
T-100554,TXN2084693,FUL-RUH,Resolved,2025-03-24 14:55:00,26/03/2025 05:27,174.90,173.00,6.88
T-102177,TXN5385804,CS-DXB,Open,29-05-2025 16:13,,AED 509.00,506.96, 10.49 
 T-101901 ,TXN8486573,CS-DXB,In Progress,19/05/2025 12:35,,500.20,496.75,12.02
T-101192,TXN1618724,FUL-DXB,Resolved,18/04/2025 13:43, 20/04/2025 11:22:35 ,1420.85,1378.02,60.87
T-101527,TXN3844601,CS-AUH,Resolved,02/05/2025 10:38:00,03-05-2025 06:36,332.50,335.02, 3.42 
T-101996, TXN6473225 ,FUL-DXB,Resolved,21/05/2025 16:22:00,21-05-2025 14:22,AED 237.32,238.64, 4.65 
T-101357,TXN6555670, FUL-DXB ,Resolved,25/04/2025 07:49,26-04-2025 22:37,425.84,437.72,13.30
 T-101695 ,TXN8050339,CS-DXB,Resolved,2025-05-09 12:53:00,2025-05-10 19:24:56,AED 740.09,734.21,16.38
T-100776,TXN2103832,CS-DXB,Resolved,03/04/2025 08:01,03-04-2025 18:44,381.86, 385.17 ,4.72
T-100427,TXN9700846, PAY-OPS ,Resolved,2025-03-19 09:19:00,20 Mar 2025 02:01,147.70,151.93,1.46
T-101787,TXN4823745,CS-AUH,Resolved,2025-05-13 18:16:00,14 May 2025 13:53,1010.63,994.13,20.03
T-101187,TXN8821773,FUL-DXB,Resolved,2025-04-18 11:10:00,19-04-2025 18:50, 158.35 ,163.70,6.42
T-100866, TXN5114378 ,PAY-OPS,Resolved, 2025-04-07 15:05:00 ,2025-04-10 20:19:20,360.54,350.87,5.41
T-101710,TXN3322962,FUL-DXB,Resolved,09-05-2025 10:52, 2025-05-12 07:12:01 ,AED 229.00,230.37,4.97
T-101793,TXN2089593,FUL-DXB,Resolved,13/05/2025 15:33,15 May 2025 06:10,111.59,111.67,2.90
T-101246,TXN9309148,CS-AUH,Resolved,22/04/2025 07:28,23 Apr 2025 21:09,AED 676.49,689.05,6.97
T-100901, TXN4503000 ,FIN-OPS,Resolved,08-04-2025 15:31,2025-04-08 13:31:00,1478.87,"1,489.80",20.78
T-101529,,CS-AUH,Resolved,02/05/2025 09:48:00, 02/05/2025 18:05 ,225.47,226.66,4.36
T-100602,TXN6755958,FIN-OPS,Resolved,2025-03-27 16:47:00,28/03/2025 19:25:16,186.15,188.35,1.75
T-101292, TXN9257572 ,FIN-OPS,Resolved,24-04-2025 14:34,25/04/2025 14:09:02,AED 644.77,638.09,9.97
T-100218,TXN9654306,FUL-DXB,Resolved,10 Mar 2025 11:43,11-03-2025 08:15,165.90,165.76,4.00
T-100214,TXN1496585,FUL-DXB,Resolved,10/03/2025 07:19,10/03/2025 20:36,308.10,299.00,6.54
T-100036,TXN7239047,FUL-DXB,Resolved,03 Mar 2025 10:48,03-03-2025 23:01,746.38,743.04,25.82
T-100368,TXN8477460,CS-DXB,Resolved,17/03/2025 13:43,18 Mar 2025 08:05,564.04,575.70,9.89
T-100013,TXN2267384, PAY-OPS ,Pending,2025-03-03 12:34:00,, AED 573.29 ,560.84,9.28
T-100477,TXN3030411,CS-DXB,Resolved,2025-03-20 13:41:00,21 Mar 2025 03:31,AED 696.62,711.68,11.55
T-101721,TXN1502029,FUL-RUH,Resolved,09 May 2025 18:29, 12/05/2025 05:01 ,AED 499.03,500.10, 17.62 
T-101085,TXN5814986,CS-DXB,Resolved,15/04/2025 08:53, 15/04/2025 21:31 ,"AED 1,552.53",1551.80,40.11
T-102170,TXN1442663,PAY-OPS,Open,29 May 2025 08:29,,189.15,186.34,1.94
T-101633,TXN9745464,CS-AUH,Resolved,07/05/2025 15:04,09-05-2025 22:57,280.34,269.63,3.02
T-100014,TXN5186760,PAY-OPS,Resolved,03/03/2025 15:47,05/03/2025 08:37:38,509.47,509.00,4.96
,TXN2797402,CS-AUH,Resolved,11-04-2025 10:35,11-04-2025 16:58,AED 789.59,789.72,8.31
T-100965,TXN8931121,FUL-DXB,Resolved,09/04/2025 15:11,2025-04-09 22:49:01,AED 517.57,514.23,18.68
T-100608,TXN4812505,FIN-OPS,Resolved,2025-03-27 17:50:00,29 Mar 2025 04:14,1041.29,1066.88,9.94
T-102062,TXN8623802, FUL-DXB ,Resolved,23/05/2025 15:06,26-05-2025 00:58,113.35,117.42,4.00
T-100436,TXN2526999,CS-DXB,Resolved,19/03/2025 10:59,19 Mar 2025 19:31,AED 367.07,371.85,7.25
T-100018,TXN7168825, CS-DXB ,In Progress,2025-03-03 09:30:00,, 130.83 ,130.14,3.17
T-101783,TXN5289761,CS-DXB,Resolved,13/05/2025 15:10:00,14-05-2025 18:15,1113.20,"1,155.08",26.01
 T-101804 ,TXN4414728,PAY-OPS,Resolved,14-05-2025 18:02,14 May 2025 16:02,525.02,522.12,7.19
T-101115,TXN5757894,PAY-OPS,Resolved,16/04/2025 07:10,17 Apr 2025 01:35,142.59,141.47,2.64
T-101954,TXN7698230,FUL-RUH,Resolved,20/05/2025 12:30:00,20/05/2025 10:30,143.77,146.06,2.93
T-100345,TXN5024076,FUL-DXB,Resolved,14 Mar 2025 16:22,16-03-2025 02:06,438.37,444.28,10.91
T-102122,TXN6208435,FUL-DXB,Resolved,27-05-2025 17:21,2025-05-28 15:43:52,484.23,478.31,16.80
T-101718,TXN6913356,FUL-DXB,Resolved,2025-05-09 16:00:00,10-05-2025 05:20,AED 348.35,332.33,11.67
T-100033,TXN3267480,FUL-DXB,Resolved,2025-03-03 14:16:00,2025-03-05 08:11:46,AED 139.78,141.71,2.87
T-100373,TXN5804745,CS-DXB,Resolved,2025-03-17 17:50:00,18 Mar 2025 04:59,457.22,456.59,6.99
T-100658,TXN1534824,FUL-DXB,Resolved,28/03/2025 10:57,30/03/2025 01:09:07,983.38,986.77,35.95
T-101087,TXN9964297,CS-DXB,Resolved,15/04/2025 14:23:00, 16-04-2025 08:27 , 189.38 ,187.83,4.11
T-102191,TXN2950721,FUL-RUH,Open,29-05-2025 11:26,, 501.04 ,498.98,13.08
T-101317,TXN2442525,FUL-DXB,Resolved,24-04-2025 13:40,25-04-2025 23:12,109.38,108.13,4.41
T-100861,TXN2550305,FIN-OPS,Resolved,07/04/2025 15:45:00,2025-04-08 19:58:10,AED 339.38,332.58,5.65
T-101608,TXN3552176,CS-AUH,Resolved,2025-05-06 14:53:00,07/05/2025 05:22:48,AED 505.67,507.09,8.48
T-100045,TXN7956255,FIN-OPS,Resolved,04-03-2025 14:47,05-03-2025 08:07,420.78,328.57,3.60
T-101535,TXN2699067,FUL-DXB,Resolved,02 May 2025 12:12, 2025-05-03 09:14:54 ,AED 339.98,344.31,9.35
,TXN1066856,FUL-RUH,Open,30/05/2025 17:03,,656.24,654.27,23.86
T-100490,TXN5413560,FUL-DXB, Resolved ,20-03-2025 09:25, 2025-03-22 05:35:34 , 286.33 ,272.21,12.64
T-100504,TXN9440363,CS-DXB,Resolved,2025-03-21 14:13:00,22/03/2025 10:58,AED 336.83,330.23,8.10
T-100134,TXN9007065,CS-DXB,Resolved,06-03-2025 13:50,07/03/2025 07:23,AED 439.55,433.93,11.56
T-102109,TXN3524927,CS-DXB,Resolved,2025-05-27 15:03:00,28/05/2025 09:46,282.02,277.38,6.70
T-100691,TXN1825892,FUL-DXB,Resolved,31/03/2025 09:38:00,01 Apr 2025 01:17,125.24,124.25,2.47
T-102075,TXN9176654,CS-DXB,Resolved,26-05-2025 17:31,2025-05-27 02:37:06,AED 177.36,176.68,3.75
T-100975,TXN7009395,FIN-OPS,Resolved,10 Apr 2025 11:50,11/04/2025 04:16,606.94,599.84,7.01
T-102128,null,FIN-OPS,Open,28-05-2025 08:03,, 1090.43 ,1096.36,20.47
T-100777,TXN4429396,CS-DXB,Resolved,03 Apr 2025 17:38, 04/04/2025 16:08 ,1442.30,1472.27,35.56
T-100789,TXN9808063,FUL-RUH,Resolved,03/04/2025 17:01:00, 2025-04-06 08:43:01 ,380.42,369.52,11.03
T-100364,TXN7545317,PAY-OPS,Resolved,17-03-2025 12:07,17 Mar 2025 19:46,361.81,362.97,7.99
T-100796,TXN9985659,PAY-OPS,Pending,04 Apr 2025 16:15,,AED 159.83,161.42,2.96
T-101937,TXN1266860,CS-DXB,Resolved,20-05-2025 16:47, 2025-05-21 12:56:34 ,AED 439.47,432.70, 5.58 
T-101629,TXN4957636,CS-DXB,Resolved,07-05-2025 16:19,08/05/2025 07:38,452.37,463.92,11.62
T-101277,TXN1337639,CS-AUH,Resolved,23/04/2025 12:03:00, 24-04-2025 02:06 ,802.27,634.27,11.01
T-100940,TXN1353227,PAY-OPS, Resolved ,09/04/2025 16:33,2025-04-11 02:23:24,962.04,940.82,19.29
T-101506,TXN6614242,FUL-RUH,Resolved,2025-05-01 07:37:00,2025-05-04 01:20:23,AED 146.86,149.18,5.47
T-100648,TXN1163286,CS-DXB,Resolved,28/03/2025 13:28:00,29 Mar 2025 00:11,AED 323.78,321.72,7.50
T-101004,null,FIN-OPS,Resolved,11-04-2025 13:52,2025-04-12 23:33:12, 288.51 ,287.32,3.35
T-102111,TXN6941772,CS-AUH,Resolved,27/05/2025 18:01,28/05/2025 05:22,201.52,201.24,3.37
T-101173,TXN1166231,PAY-OPS,Resolved,18/04/2025 10:27:00,19-04-2025 15:08,AED 639.10,650.80,9.42
T-100484,TXN5382146,FUL-DXB,Resolved,20-03-2025 17:28,23 Mar 2025 00:13,AED 104.05,101.82,3.58
,TXN6465631,CS-DXB,Resolved,2025-05-14 14:59:00,2025-05-15 15:53:05,119.11,116.87,1.80
T-100053,TXN3857365,CS-DXB,Resolved,04-03-2025 10:03,04 Mar 2025 17:26,347.83,345.69,6.00
 T-100243 ,TXN5345209,FUL-DXB,Resolved,11-03-2025 18:37,14/03/2025 19:05,757.23,736.13,16.61
T-102084,TXN2692287,FUL-DXB,Resolved,26/05/2025 16:26, 27-05-2025 14:27 ,191.78,196.61,3.93
T-101986,TXN6056638,CS-AUH,Resolved,2025-05-21 18:22:00,22/05/2025 00:25, 709.35 ,709.82,8.74
T-101203,TXN4780687,PAY-OPS,Resolved,21/04/2025 13:44:00,22 Apr 2025 14:26, 1077.18 ,1074.04,10.81
T-100739,TXN2667902,CS-DXB,Resolved,02 Apr 2025 10:15,02/04/2025 21:23:23,1837.60,"1,866.23",40.77
T-101300,TXN9554078,CS-DXB,Resolved,2025-04-24 17:49:00,25 Apr 2025 20:13,210.51,211.98,3.62
T-101020,TXN8529299, CS-AUH ,Resolved,2025-04-11 12:08:00,12 Apr 2025 08:08,AED 516.70,525.77,5.61
T-102093,TXN3825058,FUL-RUH,Resolved,26/05/2025 07:12:00,27/05/2025 13:30:21,AED 352.17,360.00,14.13
T-100837,TXN9164347,CS-DXB,Resolved,05-04-2025 08:54,05/04/2025 22:59:16,AED 597.10,588.48,10.02
T-102125,TXN7421256,FUL-RUH,Resolved,27/05/2025 07:03,28/05/2025 07:01,3022.91,2906.09,59.07
T-101745,TXN4261375,CS-DXB,Resolved,2025-05-12 08:39:00,13/05/2025 01:26,363.50,360.11, 9.39 
T-100369,TXN6895239,CS-DXB,Resolved,17 Mar 2025 09:56,17/03/2025 18:41:05,AED 430.94,426.08,10.32
T-100268,TXN7664026,CS-DXB,Resolved,12-03-2025 09:18,12-03-2025 22:56,455.07,tbc, 11.66 
T-100729,TXN1926775,FIN-OPS,Resolved,02/04/2025 16:05:00,03-04-2025 06:35,333.15,334.20,4.76
T-101520,TXN7786557,PAY-OPS,Resolved,2025-05-02 18:51:00,04/05/2025 05:40,319.68,319.52,4.52
T-101034,TXN5045721,FUL-RUH,Resolved,11-04-2025 15:42,12/04/2025 22:02,AED 422.02,tbc,10.24
T-101713,TXN5850292,FUL-DXB,Resolved,09-05-2025 18:14,13-05-2025 06:17,2624.66,2616.92,86.77
T-100296,, CS-DXB ,Open,13/03/2025 16:17,,AED 977.37,967.76, 20.76 
T-101849, TXN7683932 ,CS-DXB,Resolved,15/05/2025 11:57,16-05-2025 01:14,"AED 2,107.14",2160.50,47.24
T-100626,TXN4172661,FUL-DXB,Resolved, 2025-03-27 11:36:00 ,29 Mar 2025 01:58,"AED 1,291.21",1273.14,44.50
T-100278,TXN3491068,FUL-DXB,Resolved,12/03/2025 18:14,13/03/2025 22:55,AED 300.18,302.75,12.36
T-100498,TXN9452530,FIN-OPS,Resolved,21/03/2025 12:04,22/03/2025 12:58,451.76,448.87,7.14
T-100485,TXN1241934,FUL-DXB,Resolved,20/03/2025 09:25,26 Mar 2025 12:35,1203.82,"1,202.87",41.48
T-101521,TXN7044924,CS-DXB,Resolved,02/05/2025 17:30,02-05-2025 23:41,278.09,284.69,6.90
T-100183,TXN3178567,FUL-DXB,Resolved,2025-03-07 09:52:00,12-03-2025 01:20,314.92,305.45,12.33
T-100971,TXN3347315,FIN-OPS,Resolved,10/04/2025 12:48,2025-04-11 16:19:41,996.93,1172.40,15.84
T-101852,TXN1089300,FUL-DXB,Resolved,15/05/2025 13:58:00,16/05/2025 03:49,499.36,507.13,11.53
T-100685,TXN8320471,FUL-DXB,Resolved,31/03/2025 13:21,01/04/2025 00:34:02,344.83,354.11,15.03
T-101769,TXN7921658,FIN-OPS,Resolved,13/05/2025 09:38:00,14-05-2025 20:31,AED 447.10,453.52,4.46
T-102223,TXN4053757,FUL-RUH,Open,30/05/2025 17:28,,AED 959.85, 926.23 ,22.84
T-102085,TXN8798561,FUL-DXB,Resolved,26 May 2025 18:05,2025-05-28 06:57:22, 192.38 ,189.60,7.25
T-101181,TXN7893720,CS-AUH,Resolved,2025-04-18 14:46:00,20-04-2025 04:26,512.97,519.37,7.14
 T-102051 ,TXN4386059,CS-DXB,Resolved,2025-05-23 10:45:00,24/05/2025 01:09:35,930.03,924.62,25.77
T-100755,TXN1706612,FUL-DXB,Resolved,02/04/2025 07:19:00, 02-04-2025 19:44 ,AED 482.58,493.57,14.57
T-100509,TXN1125342,CS-DXB,Resolved,21/03/2025 18:06:00,22/03/2025 08:48,482.42,348.53,9.94
,TXN5114030,CS-AUH,Resolved,21-05-2025 07:34,2025-05-22 10:35:19,1324.50,"1,340.92",25.06
T-101439,TXN8990646,FUL-RUH,Resolved,2025-04-29 12:43:00,30/04/2025 06:53,331.31,338.18,12.30
T-101446, TXN7440124 ,PAY-OPS,Resolved,2025-04-30 08:33:00,2025-05-01 21:52:56,418.19,410.44,8.46
T-100142,TXN7030753,FUL-DXB,Resolved,2025-03-06 12:51:00,07/03/2025 23:08,AED 712.27,603.73,31.91
T-100865,TXN2240387,PAY-OPS,Resolved, 07 Apr 2025 10:00 ,08 Apr 2025 06:06,1798.06,1734.57,35.49
T-101011,TXN1996344,CS-DXB,Resolved,11/04/2025 10:12,12 Apr 2025 04:35,2198.05,2368.41,57.47
T-100849,TXN1014402,FUL-DXB,Resolved,05 Apr 2025 07:08,06 Apr 2025 20:52,346.88,349.74,12.64
T-101995,TXN6444439,FUL-DXB,Resolved,21/05/2025 10:27, 22 May 2025 22:34 ,799.25,tbc,33.10
T-100888,TXN9644100,FUL-DXB,Resolved,07-04-2025 13:55,2025-04-09 04:02:11,AED 314.40,318.01, 13.02 
T-100118,TXN4618040,FUL-RUH,Resolved,2025-03-05 12:10:00,2025-03-09 06:03:35,446.52,460.43,10.86
T-102162,TXN1736642,FUL-RUH,Open,28 May 2025 15:49,,441.46,443.63,12.02
T-100546,TXN1746608,FUL-DXB,Resolved,2025-03-24 14:27:00,27/03/2025 08:51:13,559.29,563.89,18.18
T-101790,TXN2617578,FUL-DXB,Resolved,13 May 2025 18:53,2025-05-15 22:02:25,415.01, 421.54 ,10.36
T-101977,TXN1077883,CS-DXB,Resolved,21-05-2025 13:52,21 May 2025 17:45,203.46,200.16,3.65
T-101984,TXN4220752,CS-AUH, In Progress ,21/05/2025 13:23:00,,AED 142.31,145.78,2.98
T-101397,TXN3128935,FUL-RUH,Resolved,28 Apr 2025 16:32,04/05/2025 14:12,380.25,390.57,14.37
T-100275,TXN5591480,CS-AUH,Resolved,12 Mar 2025 09:27,12-03-2025 18:59,262.50,265.08,3.69
T-100705,TXN5827202,PAY-OPS,Resolved,01/04/2025 09:54,01/04/2025 22:46:17,1214.09,1502.74,11.88
T-101025,TXN5911240,CS-AUH,Resolved,11/04/2025 12:58,13/04/2025 06:42:58,AED 191.78,197.25,2.46
T-101591,TXN5173347, FIN-OPS ,Resolved,06-05-2025 16:27,07-05-2025 21:56,AED 841.75,843.88,12.24
T-101565,TXN4079544,CS-DXB,Resolved,05 May 2025 09:15,2025-05-06 20:55:03,438.78,449.86,11.03
T-101743,TXN4060681,CS-DXB,Resolved,12 May 2025 12:11,12 May 2025 18:31,961.85,949.03,17.84
T-100384,TXN6217594,FUL-DXB,Resolved,2025-03-17 08:05:00,18 Mar 2025 17:52,973.16,964.52,43.43
T-101430,TXN5324360,FUL-DXB,Resolved,29-04-2025 14:52,30 Apr 2025 21:16,414.09,425.46,13.58
T-101830,TXN8515160,FIN-OPS,Resolved,2025-05-15 14:58:00,16/05/2025 21:53,766.12,767.54,7.81
T-100177,TXN3516585,FUL-DXB,Resolved,07/03/2025 14:36,08/03/2025 13:20:00,AED 261.63,263.54,10.22
T-101360,TXN4027980,FIN-OPS,Resolved,28/04/2025 13:55,30/04/2025 10:45:39,104.66,103.49,1.02
 T-100831 ,TXN3916142,PAY-OPS,Resolved,05 Apr 2025 07:44,06 Apr 2025 07:14,210.34, 208.79 ,3.84
T-101643,TXN6591963,FUL-RUH,Resolved,07-05-2025 15:43,10/05/2025 19:13:23,AED 477.52,491.00,10.80
T-101634,TXN7691560,FUL-DXB,Resolved,2025-05-07 18:51:00,08-05-2025 05:05,392.40,392.69,10.01
T-100623,TXN4524216,CS-AUH,In Progress,27 Mar 2025 18:26,,AED 587.05,586.50,8.26
T-100859,TXN5104112,FIN-OPS,Resolved,07-04-2025 08:41,08/04/2025 12:07,957.70,956.36,9.31
T-100642,TXN6155328,PAY-OPS,Resolved,2025-03-28 15:11:00,30/03/2025 21:07,191.73,194.51,2.37
 T-100835 ,TXN9929213,CS-DXB,Resolved,05-04-2025 13:33,06 Apr 2025 01:44,340.04,435.03,9.03
T-101499,TXN5830844,FUL-DXB,Resolved,01-05-2025 15:50,2025-05-03 12:45:20,AED 975.26,984.98,40.57
T-100338,TXN1894425,CS-DXB,Escalated??,14/03/2025 18:30:00,15/03/2025 12:45:19,53.19,54.40,1.12
T-101448,TXN5644872,PAY-OPS,Open,30/04/2025 09:14,,641.87,642.30,11.76
T-101965,TXN3237335,PAY-OPS,Resolved,21/05/2025 11:56:00,22 May 2025 02:23,AED 871.67,864.09,13.14
T-101685,TXN2950176,PAY-OPS,Resolved,09 May 2025 18:42,10-05-2025 21:35,208.17,146.39,4.47
T-101144,TXN5879458,PAY-OPS,Resolved,17-04-2025 11:39,2025-04-18 00:26:07,257.02,253.88,3.62
T-101706,TXN2868163,FUL-DXB,Resolved,2025-05-09 18:11:00,2025-05-11 00:48:07,212.95,219.71,6.62
T-101739,TXN4577448,CS-DXB,Resolved,12/05/2025 13:53:00,13/05/2025 17:57,AED 228.23,224.99,2.84
T-100790,TXN8547332,FUL-RUH,Resolved,03-04-2025 16:13,2025-04-03 14:13:00,"AED 2,126.64",2134.36,85.79
T-100969,TXN8909017,FIN-OPS,Resolved,10 Apr 2025 08:36,10/04/2025 18:28:28,AED 769.02,771.73,13.42
T-101668,TXN3795462,FUL-DXB,Resolved, 08/05/2025 15:28 ,11-05-2025 22:12,AED 146.68,146.66,3.69
T-101689,TXN1819788,CS-DXB,Resolved,09/05/2025 10:00:00,09/05/2025 22:42:28,AED 714.71,617.18,18.33
T-101899,TXN4345732,PAY-OPS,Resolved,19-05-2025 11:50,20 May 2025 18:38,299.79,293.18,6.06
