resolution_key,ticket_ref,txn_id,opened_date_key,resolved_date_key,team_key,status_key,opened_at_gst,resolved_at_gst,expected_amount_aed,actual_amount_aed,variance_amount_aed,variance_pct,net_margin_aed,resolution_hours_raw
1,T-100031,TXN1288757,20250303,20250303.0,5,RESOLVED,2025-03-03 07:12:00,2025-03-03 16:17:00,341.61,351.27,9.66,2.83,96.8,9.08
2,T-100024,TXN6225066,20250303,20250303.0,4,RESOLVED,2025-03-03 07:54:00,2025-03-03 21:56:22,606.01,597.7,-8.31,-1.37,79.6,14.04
3,T-100020,TXN2070285,20250303,,3,IN_PROGRESS,2025-03-03 08:08:00,,558.87,559.3,0.43,0.08,153.8,
4,T-100038,TXN6638557,20250303,20250303.0,5,RESOLVED,2025-03-03 08:29:00,2025-03-03 22:47:00,680.19,684.68,4.49,0.66,267.8,14.3
5,T-100032,TXN1614732,20250303,20250305.0,5,RESOLVED,2025-03-03 08:58:00,2025-03-05 09:32:02,187.91,183.66,-4.25,-2.26,78.1,48.57
6,T-100012,TXN8864683,20250303,20250303.0,2,RESOLVED,2025-03-03 09:01:00,2025-03-03 23:03:00,88.42,90.15,1.73,1.96,13.3,14.03
7,T-100030,TXN5569520,20250303,20250306.0,5,RESOLVED,2025-03-03 09:08:00,2025-03-06 05:00:41,201.58,204.67,3.09,1.53,49.3,67.88
8,T-100007,TXN5833328,20250303,20250303.0,1,RESOLVED,2025-03-03 09:25:00,2025-03-03 22:08:00,758.05,747.94,-10.11,-1.33,74.9,12.72
9,T-100018,TXN7168825,20250303,,3,IN_PROGRESS,2025-03-03 09:30:00,,130.83,130.14,-0.69,-0.53,31.7,
10,T-100004,TXN6593296,20250303,20250304.0,1,RESOLVED,2025-03-03 10:12:00,2025-03-04 04:05:00,710.39,709.22,-1.17,-0.16,68.9,17.88
11,T-100011,TXN3200035,20250303,20250305.0,2,RESOLVED,2025-03-03 10:18:00,2025-03-05 19:15:00,232.62,234.65,2.03,0.87,41.8,56.95
12,T-100008,TXN5105167,20250303,,2,IN_PROGRESS,2025-03-03 10:30:00,,320.13,318.92,-1.21,-0.38,42.5,
13,T-100036,TXN7239047,20250303,20250303.0,5,RESOLVED,2025-03-03 10:48:00,2025-03-03 23:01:00,746.38,743.04,-3.34,-0.45,258.2,12.22
14,T-100035,TXN3548872,20250303,20250304.0,5,RESOLVED,2025-03-03 10:52:00,2025-03-04 15:47:04,405.97,385.07,-20.9,-5.15,159.8,28.92
15,T-100003,TXN7692901,20250303,,1,IN_PROGRESS,2025-03-03 11:12:00,,768.29,800.57,32.28,4.2,91.9,
16,T-100009,TXN8627644,20250303,20250304.0,2,RESOLVED,2025-03-03 11:38:00,2025-03-04 04:57:18,376.18,366.63,-9.55,-2.54,63.9,17.32
17,T-100016,TXN3884202,20250303,20250304.0,3,RESOLVED,2025-03-03 11:40:00,2025-03-04 04:25:33,269.3,269.76,0.46,0.17,47.3,16.76
18,T-100042,TXN1091317,20250303,20250305.0,6,RESOLVED,2025-03-03 12:12:00,2025-03-05 17:55:00,336.46,339.38,2.92,0.87,121.6,53.72
19,T-100021,TXN2548954,20250303,20250304.0,4,RESOLVED,2025-03-03 12:13:00,2025-03-04 01:03:00,257.96,200.82,-57.14,-22.15,35.9,12.83
20,T-100039,TXN2054714,20250303,20250305.0,6,RESOLVED,2025-03-03 12:15:00,2025-03-05 14:33:23,235.87,231.91,-3.96,-1.68,43.1,50.31
21,T-100015,TXN9642206,20250303,20250304.0,3,RESOLVED,2025-03-03 12:25:00,2025-03-04 08:27:00,783.79,876.92,93.13,11.88,145.5,20.03
22,T-100013,TXN2267384,20250303,,2,IN_PROGRESS,2025-03-03 12:34:00,,573.29,560.84,-12.45,-2.17,92.8,
23,T-100023,TXN2143696,20250303,20250303.0,4,RESOLVED,2025-03-03 12:55:00,2025-03-03 19:10:07,1166.62,1209.21,42.59,3.65,164.5,6.25
24,T-100006,TXN8316463,20250303,20250305.0,1,RESOLVED,2025-03-03 13:16:00,2025-03-05 09:07:03,999.01,1023.71,24.7,2.47,123.2,43.85
25,T-100033,TXN3267480,20250303,20250305.0,5,RESOLVED,2025-03-03 14:16:00,2025-03-05 08:11:46,139.78,141.71,1.93,1.38,28.7,41.93
26,T-100022,TXN9242703,20250303,20250304.0,4,RESOLVED,2025-03-03 14:19:00,2025-03-04 18:33:42,1325.41,1342.72,17.31,1.31,201.8,28.24
27,T-100005,TXN7783870,20250303,20250304.0,1,RESOLVED,2025-03-03 14:32:00,2025-03-04 00:20:00,685.67,673.65,-12.02,-1.75,118.6,9.8
28,T-100034,TXN2863448,20250303,20250306.0,5,RESOLVED,2025-03-03 15:38:00,2025-03-06 02:09:12,233.61,230.94,-2.67,-1.14,97.8,58.52
29,T-100027,TXN8406259,20250303,20250305.0,5,RESOLVED,2025-03-03 15:40:00,2025-03-05 01:32:01,128.19,131.08,2.89,2.25,40.8,33.87
30,T-100037,TXN4529331,20250303,20250305.0,5,RESOLVED,2025-03-03 15:46:00,2025-03-05 05:17:00,193.5,204.06,10.56,5.46,56.2,37.52
31,T-100014,TXN5186760,20250303,20250305.0,2,RESOLVED,2025-03-03 15:47:00,2025-03-05 08:37:38,509.47,509.0,-0.47,-0.09,49.6,40.84
32,T-100017,TXN2473901,20250303,20250305.0,3,RESOLVED,2025-03-03 16:00:00,2025-03-05 05:52:34,112.68,112.9,0.22,0.2,18.0,37.88
33,T-100028,TXN1378252,20250303,20250305.0,5,RESOLVED,2025-03-03 16:07:00,2025-03-05 04:47:49,2161.56,2165.08,3.52,0.16,663.5,36.68
34,T-100041,TXN1380797,20250303,20250305.0,6,RESOLVED,2025-03-03 16:17:00,2025-03-05 19:01:36,481.96,489.03,7.07,1.47,114.0,50.74
35,T-100019,TXN8064965,20250303,20250304.0,3,RESOLVED,2025-03-03 16:57:00,2025-03-04 19:02:26,134.1,132.06,-2.04,-1.52,18.4,26.09
36,T-100010,TXN2964557,20250303,,2,IN_PROGRESS,2025-03-03 17:02:00,,417.3,415.09,-2.21,-0.53,73.5,
37,T-100029,TXN6283836,20250303,20250304.0,5,RESOLVED,2025-03-03 17:05:00,2025-03-04 13:02:00,480.13,465.96,-14.17,-2.95,140.5,19.95
38,T-100001,TXN7612905,20250303,20250305.0,1,RESOLVED,2025-03-03 17:14:00,2025-03-05 08:06:26,152.26,147.16,-5.1,-3.35,23.4,38.87
39,T-100040,TXN2508763,20250303,20250305.0,6,RESOLVED,2025-03-03 18:48:00,2025-03-05 18:49:59,855.85,826.59,-29.26,-3.42,246.4,48.03
40,T-100077,TXN2505513,20250304,20250305.0,6,RESOLVED,2025-03-04 07:04:00,2025-03-05 18:15:13,648.81,654.67,5.86,0.9,218.7,35.19
41,T-100069,TXN6343647,20250304,20250306.0,5,RESOLVED,2025-03-04 07:32:00,2025-03-06 23:44:00,380.15,392.99,12.84,3.38,108.6,64.2
42,T-100074,TXN5360116,20250304,20250306.0,5,RESOLVED,2025-03-04 08:14:00,2025-03-06 02:19:00,141.13,142.99,1.86,1.32,28.2,42.08
43,T-100080,TXN3037812,20250304,20250306.0,6,RESOLVED,2025-03-04 08:54:00,2025-03-06 16:12:00,833.15,855.44,22.29,2.68,325.5,55.3
44,T-100060,TXN2934778,20250304,20250305.0,4,RESOLVED,2025-03-04 09:12:00,2025-03-05 04:36:00,133.1,101.43,-31.67,-23.79,12.9,19.4
45,T-100078,TXN8796863,20250304,20250306.0,6,RESOLVED,2025-03-04 09:20:00,2025-03-06 19:43:00,603.85,592.79,-11.06,-1.83,165.7,58.38
46,T-100055,TXN3123119,20250304,20250305.0,3,RESOLVED,2025-03-04 09:20:00,2025-03-05 08:40:00,211.6,193.14,-18.46,-8.72,49.4,23.33
47,T-100063,TXN5682833,20250304,20250304.0,4,RESOLVED,2025-03-04 09:53:00,2025-03-04 20:18:00,218.05,219.54,1.49,0.68,44.7,10.42
48,T-100053,TXN3857365,20250304,20250304.0,3,RESOLVED,2025-03-04 10:03:00,2025-03-04 17:26:00,347.83,345.69,-2.14,-0.62,60.0,7.38
49,T-100070,TXN1317360,20250304,20250305.0,5,RESOLVED,2025-03-04 10:06:00,2025-03-05 13:03:28,645.77,623.2,-22.57,-3.5,129.5,26.96
50,T-100058,TXN1361402,20250304,20250304.0,3,RESOLVED,2025-03-04 10:14:00,2025-03-04 18:37:30,802.21,832.98,30.77,3.84,189.4,8.39
51,T-100043,TXN2699201,20250304,20250304.0,1,RESOLVED,2025-03-04 10:16:00,2025-03-04 21:14:00,193.63,189.27,-4.36,-2.25,33.8,10.97
52,T-100067,TXN9792641,20250304,20250306.0,5,RESOLVED,2025-03-04 10:41:00,2025-03-06 06:32:00,825.07,839.27,14.2,1.72,368.1,43.85
53,T-100044,TXN1754099,20250304,20250305.0,1,RESOLVED,2025-03-04 10:41:00,2025-03-05 13:51:14,1169.57,1152.38,-17.19,-1.47,169.2,27.17
54,T-100049,TXN9641051,20250304,20250306.0,2,RESOLVED,2025-03-04 12:01:00,2025-03-06 08:59:00,411.1,417.63,6.53,1.59,71.2,44.97
55,T-100050,TXN8776152,20250304,20250304.0,2,RESOLVED,2025-03-04 12:17:00,2025-03-04 22:54:00,297.94,303.71,5.77,1.94,63.8,10.62
56,T-100071,TXN6191825,20250304,20250306.0,5,RESOLVED,2025-03-04 13:20:00,2025-03-06 10:21:01,1278.99,1305.41,26.42,2.07,312.9,45.02
57,T-100066,TXN8444293,20250304,20250309.0,5,RESOLVED,2025-03-04 13:33:00,2025-03-09 01:21:00,641.67,639.2,-2.47,-0.38,141.9,107.8
58,T-100052,TXN1742156,20250304,20250305.0,3,RESOLVED,2025-03-04 13:42:00,2025-03-05 16:20:00,2390.64,2402.04,11.4,0.48,409.7,26.63
59,T-100061,TXN5218819,20250304,20250304.0,4,RESOLVED,2025-03-04 13:45:00,2025-03-04 21:30:00,1580.39,1236.47,-343.92,-21.76,222.0,7.75
60,T-100054,TXN5694980,20250304,20250305.0,3,RESOLVED,2025-03-04 13:48:00,2025-03-05 02:33:00,461.98,459.62,-2.36,-0.51,77.8,12.75
61,T-100076,TXN6327207,20250304,,5,IN_PROGRESS,2025-03-04 14:12:00,,403.78,398.97,-4.81,-1.19,96.8,
62,T-100081,TXN3245659,20250304,20250306.0,6,RESOLVED,2025-03-04 14:33:00,2025-03-06 21:54:38,325.14,323.15,-1.99,-0.61,62.5,55.36
63,T-100072,TXN5034743,20250304,20250305.0,5,RESOLVED,2025-03-04 14:35:00,2025-03-05 10:53:00,267.04,267.36,0.32,0.12,53.0,20.3
64,T-100045,TXN7956255,20250304,20250305.0,1,RESOLVED,2025-03-04 14:47:00,2025-03-05 08:07:00,420.78,328.57,-92.21,-21.91,36.0,17.33
65,T-100079,TXN6727643,20250304,20250305.0,6,RESOLVED,2025-03-04 15:17:00,2025-03-05 08:40:24,232.05,232.37,0.32,0.14,65.0,17.39
66,T-100056,TXN5045908,20250304,20250306.0,3,RESOLVED,2025-03-04 15:57:00,2025-03-06 19:05:09,477.24,473.17,-4.07,-0.85,100.8,51.14
67,T-100059,TXN7287989,20250304,20250305.0,3,RESOLVED,2025-03-04 16:10:00,2025-03-05 07:27:28,218.66,212.31,-6.35,-2.9,35.0,15.29
68,T-100046,TXN6666566,20250304,20250305.0,1,RESOLVED,2025-03-04 16:12:00,2025-03-05 07:15:10,303.16,302.51,-0.65,-0.21,49.5,15.05
69,T-100048,TXN7739940,20250304,20250305.0,2,RESOLVED,2025-03-04 16:23:00,2025-03-05 00:00:00,545.69,548.56,2.87,0.53,58.1,7.62
70,T-100051,TXN7673383,20250304,,3,IN_PROGRESS,2025-03-04 16:30:00,,147.35,154.04,6.69,4.54,36.4,
71,T-100062,TXN1921509,20250304,20250305.0,4,RESOLVED,2025-03-04 16:33:00,2025-03-05 02:06:35,106.83,105.43,-1.4,-1.31,18.1,9.56
72,T-100075,TXN3534098,20250304,20250306.0,5,RESOLVED,2025-03-04 16:41:00,2025-03-06 01:59:19,338.46,346.69,8.23,2.43,112.2,33.31
73,T-100073,TXN6613348,20250304,,5,IN_PROGRESS,2025-03-04 17:26:00,,285.84,285.63,-0.21,-0.07,120.7,
74,T-100068,TXN6372738,20250304,20250305.0,5,RESOLVED,2025-03-04 18:13:00,2025-03-05 21:53:57,360.96,359.44,-1.52,-0.42,74.4,27.68
75,T-100057,TXN5195417,20250304,20250305.0,3,RESOLVED,2025-03-04 18:18:00,2025-03-05 10:25:00,94.93,98.13,3.2,3.37,21.7,16.12
76,T-100047,TXN3906083,20250304,20250305.0,1,RESOLVED,2025-03-04 18:51:00,2025-03-05 05:09:37,1100.89,1088.24,-12.65,-1.15,124.6,10.31
77,T-100092,TXN2991951,20250305,20250308.0,2,RESOLVED,2025-03-05 07:35:00,2025-03-08 03:53:06,351.47,360.29,8.82,2.51,57.8,68.3
78,T-100108,TXN5686654,20250305,20250305.0,5,RESOLVED,2025-03-05 08:04:00,2025-03-05 18:37:00,414.34,410.43,-3.91,-0.94,130.6,10.55
79,T-100083,TXN2737634,20250305,20250306.0,1,RESOLVED,2025-03-05 08:08:00,2025-03-06 21:16:00,459.85,467.53,7.68,1.67,39.5,37.13
80,T-100085,TXN3588181,20250305,20250307.0,2,RESOLVED,2025-03-05 08:11:00,2025-03-07 00:17:00,157.37,159.25,1.88,1.19,24.8,40.1
81,T-100113,TXN8471150,20250305,,5,IN_PROGRESS,2025-03-05 08:13:00,,723.15,722.91,-0.24,-0.03,188.5,
82,T-100087,TXN4035483,20250305,,2,IN_PROGRESS,2025-03-05 08:16:00,,1176.83,1199.53,22.7,1.93,166.3,
83,T-100109,TXN4126044,20250305,20250306.0,5,RESOLVED,2025-03-05 08:39:00,2025-03-06 16:30:05,607.84,688.32,80.48,13.24,205.4,31.85
84,T-100100,TXN9856231,20250305,20250305.0,4,RESOLVED,2025-03-05 08:52:00,2025-03-05 15:57:00,46.47,45.26,-1.21,-2.6,5.5,7.08
85,T-100112,TXN1389550,20250305,20250307.0,5,RESOLVED,2025-03-05 09:16:00,2025-03-07 03:01:34,149.46,150.06,0.6,0.4,53.5,41.76
86,T-100101,TXN2505514,20250305,20250305.0,4,RESOLVED,2025-03-05 09:22:00,2025-03-05 21:57:00,463.12,461.53,-1.59,-0.34,82.2,12.58
87,T-100111,TXN7608923,20250305,20250307.0,5,RESOLVED,2025-03-05 09:23:00,2025-03-07 23:03:00,167.58,166.79,-0.79,-0.47,41.6,61.67
88,T-100107,TXN1899110,20250305,20250307.0,5,RESOLVED,2025-03-05 09:35:00,2025-03-07 03:24:19,497.46,498.14,0.68,0.14,151.7,41.82
89,T-100106,TXN2059168,20250305,20250305.0,4,RESOLVED,2025-03-05 10:58:00,2025-03-05 22:29:07,195.35,200.74,5.39,2.76,35.8,11.52
90,T-100095,TXN9925094,20250305,20250305.0,3,RESOLVED,2025-03-05 10:59:00,2025-03-05 22:40:41,560.71,542.69,-18.02,-3.21,102.6,11.69
91,T-100115,TXN9953203,20250305,20250306.0,5,RESOLVED,2025-03-05 11:00:00,2025-03-06 01:27:12,84.19,83.82,-0.37,-0.44,33.8,14.45
92,T-100088,TXN6056621,20250305,20250307.0,2,RESOLVED,2025-03-05 11:04:00,2025-03-07 03:10:00,77.08,79.03,1.95,2.53,9.6,40.1
93,T-100104,TXN6365948,20250305,20250305.0,4,RESOLVED,2025-03-05 11:07:00,2025-03-05 21:07:00,1518.48,1512.72,-5.76,-0.38,249.1,10.0
94,T-100103,TXN9290296,20250305,20250307.0,4,RESOLVED,2025-03-05 11:28:00,2025-03-07 17:08:01,1002.93,1017.95,15.02,1.5,106.9,53.67
95,T-100093,TXN1951361,20250305,20250305.0,3,RESOLVED,2025-03-05 11:49:00,2025-03-05 20:23:00,152.84,152.08,-0.76,-0.5,29.6,8.57
96,T-100118,TXN4618040,20250305,20250309.0,6,RESOLVED,2025-03-05 12:10:00,2025-03-09 06:03:35,446.52,460.43,13.91,3.12,108.6,89.89
97,T-100119,TXN5612734,20250305,20250307.0,6,RESOLVED,2025-03-05 12:11:00,2025-03-07 18:47:11,719.34,714.75,-4.59,-0.64,196.9,54.6
98,T-100097,TXN1511992,20250305,20250306.0,3,RESOLVED,2025-03-05 12:27:00,2025-03-06 06:32:00,488.93,472.32,-16.61,-3.4,108.8,18.08
99,T-100094,TXN1916996,20250305,20250306.0,3,RESOLVED,2025-03-05 13:54:00,2025-03-06 08:49:00,378.67,379.38,0.71,0.19,51.3,18.92
100,T-100117,TXN9452747,20250305,20250306.0,5,RESOLVED,2025-03-05 14:01:00,2025-03-06 00:27:28,351.42,363.38,11.96,3.4,75.3,10.44
101,T-100090,TXN3772750,20250305,20250307.0,2,RESOLVED,2025-03-05 15:07:00,2025-03-07 01:57:00,275.0,214.05,-60.95,-22.16,45.9,34.83
102,T-100120,TXN1341626,20250305,20250306.0,6,RESOLVED,2025-03-05 15:20:00,2025-03-06 13:19:49,585.07,575.21,-9.86,-1.69,232.6,22.0
103,T-100114,TXN1891196,20250305,20250306.0,5,RESOLVED,2025-03-05 15:45:00,2025-03-06 09:30:06,312.23,312.38,0.15,0.05,127.8,17.75
104,T-100086,TXN3171017,20250305,20250306.0,2,RESOLVED,2025-03-05 16:06:00,2025-03-06 07:50:00,62.37,61.25,-1.12,-1.8,9.7,15.73
105,T-100091,TXN9931566,20250305,20250306.0,2,RESOLVED,2025-03-05 16:17:00,2025-03-06 08:39:02,627.93,640.27,12.34,1.97,104.0,16.37
106,T-100098,TXN8413164,20250305,20250306.0,3,RESOLVED,2025-03-05 16:21:00,2025-03-06 05:51:04,417.21,361.66,-55.55,-13.31,67.1,13.5
107,T-100096,TXN1321173,20250305,20250305.0,3,RESOLVED,2025-03-05 16:34:00,2025-03-05 20:40:00,90.16,88.96,-1.2,-1.33,20.5,4.1
108,T-100116,TXN5764248,20250305,20250306.0,5,RESOLVED,2025-03-05 17:31:00,2025-03-06 17:22:00,281.03,284.77,3.74,1.33,92.3,23.85
109,T-100082,TXN3918442,20250305,20250306.0,1,RESOLVED,2025-03-05 17:37:00,2025-03-06 10:18:00,72.17,70.16,-2.01,-2.79,12.6,16.68
110,T-100121,TXN1743712,20250305,20250310.0,6,RESOLVED,2025-03-05 17:40:00,2025-03-10 03:24:00,860.73,868.42,7.69,0.89,321.4,105.73
111,T-100102,TXN4406448,20250305,20250307.0,4,RESOLVED,2025-03-05 18:13:00,2025-03-07 00:09:00,238.95,242.94,3.99,1.67,49.3,29.93
112,T-100084,TXN4784066,20250305,20250306.0,1,RESOLVED,2025-03-05 18:14:00,2025-03-06 21:07:00,549.51,394.63,-154.88,-28.19,64.1,26.88
113,T-100105,TXN1498677,20250305,,4,IN_PROGRESS,2025-03-05 18:14:00,,331.81,329.82,-1.99,-0.6,35.6,
114,T-100110,TXN2639808,20250305,20250306.0,5,RESOLVED,2025-03-05 18:19:00,2025-03-06 20:38:09,405.41,402.14,-3.27,-0.81,163.0,26.32
115,T-100125,TXN3941325,20250306,20250307.0,2,RESOLVED,2025-03-06 07:24:00,2025-03-07 03:26:00,305.22,355.43,50.21,16.45,58.9,20.03
116,T-100129,TXN9476053,20250306,20250307.0,2,RESOLVED,2025-03-06 07:25:00,2025-03-07 10:56:00,401.17,398.27,-2.9,-0.72,86.6,27.52
117,T-100141,TXN6414050,20250306,20250307.0,5,RESOLVED,2025-03-06 08:33:00,2025-03-07 10:50:59,639.12,656.57,17.45,2.73,267.0,26.3
118,T-100122,TXN9061459,20250306,20250307.0,2,RESOLVED,2025-03-06 08:55:00,2025-03-07 07:24:00,399.16,313.19,-85.97,-21.54,68.1,22.48
119,T-100127,TXN1818824,20250306,20250307.0,2,RESOLVED,2025-03-06 11:01:00,2025-03-07 02:47:00,364.45,355.01,-9.44,-2.59,55.2,15.77
120,T-100147,TXN7010802,20250306,20250306.0,5,RESOLVED,2025-03-06 11:57:00,2025-03-06 23:36:49,252.33,250.46,-1.87,-0.74,49.6,11.66
121,T-100136,TXN6355609,20250306,20250307.0,3,RESOLVED,2025-03-06 12:32:00,2025-03-07 14:49:00,2469.75,2543.32,73.57,2.98,471.7,26.28
122,T-100128,TXN9018873,20250306,20250306.0,2,RESOLVED,2025-03-06 12:32:00,2025-03-06 19:20:00,2934.36,2880.96,-53.4,-1.82,574.2,6.8
123,T-100142,TXN7030753,20250306,20250307.0,5,RESOLVED,2025-03-06 12:51:00,2025-03-07 23:08:00,712.27,603.73,-108.54,-15.24,319.1,34.28
124,T-100150,TXN4704093,20250306,20250308.0,6,RESOLVED,2025-03-06 12:56:00,2025-03-08 15:19:53,572.59,551.57,-21.02,-3.67,123.5,50.4
125,T-100134,TXN9007065,20250306,20250307.0,3,RESOLVED,2025-03-06 13:50:00,2025-03-07 07:23:00,439.55,433.93,-5.62,-1.28,115.6,17.55
126,T-100133,TXN2846800,20250306,20250308.0,3,RESOLVED,2025-03-06 13:53:00,2025-03-08 02:10:00,391.26,382.74,-8.52,-2.18,90.2,36.28
127,T-100144,TXN4068954,20250306,20250307.0,5,RESOLVED,2025-03-06 13:56:00,2025-03-07 23:24:34,261.01,251.35,-9.66,-3.7,78.7,33.48
128,T-100123,TXN7836521,20250306,20250307.0,2,RESOLVED,2025-03-06 14:10:00,2025-03-07 05:29:00,1278.04,1274.91,-3.13,-0.24,205.7,15.32
129,T-100137,TXN6319501,20250306,20250308.0,3,RESOLVED,2025-03-06 14:39:00,2025-03-08 06:33:00,1545.01,1564.96,19.95,1.29,203.6,39.9
130,T-100149,TXN8296484,20250306,,6,OPEN,2025-03-06 15:15:00,,1099.33,1118.04,18.71,1.7,428.1,
131,T-100135,TXN1933054,20250306,20250308.0,3,RESOLVED,2025-03-06 15:17:00,2025-03-08 03:11:00,799.7,783.89,-15.81,-1.98,127.6,35.9
132,T-100130,TXN1284702,20250306,,2,IN_PROGRESS,2025-03-06 15:34:00,,390.76,377.66,-13.1,-3.35,41.3,
133,T-100124,TXN5477346,20250306,20250307.0,2,RESOLVED,2025-03-06 15:50:00,2025-03-07 13:09:04,281.73,282.17,0.44,0.16,51.7,21.32
134,T-100139,TXN9049613,20250306,20250307.0,3,RESOLVED,2025-03-06 16:16:00,2025-03-07 00:14:00,1501.86,1557.29,55.43,3.69,246.7,7.97
135,T-100148,TXN8002639,20250306,20250308.0,5,RESOLVED,2025-03-06 16:38:00,2025-03-08 14:06:01,1122.76,1138.33,15.57,1.39,342.1,45.47
136,T-100132,TXN5431935,20250306,20250308.0,3,RESOLVED,2025-03-06 16:43:00,2025-03-08 13:35:45,126.03,125.51,-0.52,-0.41,32.0,44.88
137,T-100145,TXN8975753,20250306,20250307.0,5,RESOLVED,2025-03-06 16:56:00,2025-03-07 15:43:41,256.96,258.47,1.51,0.59,87.8,22.79
138,T-100131,TXN7894454,20250306,20250308.0,2,RESOLVED,2025-03-06 17:54:00,2025-03-08 03:51:00,462.54,474.8,12.26,2.65,83.4,33.95
139,T-100126,TXN9197640,20250306,20250307.0,2,RESOLVED,2025-03-06 18:16:00,2025-03-07 12:07:00,213.63,213.67,0.04,0.02,42.7,17.85
140,T-100140,TXN5946269,20250306,20250306.0,4,RESOLVED,2025-03-06 18:42:00,2025-03-06 23:48:00,422.14,431.84,9.7,2.3,39.7,5.1
141,T-100146,TXN4759824,20250306,20250307.0,5,RESOLVED,2025-03-06 18:59:00,2025-03-07 07:32:00,238.6,241.84,3.24,1.36,78.9,12.55
142,T-100176,TXN3132464,20250307,20250309.0,5,RESOLVED,2025-03-07 07:10:00,2025-03-09 13:14:00,405.97,419.25,13.28,3.27,80.5,54.07
143,T-100158,TXN4166502,20250307,20250307.0,1,RESOLVED,2025-03-07 07:13:00,2025-03-07 19:08:47,404.44,407.27,2.83,0.7,54.7,11.93
144,T-100154,TXN4799162,20250307,20250309.0,1,RESOLVED,2025-03-07 07:22:00,2025-03-09 12:03:00,389.71,386.83,-2.88,-0.74,53.4,52.68
145,T-100179,TXN3663119,20250307,20250308.0,5,RESOLVED,2025-03-07 07:27:00,2025-03-08 12:45:00,667.22,669.29,2.07,0.31,132.5,29.3
146,T-100160,TXN4361774,20250307,20250307.0,1,RESOLVED,2025-03-07 09:24:00,2025-03-07 20:13:23,535.05,529.9,-5.15,-0.96,84.4,10.82
147,T-100168,TXN2261735,20250307,20250307.0,3,RESOLVED,2025-03-07 09:27:00,2025-03-07 22:22:00,209.86,207.79,-2.07,-0.99,25.2,12.92
148,T-100164,TXN6900687,20250307,20250307.0,2,RESOLVED,2025-03-07 09:27:00,2025-03-07 19:50:02,918.06,933.55,15.49,1.69,156.1,10.38
149,T-100185,TXN4082854,20250307,20250308.0,6,RESOLVED,2025-03-07 09:50:00,2025-03-08 02:20:00,196.82,201.19,4.37,2.22,82.1,16.5
150,T-100183,TXN3178567,20250307,20250312.0,5,RESOLVED,2025-03-07 09:52:00,2025-03-12 01:20:00,314.92,305.45,-9.47,-3.01,123.3,111.47
151,T-100162,TXN1678201,20250307,20250308.0,2,RESOLVED,2025-03-07 10:12:00,2025-03-08 20:22:00,341.54,348.47,6.93,2.03,35.1,34.17
152,T-100182,TXN1429924,20250307,20250308.0,5,RESOLVED,2025-03-07 10:33:00,2025-03-08 12:38:15,522.78,511.1,-11.68,-2.23,213.7,26.09
153,T-100173,TXN5762296,20250307,20250308.0,4,RESOLVED,2025-03-07 11:09:00,2025-03-08 04:19:00,464.02,468.26,4.24,0.91,70.6,17.17
154,T-100187,TXN5018733,20250307,20250308.0,6,RESOLVED,2025-03-07 11:17:00,2025-03-08 20:11:00,278.46,283.93,5.47,1.96,74.4,32.9
155,T-100174,TXN8720986,20250307,20250308.0,5,RESOLVED,2025-03-07 12:26:00,2025-03-08 12:32:00,209.6,204.85,-4.75,-2.27,45.3,24.1
156,T-100159,TXN2274577,20250307,20250307.0,1,RESOLVED,2025-03-07 13:07:00,2025-03-07 22:05:00,63.21,64.19,0.98,1.55,8.8,8.97
157,T-100178,TXN7664221,20250307,20250307.0,5,RESOLVED,2025-03-07 13:41:00,2025-03-07 22:36:55,609.39,618.84,9.45,1.55,212.6,8.93
158,T-100157,TXN8111158,20250307,20250308.0,1,RESOLVED,2025-03-07 14:09:00,2025-03-08 03:49:42,1337.17,1342.43,5.26,0.39,219.2,13.68
159,T-100165,TXN6821749,20250307,20250307.0,2,RESOLVED,2025-03-07 14:14:00,2025-03-07 23:59:00,213.87,219.93,6.06,2.83,46.8,9.75
160,T-100177,TXN3516585,20250307,20250308.0,5,RESOLVED,2025-03-07 14:36:00,2025-03-08 13:20:00,261.63,263.54,1.91,0.73,102.2,22.73
161,T-100153,TXN9663232,20250307,,1,OPEN,2025-03-07 15:01:00,,236.7,236.66,-0.04,-0.02,21.2,
162,T-100180,TXN5482694,20250307,20250308.0,5,RESOLVED,2025-03-07 15:21:00,2025-03-08 00:27:00,216.85,215.26,-1.59,-0.73,48.7,9.1
163,T-100169,TXN3299642,20250307,20250308.0,3,RESOLVED,2025-03-07 15:29:00,2025-03-08 15:33:00,592.35,613.65,21.3,3.6,71.2,24.07
164,T-100161,TXN3461138,20250307,20250308.0,2,RESOLVED,2025-03-07 15:48:00,2025-03-08 02:15:00,337.0,343.4,6.4,1.9,38.4,10.45
165,T-100155,TXN4880538,20250307,20250308.0,1,RESOLVED,2025-03-07 15:48:00,2025-03-08 18:53:14,112.81,115.95,3.14,2.78,16.9,27.09
166,T-100181,TXN5294710,20250307,20250308.0,5,RESOLVED,2025-03-07 15:52:00,2025-03-08 22:52:40,345.64,351.52,5.88,1.7,84.6,31.01
167,T-100152,TXN6145349,20250307,20250309.0,1,RESOLVED,2025-03-07 16:28:00,2025-03-09 23:29:44,313.79,320.24,6.45,2.06,26.7,55.03
168,T-100171,TXN2756283,20250307,20250307.0,4,RESOLVED,2025-03-07 16:37:00,2025-03-07 20:28:45,280.5,278.95,-1.55,-0.55,35.7,3.86
169,T-100175,TXN5779324,20250307,20250308.0,5,RESOLVED,2025-03-07 17:03:00,2025-03-08 23:37:48,337.96,335.8,-2.16,-0.64,149.5,30.58
170,T-100184,TXN4906382,20250307,20250309.0,6,RESOLVED,2025-03-07 17:21:00,2025-03-09 06:36:35,161.43,163.76,2.33,1.44,34.8,37.26
171,T-100170,TXN4536655,20250307,20250308.0,3,RESOLVED,2025-03-07 18:08:00,2025-03-08 02:25:00,768.74,767.08,-1.66,-0.22,134.4,8.28
172,T-100156,TXN1782491,20250307,20250308.0,1,RESOLVED,2025-03-07 18:34:00,2025-03-08 18:38:00,681.72,670.02,-11.7,-1.72,99.6,24.07
173,T-100166,TXN4946417,20250307,20250308.0,3,RESOLVED,2025-03-07 18:56:00,2025-03-08 07:23:41,1124.67,1127.44,2.77,0.25,303.8,12.46
174,T-100214,TXN1496585,20250310,20250310.0,5,RESOLVED,2025-03-10 07:19:00,2025-03-10 20:36:00,308.1,299.0,-9.1,-2.95,65.4,13.28
175,T-100221,TXN3470706,20250310,20250311.0,6,RESOLVED,2025-03-10 07:21:00,2025-03-11 20:31:00,141.7,144.91,3.21,2.27,52.7,37.17
176,T-100197,TXN8453923,20250310,20250310.0,2,RESOLVED,2025-03-10 07:31:00,2025-03-10 19:08:00,261.76,261.34,-0.42,-0.16,43.0,11.62
177,T-100199,TXN7141528,20250310,20250310.0,3,RESOLVED,2025-03-10 07:42:00,2025-03-10 22:51:00,192.36,192.57,0.21,0.11,42.5,15.15
178,T-100203,TXN3326526,20250310,20250310.0,3,RESOLVED,2025-03-10 07:51:00,2025-03-10 14:08:00,958.45,974.11,15.66,1.63,242.0,6.28
179,T-100215,TXN7260923,20250310,20250312.0,5,RESOLVED,2025-03-10 08:28:00,2025-03-12 02:35:00,349.38,260.83,-88.55,-25.34,150.2,42.12
180,T-100191,TXN3972821,20250310,20250310.0,1,RESOLVED,2025-03-10 09:01:00,2025-03-10 19:51:00,745.43,747.15,1.72,0.23,132.1,10.83
181,T-100216,TXN6965677,20250310,20250310.0,5,RESOLVED,2025-03-10 09:07:00,2025-03-10 19:08:07,296.09,255.69,-40.4,-13.64,105.8,10.02
182,T-100207,TXN9450976,20250310,20250311.0,3,RESOLVED,2025-03-10 09:30:00,2025-03-11 01:37:00,117.4,115.27,-2.13,-1.81,21.1,16.12
183,T-100224,TXN9108385,20250310,20250312.0,6,RESOLVED,2025-03-10 09:37:00,2025-03-12 03:35:00,117.02,116.27,-0.75,-0.64,22.5,41.97
184,T-100194,TXN6981416,20250310,20250311.0,2,RESOLVED,2025-03-10 10:27:00,2025-03-11 05:13:26,1037.04,1084.07,47.03,4.54,171.9,18.77
185,T-100217,TXN3368451,20250310,,5,IN_PROGRESS,2025-03-10 10:59:00,,717.71,700.75,-16.96,-2.36,279.9,
186,T-100202,TXN9648226,20250310,20250311.0,3,RESOLVED,2025-03-10 11:29:00,2025-03-11 07:20:08,806.02,833.04,27.02,3.35,136.5,19.85
187,T-100210,TXN7487065,20250310,20250311.0,4,RESOLVED,2025-03-10 11:35:00,2025-03-11 01:56:00,1735.49,1694.18,-41.31,-2.38,269.0,14.35
188,T-100218,TXN9654306,20250310,20250311.0,5,RESOLVED,2025-03-10 11:43:00,2025-03-11 08:15:00,165.9,165.76,-0.14,-0.08,40.0,20.53
189,T-100223,TXN7851802,20250310,20250310.0,6,RESOLVED,2025-03-10 12:07:00,2025-03-10 22:47:53,368.0,376.08,8.08,2.2,143.0,10.68
190,T-100209,TXN1099267,20250310,20250311.0,4,RESOLVED,2025-03-10 12:21:00,2025-03-11 08:55:00,141.79,141.93,0.14,0.1,17.9,20.57
191,T-100213,TXN6786847,20250310,20250311.0,5,RESOLVED,2025-03-10 13:08:00,2025-03-11 16:12:13,173.06,175.72,2.66,1.54,70.7,27.07
192,T-100204,TXN4620546,20250310,20250311.0,3,RESOLVED,2025-03-10 13:14:00,2025-03-11 06:29:10,227.13,223.33,-3.8,-1.67,36.4,17.25
193,T-100188,TXN5606377,20250310,20250311.0,1,RESOLVED,2025-03-10 13:47:00,2025-03-11 05:09:00,169.79,168.08,-1.71,-1.01,30.1,15.37
194,T-100220,TXN9528083,20250310,20250311.0,6,RESOLVED,2025-03-10 14:33:00,2025-03-11 20:42:14,100.52,97.53,-2.99,-2.97,30.8,30.15
195,T-100200,TXN6882534,20250310,20250311.0,3,RESOLVED,2025-03-10 14:40:00,2025-03-11 11:35:22,350.38,311.38,-39.0,-11.13,43.9,20.92
196,T-100222,TXN2658120,20250310,20250312.0,6,RESOLVED,2025-03-10 15:17:00,2025-03-12 13:25:00,1275.37,1257.8,-17.57,-1.38,383.9,46.13
197,T-100201,TXN4419503,20250310,20250311.0,3,RESOLVED,2025-03-10 15:34:00,2025-03-11 01:24:55,317.85,303.93,-13.92,-4.38,45.3,9.85
198,T-100190,TXN6008598,20250310,20250310.0,1,RESOLVED,2025-03-10 16:30:00,2025-03-10 23:26:00,106.27,106.15,-0.12,-0.11,15.1,6.93
199,T-100211,TXN9855381,20250310,20250311.0,4,RESOLVED,2025-03-10 16:45:00,2025-03-11 07:19:03,206.17,205.61,-0.56,-0.27,20.8,14.57
200,T-100208,TXN2643479,20250310,20250310.0,4,RESOLVED,2025-03-10 17:13:00,2025-03-10 22:32:00,1100.94,1113.64,12.7,1.15,154.5,5.32
201,T-100205,TXN7461685,20250310,20250311.0,3,RESOLVED,2025-03-10 17:42:00,2025-03-11 08:48:00,940.66,912.2,-28.46,-3.03,116.8,15.1
202,T-100193,TXN3799339,20250310,20250312.0,1,RESOLVED,2025-03-10 17:59:00,2025-03-12 10:54:00,280.08,266.77,-13.31,-4.75,35.7,40.92
203,T-100192,TXN6003029,20250310,20250311.0,1,RESOLVED,2025-03-10 18:09:00,2025-03-11 02:41:00,3046.09,3099.72,53.63,1.76,300.4,8.53
204,T-100206,TXN5968354,20250310,20250310.0,3,RESOLVED,2025-03-10 18:35:00,2025-03-10 22:26:00,471.95,473.15,1.2,0.25,66.2,3.85
205,T-100195,TXN6824352,20250310,20250311.0,2,RESOLVED,2025-03-10 18:48:00,2025-03-11 06:20:00,297.76,308.15,10.39,3.49,39.3,11.53
206,T-100238,TXN5448050,20250311,20250311.0,4,RESOLVED,2025-03-11 07:04:00,2025-03-11 14:44:00,125.96,126.31,0.35,0.28,15.8,7.67
207,T-100230,TXN9362308,20250311,20250312.0,2,RESOLVED,2025-03-11 08:06:00,2025-03-12 12:46:00,588.98,580.2,-8.78,-1.49,63.7,28.67
208,T-100254,TXN4411147,20250311,20250313.0,6,RESOLVED,2025-03-11 08:27:00,2025-03-13 03:07:31,553.45,552.07,-1.38,-0.25,110.4,42.68
209,T-100225,TXN3089057,20250311,20250312.0,1,RESOLVED,2025-03-11 09:05:00,2025-03-12 02:05:00,920.46,906.0,-14.46,-1.57,161.5,17.0
210,T-100231,TXN3544083,20250311,20250314.0,2,RESOLVED,2025-03-11 09:22:00,2025-03-14 02:29:02,131.07,132.12,1.05,0.8,15.2,65.12
211,T-100235,TXN2564482,20250311,20250312.0,3,RESOLVED,2025-03-11 09:30:00,2025-03-12 03:17:00,84.06,81.7,-2.36,-2.81,21.8,17.78
212,T-100232,TXN5632856,20250311,20250311.0,3,RESOLVED,2025-03-11 09:54:00,2025-03-11 23:20:00,593.57,608.39,14.82,2.5,140.1,13.43
213,T-100234,TXN9345300,20250311,20250312.0,3,RESOLVED,2025-03-11 10:10:00,2025-03-12 02:38:44,205.17,200.27,-4.9,-2.39,57.0,16.48
214,T-100251,TXN7800480,20250311,20250311.0,5,RESOLVED,2025-03-11 10:12:00,2025-03-11 22:58:00,944.33,972.37,28.04,2.97,362.0,12.77
215,T-100236,TXN6128819,20250311,20250312.0,4,RESOLVED,2025-03-11 10:36:00,2025-03-12 04:40:00,360.69,375.38,14.69,4.07,41.4,18.07
216,T-100228,TXN9138391,20250311,20250312.0,2,RESOLVED,2025-03-11 11:33:00,2025-03-12 06:21:00,249.0,245.8,-3.2,-1.29,28.2,18.8
217,T-100229,TXN2000585,20250311,20250312.0,2,RESOLVED,2025-03-11 12:20:00,2025-03-12 21:09:00,648.05,634.99,-13.06,-2.02,102.0,32.82
218,T-100242,TXN3167880,20250311,20250314.0,5,RESOLVED,2025-03-11 13:25:00,2025-03-14 22:17:00,721.04,702.07,-18.97,-2.63,291.4,80.87
219,T-100239,TXN9939417,20250311,20250312.0,4,RESOLVED,2025-03-11 13:42:00,2025-03-12 22:30:04,723.26,713.55,-9.71,-1.34,117.8,32.8
220,T-100248,TXN9624218,20250311,20250313.0,5,RESOLVED,2025-03-11 13:58:00,2025-03-13 04:34:56,860.12,857.64,-2.48,-0.29,321.3,38.62
221,T-100253,TXN9295120,20250311,20250313.0,6,RESOLVED,2025-03-11 14:01:00,2025-03-13 01:03:29,234.89,228.51,-6.38,-2.72,54.9,35.04
222,T-100237,TXN7671465,20250311,20250312.0,4,RESOLVED,2025-03-11 14:19:00,2025-03-12 11:09:40,829.76,827.54,-2.22,-0.27,124.6,20.84
223,T-100247,TXN8838994,20250311,20250312.0,5,RESOLVED,2025-03-11 15:10:00,2025-03-12 10:20:43,259.63,268.88,9.25,3.56,110.9,19.18
224,T-100233,TXN3012980,20250311,20250311.0,3,RESOLVED,2025-03-11 15:34:00,2025-03-11 22:58:41,892.39,766.75,-125.64,-14.08,247.3,7.41
225,T-100252,TXN6022762,20250311,20250312.0,6,RESOLVED,2025-03-11 15:47:00,2025-03-12 03:22:00,523.74,518.74,-5.0,-0.95,125.1,11.58
226,T-100227,TXN8895770,20250311,20250312.0,2,RESOLVED,2025-03-11 15:50:00,2025-03-12 11:11:00,409.66,495.44,85.78,20.94,76.8,19.35
227,T-100240,TXN5181004,20250311,,4,IN_PROGRESS,2025-03-11 16:42:00,,100.85,100.11,-0.74,-0.73,12.9,
228,T-100245,TXN1315250,20250311,20250312.0,5,RESOLVED,2025-03-11 16:46:00,2025-03-12 21:16:00,1929.5,1393.71,-535.79,-27.77,788.3,28.5
229,T-100250,TXN2656481,20250311,20250312.0,5,RESOLVED,2025-03-11 16:49:00,2025-03-12 18:36:00,1279.62,1304.75,25.13,1.96,381.7,25.78
230,T-100255,TXN2418152,20250311,20250313.0,6,RESOLVED,2025-03-11 18:01:00,2025-03-13 20:39:00,1053.36,1054.81,1.45,0.14,389.4,50.63
231,T-100244,TXN5751241,20250311,,5,OPEN,2025-03-11 18:01:00,,279.61,280.12,0.51,0.18,60.7,
232,T-100249,TXN4333599,20250311,20250313.0,5,RESOLVED,2025-03-11 18:07:00,2025-03-13 05:37:00,312.8,317.77,4.97,1.59,90.6,35.5
233,T-100226,TXN1540680,20250311,20250312.0,1,RESOLVED,2025-03-11 18:25:00,2025-03-12 06:46:00,94.69,98.43,3.74,3.95,12.8,12.35
234,T-100243,TXN5345209,20250311,20250314.0,5,RESOLVED,2025-03-11 18:37:00,2025-03-14 19:05:00,757.23,736.13,-21.1,-2.79,166.1,72.47
235,T-100246,TXN9928850,20250311,20250313.0,5,RESOLVED,2025-03-11 18:38:00,2025-03-13 05:26:16,168.65,173.02,4.37,2.59,72.1,34.8
236,T-100288,TXN1528603,20250312,20250313.0,6,RESOLVED,2025-03-12 07:20:00,2025-03-13 05:06:00,128.53,132.26,3.73,2.9,23.7,21.77
237,T-100264,TXN7771873,20250312,20250312.0,2,RESOLVED,2025-03-12 07:21:00,2025-03-12 16:57:00,220.76,214.23,-6.53,-2.96,27.1,9.6
238,T-100259,TXN2515591,20250312,20250313.0,1,RESOLVED,2025-03-12 07:36:00,2025-03-13 02:00:39,598.29,580.95,-17.34,-2.9,56.0,18.41
239,T-100280,TXN1638082,20250312,20250313.0,5,RESOLVED,2025-03-12 07:55:00,2025-03-13 13:51:00,554.56,561.0,6.44,1.16,165.8,29.93
240,T-100276,TXN2465368,20250312,20250313.0,4,RESOLVED,2025-03-12 08:01:00,2025-03-13 00:28:34,1731.44,1786.07,54.63,3.16,273.5,16.46
241,T-100273,TXN6203372,20250312,20250313.0,4,RESOLVED,2025-03-12 08:32:00,2025-03-13 06:55:00,2954.91,2897.16,-57.75,-1.95,279.4,22.38
242,T-100271,TXN4405499,20250312,20250313.0,3,RESOLVED,2025-03-12 09:00:00,2025-03-13 23:46:27,721.34,733.09,11.75,1.63,130.6,38.77
243,T-100272,TXN4043340,20250312,20250313.0,4,RESOLVED,2025-03-12 09:13:00,2025-03-13 01:59:18,118.45,120.06,1.61,1.36,13.2,16.77
244,T-100275,TXN5591480,20250312,20250312.0,4,RESOLVED,2025-03-12 09:27:00,2025-03-12 18:59:00,262.5,265.08,2.58,0.98,36.9,9.53
245,T-100277,TXN7642531,20250312,20250313.0,5,RESOLVED,2025-03-12 10:56:00,2025-03-13 12:47:34,124.54,122.67,-1.87,-1.5,42.0,25.86
246,T-100256,TXN8663949,20250312,20250313.0,1,RESOLVED,2025-03-12 11:39:00,2025-03-13 00:00:00,569.2,579.05,9.85,1.73,93.0,12.35
247,T-100281,TXN7828918,20250312,20250313.0,5,RESOLVED,2025-03-12 11:45:00,2025-03-13 13:03:00,210.89,211.13,0.24,0.11,56.0,25.3
248,T-100289,TXN9535136,20250312,20250314.0,6,RESOLVED,2025-03-12 11:53:00,2025-03-14 19:22:59,216.27,212.97,-3.3,-1.53,85.9,55.5
249,T-100279,TXN4088942,20250312,20250316.0,5,RESOLVED,2025-03-12 12:25:00,2025-03-16 05:27:00,480.05,489.07,9.02,1.88,195.8,89.03
250,T-100257,TXN7331177,20250312,20250313.0,1,RESOLVED,2025-03-12 13:19:00,2025-03-13 16:33:00,680.19,817.5,137.31,20.19,103.5,27.23
251,T-100284,TXN5528654,20250312,20250313.0,5,RESOLVED,2025-03-12 13:31:00,2025-03-13 23:05:00,1329.71,1356.42,26.71,2.01,443.1,33.57
252,T-100267,TXN4018210,20250312,20250313.0,3,RESOLVED,2025-03-12 13:42:00,2025-03-13 01:51:00,183.94,179.28,-4.66,-2.53,40.4,12.15
253,T-100261,TXN5128426,20250312,20250314.0,2,RESOLVED,2025-03-12 13:48:00,2025-03-14 09:46:33,497.43,497.37,-0.06,-0.01,65.9,43.98
254,T-100287,TXN7937294,20250312,20250314.0,6,RESOLVED,2025-03-12 13:52:00,2025-03-14 21:23:00,363.66,362.47,-1.19,-0.33,127.0,55.52
255,T-100286,TXN8240909,20250312,20250313.0,6,RESOLVED,2025-03-12 14:09:00,2025-03-13 18:28:00,866.69,885.44,18.75,2.16,226.5,28.32
256,T-100262,TXN9510510,20250312,20250313.0,2,RESOLVED,2025-03-12 14:31:00,2025-03-13 06:41:55,235.0,229.49,-5.51,-2.34,25.7,16.18
257,T-100263,TXN3237639,20250312,20250313.0,2,RESOLVED,2025-03-12 14:41:00,2025-03-13 09:52:00,178.41,182.18,3.77,2.11,34.2,19.18
258,T-100266,TXN6150123,20250312,20250313.0,3,RESOLVED,2025-03-12 14:43:00,2025-03-13 07:41:00,268.61,266.66,-1.95,-0.73,51.5,16.97
259,T-100265,TXN7420389,20250312,20250313.0,2,RESOLVED,2025-03-12 15:44:00,2025-03-13 06:02:52,298.61,292.19,-6.42,-2.15,43.0,14.31
260,T-100270,TXN8941801,20250312,20250314.0,3,RESOLVED,2025-03-12 15:48:00,2025-03-14 19:02:00,178.32,175.51,-2.81,-1.58,32.1,51.23
261,T-100282,TXN1770338,20250312,20250314.0,5,RESOLVED,2025-03-12 16:09:00,2025-03-14 20:05:00,643.57,628.88,-14.69,-2.28,131.7,51.93
262,T-100283,TXN4360541,20250312,,5,OPEN,2025-03-12 16:17:00,,317.11,315.84,-1.27,-0.4,112.8,
263,T-100274,TXN7855665,20250312,20250314.0,4,RESOLVED,2025-03-12 17:12:00,2025-03-14 12:20:00,254.04,250.76,-3.28,-1.29,43.6,43.13
264,T-100290,TXN1189700,20250312,20250315.0,6,RESOLVED,2025-03-12 17:46:00,2025-03-15 21:36:23,339.84,377.98,38.14,11.22,122.9,75.84
265,T-100258,TXN2530599,20250312,20250313.0,1,RESOLVED,2025-03-12 17:54:00,2025-03-13 03:10:00,805.88,799.8,-6.08,-0.75,149.6,9.27
266,T-100278,TXN3491068,20250312,20250313.0,5,RESOLVED,2025-03-12 18:14:00,2025-03-13 22:55:00,300.18,302.75,2.57,0.86,123.6,28.68
267,T-100269,TXN7461954,20250312,20250313.0,3,RESOLVED,2025-03-12 18:19:00,2025-03-13 05:57:00,783.38,772.93,-10.45,-1.33,200.7,11.63
268,T-100260,TXN4655894,20250312,20250314.0,2,RESOLVED,2025-03-12 18:45:00,2025-03-14 13:39:00,291.84,231.61,-60.23,-20.64,57.6,42.9
269,T-100299,TXN3934757,20250313,20250313.0,3,RESOLVED,2025-03-13 07:14:00,2025-03-13 17:30:00,130.13,128.42,-1.71,-1.31,19.6,10.27
270,T-100308,TXN2470960,20250313,20250314.0,4,RESOLVED,2025-03-13 07:14:00,2025-03-14 09:24:04,306.04,303.96,-2.08,-0.68,31.6,26.17
271,T-100293,TXN6181448,20250313,20250314.0,2,RESOLVED,2025-03-13 07:17:00,2025-03-14 16:31:28,157.34,159.54,2.2,1.4,29.2,33.24
272,T-100292,TXN3264476,20250313,20250313.0,2,RESOLVED,2025-03-13 07:27:00,2025-03-13 16:43:29,134.63,136.73,2.1,1.56,26.1,9.27
273,T-100310,TXN2712737,20250313,20250314.0,4,RESOLVED,2025-03-13 07:39:00,2025-03-14 04:28:00,585.0,599.03,14.03,2.4,114.4,20.82
274,T-100309,TXN9336493,20250313,20250314.0,4,RESOLVED,2025-03-13 08:05:00,2025-03-14 03:24:06,324.76,337.43,12.67,3.9,38.8,19.32
275,T-100317,TXN9158073,20250313,20250315.0,5,RESOLVED,2025-03-13 08:06:00,2025-03-15 20:26:03,471.04,479.17,8.13,1.73,159.6,60.33
276,T-100322,TXN3721130,20250313,20250315.0,6,RESOLVED,2025-03-13 08:24:00,2025-03-15 03:21:00,140.45,137.11,-3.34,-2.38,27.5,42.95
277,T-100314,TXN3184943,20250313,20250315.0,5,RESOLVED,2025-03-13 09:05:00,2025-03-15 05:11:00,96.08,96.13,0.05,0.05,32.9,44.1
278,T-100304,TXN1115984,20250313,20250313.0,3,RESOLVED,2025-03-13 09:41:00,2025-03-13 20:01:04,554.26,573.25,18.99,3.43,66.8,10.33
279,T-100313,TXN2178984,20250313,20250314.0,5,RESOLVED,2025-03-13 10:45:00,2025-03-14 04:00:28,476.03,478.33,2.3,0.48,182.3,17.26
280,T-100319,TXN6110360,20250313,20250317.0,6,RESOLVED,2025-03-13 10:55:00,2025-03-17 01:24:00,142.0,139.55,-2.45,-1.73,49.4,86.48
281,T-100291,TXN8799309,20250313,20250314.0,1,RESOLVED,2025-03-13 11:08:00,2025-03-14 11:58:54,300.96,305.87,4.91,1.63,50.8,24.85
282,T-100305,TXN3255342,20250313,20250314.0,3,RESOLVED,2025-03-13 11:25:00,2025-03-14 19:12:28,244.84,248.61,3.77,1.54,31.6,31.79
283,T-100318,TXN4682260,20250313,20250314.0,6,RESOLVED,2025-03-13 11:25:00,2025-03-14 05:56:00,104.02,103.64,-0.38,-0.37,28.5,18.52
284,T-100298,TXN4226782,20250313,20250313.0,3,RESOLVED,2025-03-13 11:33:00,2025-03-13 16:19:00,1332.72,1340.97,8.25,0.62,340.7,4.77
285,T-100306,TXN2543252,20250313,20250314.0,4,RESOLVED,2025-03-13 13:12:00,2025-03-14 03:16:00,163.8,169.26,5.46,3.33,26.4,14.07
286,T-100300,TXN2100648,20250313,20250313.0,3,RESOLVED,2025-03-13 13:12:00,2025-03-13 22:18:52,656.78,657.84,1.06,0.16,79.3,9.11
287,T-100321,TXN4696140,20250313,20250316.0,6,RESOLVED,2025-03-13 14:05:00,2025-03-16 23:08:00,1212.31,1188.37,-23.94,-1.97,231.3,81.05
288,T-100316,TXN4537388,20250313,20250315.0,5,RESOLVED,2025-03-13 14:29:00,2025-03-15 10:41:00,617.65,618.45,0.8,0.13,220.7,44.2
289,T-100312,TXN6983230,20250313,20250314.0,5,RESOLVED,2025-03-13 14:51:00,2025-03-14 10:20:00,196.61,203.16,6.55,3.33,76.0,19.48
290,T-100294,TXN6324364,20250313,20250316.0,2,RESOLVED,2025-03-13 15:27:00,2025-03-16 04:37:10,436.19,429.18,-7.01,-1.61,66.3,61.17
291,T-100303,TXN4926904,20250313,20250314.0,3,RESOLVED,2025-03-13 15:35:00,2025-03-14 20:37:00,500.59,490.92,-9.67,-1.93,98.7,29.03
292,T-100307,TXN7164739,20250313,20250313.0,4,RESOLVED,2025-03-13 15:41:00,2025-03-13 21:05:00,832.37,811.53,-20.84,-2.5,100.9,5.4
293,T-100302,TXN7581813,20250313,20250314.0,3,RESOLVED,2025-03-13 16:29:00,2025-03-14 03:53:00,169.27,169.64,0.37,0.22,27.4,11.4
294,T-100311,TXN4639983,20250313,20250313.0,4,RESOLVED,2025-03-13 16:55:00,2025-03-13 21:22:00,85.38,84.05,-1.33,-1.56,16.6,4.45
295,T-100320,TXN8768951,20250313,20250316.0,6,RESOLVED,2025-03-13 18:20:00,2025-03-16 14:19:00,251.65,252.75,1.1,0.44,78.5,67.98
296,T-100315,TXN5131375,20250313,20250318.0,5,RESOLVED,2025-03-13 18:33:00,2025-03-18 07:14:22,179.41,180.36,0.95,0.53,59.4,108.69
297,T-100295,TXN3720418,20250313,20250315.0,2,RESOLVED,2025-03-13 18:55:00,2025-03-15 06:36:00,1399.98,1408.76,8.78,0.63,231.5,35.68
298,T-100328,TXN8049666,20250314,20250316.0,2,RESOLVED,2025-03-14 07:04:00,2025-03-16 01:04:00,450.64,451.14,0.5,0.11,86.4,42.0
299,T-100341,TXN9627962,20250314,,4,IN_PROGRESS,2025-03-14 07:15:00,,675.27,676.17,0.9,0.13,97.5,
300,T-100332,TXN7354581,20250314,20250314.0,3,RESOLVED,2025-03-14 07:33:00,2025-03-14 20:54:00,180.32,175.23,-5.09,-2.82,39.8,13.35
301,T-100323,TXN1528015,20250314,20250315.0,1,RESOLVED,2025-03-14 08:04:00,2025-03-15 16:44:12,751.22,761.99,10.77,1.43,100.7,32.67
302,T-100347,TXN5079683,20250314,20250315.0,5,RESOLVED,2025-03-14 08:20:00,2025-03-15 18:32:00,564.42,648.91,84.49,14.97,112.7,34.2
303,T-100337,TXN7210749,20250314,20250315.0,3,RESOLVED,2025-03-14 08:32:00,2025-03-15 02:24:46,559.44,546.82,-12.62,-2.26,113.9,17.88
304,T-100325,TXN5804323,20250314,20250314.0,1,RESOLVED,2025-03-14 08:36:00,2025-03-14 13:09:00,610.87,601.98,-8.89,-1.46,61.2,4.55
305,T-100353,TXN2026367,20250314,20250315.0,5,RESOLVED,2025-03-14 09:06:00,2025-03-15 06:50:00,391.13,369.61,-21.52,-5.5,88.0,21.73
306,T-100326,TXN8538561,20250314,,1,IN_PROGRESS,2025-03-14 09:52:00,,111.12,111.89,0.77,0.69,20.2,
307,T-100330,TXN9467611,20250314,20250316.0,3,RESOLVED,2025-03-14 09:53:00,2025-03-16 04:42:00,437.87,447.17,9.3,2.12,81.9,42.82
308,T-100358,TXN8931967,20250314,20250316.0,6,RESOLVED,2025-03-14 10:14:00,2025-03-16 06:31:00,1301.67,1281.49,-20.18,-1.55,366.4,44.28
309,T-100343,TXN2269705,20250314,,4,IN_PROGRESS,2025-03-14 10:38:00,,182.35,178.26,-4.09,-2.24,23.5,
310,T-100354,TXN1717521,20250314,20250314.0,5,RESOLVED,2025-03-14 10:47:00,2025-03-14 23:15:00,610.45,595.81,-14.64,-2.4,243.8,12.47
311,T-100335,TXN4381919,20250314,20250314.0,3,RESOLVED,2025-03-14 11:14:00,2025-03-14 18:53:37,854.37,849.18,-5.19,-0.61,235.1,7.66
312,T-100357,TXN6109147,20250314,20250315.0,6,RESOLVED,2025-03-14 11:22:00,2025-03-15 14:59:00,432.92,526.71,93.79,21.66,100.6,27.62
313,T-100336,TXN2559066,20250314,,3,IN_PROGRESS,2025-03-14 11:40:00,,216.53,219.92,3.39,1.57,58.6,
314,T-100346,TXN9574600,20250314,20250315.0,5,RESOLVED,2025-03-14 11:40:00,2025-03-15 07:45:00,327.24,337.21,9.97,3.05,130.3,20.08
315,T-100351,TXN9611924,20250314,20250317.0,5,RESOLVED,2025-03-14 11:49:00,2025-03-17 20:03:55,208.53,209.88,1.35,0.65,56.1,80.25
316,T-100334,TXN6268180,20250314,20250315.0,3,RESOLVED,2025-03-14 12:05:00,2025-03-15 05:42:46,342.67,335.17,-7.5,-2.19,89.7,17.63
317,T-100355,TXN8299125,20250314,20250316.0,6,RESOLVED,2025-03-14 13:05:00,2025-03-16 01:50:38,239.67,241.98,2.31,0.96,92.0,36.76
318,T-100340,TXN9521152,20250314,20250315.0,4,RESOLVED,2025-03-14 13:08:00,2025-03-15 09:11:24,232.0,226.03,-5.97,-2.57,41.0,20.06
319,T-100331,TXN6741246,20250314,20250315.0,3,RESOLVED,2025-03-14 13:47:00,2025-03-15 19:47:00,477.74,477.4,-0.34,-0.07,75.7,30.0
320,T-100352,TXN9589615,20250314,20250316.0,5,RESOLVED,2025-03-14 15:26:00,2025-03-16 15:08:00,180.93,174.9,-6.03,-3.33,74.9,47.7
321,T-100356,TXN5698339,20250314,,6,IN_PROGRESS,2025-03-14 15:32:00,,702.81,727.53,24.72,3.52,164.2,
322,T-100344,TXN5419137,20250314,20250315.0,5,RESOLVED,2025-03-14 15:35:00,2025-03-15 09:51:00,536.51,539.95,3.44,0.64,153.1,18.27
323,T-100333,TXN1719511,20250314,20250314.0,3,RESOLVED,2025-03-14 15:53:00,2025-03-14 21:00:45,514.9,458.53,-56.37,-10.95,102.8,5.13
324,T-100327,TXN3206904,20250314,,2,OPEN,2025-03-14 16:18:00,,649.48,652.44,2.96,0.46,117.7,
325,T-100345,TXN5024076,20250314,20250316.0,5,RESOLVED,2025-03-14 16:22:00,2025-03-16 02:06:00,438.37,444.28,5.91,1.35,109.1,33.73
326,T-100348,TXN3895432,20250314,20250315.0,5,RESOLVED,2025-03-14 16:49:00,2025-03-15 14:56:00,1324.31,1348.68,24.37,1.84,304.3,22.12
327,T-100342,TXN2464862,20250314,20250315.0,4,RESOLVED,2025-03-14 16:57:00,2025-03-15 07:36:00,188.34,182.51,-5.83,-3.1,25.7,14.65
328,T-100329,TXN5141440,20250314,20250315.0,3,RESOLVED,2025-03-14 17:12:00,2025-03-15 19:27:00,306.22,306.44,0.22,0.07,48.6,26.25
329,T-100324,TXN6934690,20250314,,1,IN_PROGRESS,2025-03-14 17:12:00,,317.52,313.14,-4.38,-1.38,50.3,
330,T-100349,TXN8140532,20250314,20250316.0,5,RESOLVED,2025-03-14 18:28:00,2025-03-16 06:22:00,789.82,785.13,-4.69,-0.59,322.5,35.9
331,T-100339,TXN8703309,20250314,20250314.0,3,RESOLVED,2025-03-14 18:28:00,2025-03-14 22:03:00,105.0,104.28,-0.72,-0.69,26.4,3.58
332,T-100380,TXN7966061,20250317,20250317.0,4,RESOLVED,2025-03-17 07:21:00,2025-03-17 22:50:16,196.48,198.01,1.53,0.78,31.7,15.49
333,T-100361,TXN9734262,20250317,20250317.0,1,RESOLVED,2025-03-17 07:52:00,2025-03-17 19:58:00,270.18,273.91,3.73,1.38,30.2,12.1
334,T-100384,TXN6217594,20250317,20250318.0,5,RESOLVED,2025-03-17 08:05:00,2025-03-18 17:52:00,973.16,964.52,-8.64,-0.89,434.3,33.78
335,T-100386,TXN9723023,20250317,20250318.0,5,RESOLVED,2025-03-17 08:05:00,2025-03-18 00:40:17,154.8,125.99,-28.81,-18.61,57.7,16.59
336,T-100390,TXN1678508,20250317,20250318.0,6,RESOLVED,2025-03-17 09:30:00,2025-03-18 17:29:00,382.37,392.49,10.12,2.65,121.8,31.98
337,T-100385,TXN1064996,20250317,20250317.0,5,RESOLVED,2025-03-17 09:42:00,2025-03-17 19:07:00,836.51,877.95,41.44,4.95,304.9,9.42
338,T-100369,TXN6895239,20250317,20250317.0,3,RESOLVED,2025-03-17 09:56:00,2025-03-17 18:41:05,430.94,426.08,-4.86,-1.13,103.2,8.75
339,T-100367,TXN2447238,20250317,20250319.0,3,RESOLVED,2025-03-17 11:04:00,2025-03-19 04:16:00,2429.35,2493.93,64.58,2.66,345.3,41.2
340,T-100370,TXN7809959,20250317,20250318.0,3,RESOLVED,2025-03-17 11:45:00,2025-03-18 07:52:00,199.5,206.84,7.34,3.68,36.2,20.12
341,T-100364,TXN7545317,20250317,20250317.0,2,RESOLVED,2025-03-17 12:07:00,2025-03-17 19:46:00,361.81,362.97,1.16,0.32,79.9,7.65
342,T-100371,TXN9271519,20250317,20250317.0,3,RESOLVED,2025-03-17 12:43:00,2025-03-17 22:49:00,363.63,356.0,-7.63,-2.1,54.0,10.1
343,T-100360,TXN2009182,20250317,20250318.0,1,RESOLVED,2025-03-17 12:55:00,2025-03-18 07:02:31,440.96,454.34,13.38,3.03,84.9,18.13
344,T-100363,TXN5872946,20250317,20250318.0,1,RESOLVED,2025-03-17 13:01:00,2025-03-18 18:06:09,764.45,757.85,-6.6,-0.86,136.6,29.09
345,T-100365,TXN4187038,20250317,20250318.0,2,RESOLVED,2025-03-17 13:06:00,2025-03-18 09:54:00,403.64,398.94,-4.7,-1.16,48.9,20.8
346,T-100368,TXN8477460,20250317,20250318.0,3,RESOLVED,2025-03-17 13:43:00,2025-03-18 08:05:00,564.04,575.7,11.66,2.07,98.9,18.37
347,T-100366,TXN3309212,20250317,20250318.0,3,RESOLVED,2025-03-17 13:52:00,2025-03-18 03:02:10,219.98,218.65,-1.33,-0.6,41.6,13.17
348,T-100387,TXN8983910,20250317,20250318.0,5,RESOLVED,2025-03-17 14:15:00,2025-03-18 12:32:24,231.4,233.16,1.76,0.76,72.9,22.29
349,T-100359,TXN1601349,20250317,20250318.0,1,RESOLVED,2025-03-17 14:17:00,2025-03-18 07:57:00,431.52,426.37,-5.15,-1.19,49.2,17.67
350,T-100375,TXN4949796,20250317,20250318.0,3,RESOLVED,2025-03-17 14:40:00,2025-03-18 01:51:00,471.98,469.57,-2.41,-0.51,58.8,11.18
351,T-100377,TXN2874565,20250317,20250318.0,3,RESOLVED,2025-03-17 14:42:00,2025-03-18 22:25:27,761.19,768.87,7.68,1.01,156.6,31.72
352,T-100376,TXN9483819,20250317,20250318.0,3,RESOLVED,2025-03-17 15:20:00,2025-03-18 18:57:00,639.89,645.99,6.1,0.95,133.8,27.62
353,T-100383,TXN5973946,20250317,20250319.0,5,RESOLVED,2025-03-17 15:32:00,2025-03-19 00:28:34,762.57,743.47,-19.1,-2.5,281.8,32.94
354,T-100389,TXN5759356,20250317,20250318.0,6,RESOLVED,2025-03-17 15:58:00,2025-03-18 06:27:00,1118.71,1140.02,21.31,1.9,415.6,14.48
355,T-100373,TXN5804745,20250317,20250318.0,3,RESOLVED,2025-03-17 17:50:00,2025-03-18 04:59:00,457.22,456.59,-0.63,-0.14,69.9,11.15
356,T-100381,TXN3204748,20250317,20250318.0,4,RESOLVED,2025-03-17 17:56:00,2025-03-18 08:04:00,2248.55,2308.02,59.47,2.64,368.3,14.13
357,T-100378,TXN4610246,20250317,20250319.0,3,RESOLVED,2025-03-17 18:08:00,2025-03-19 23:04:00,120.17,121.7,1.53,1.27,21.5,52.93
358,T-100374,TXN5218999,20250317,20250318.0,3,RESOLVED,2025-03-17 18:12:00,2025-03-18 03:10:00,358.18,349.2,-8.98,-2.51,95.2,8.97
359,T-100379,TXN5456213,20250317,20250318.0,3,RESOLVED,2025-03-17 18:30:00,2025-03-18 04:35:00,1281.0,1277.07,-3.93,-0.31,237.7,10.08
360,T-100405,TXN3813853,20250318,20250319.0,3,RESOLVED,2025-03-18 07:11:00,2025-03-19 01:17:00,1209.53,1227.35,17.82,1.47,216.8,18.1
361,T-100397,TXN1264017,20250318,20250318.0,2,RESOLVED,2025-03-18 07:13:00,2025-03-18 14:19:00,744.62,748.37,3.75,0.5,98.1,7.1
362,T-100407,TXN5366076,20250318,20250318.0,3,RESOLVED,2025-03-18 07:13:00,2025-03-18 22:09:21,1079.64,1059.51,-20.13,-1.86,158.0,14.94
363,T-100412,TXN6201726,20250318,20250320.0,5,RESOLVED,2025-03-18 07:24:00,2025-03-20 11:15:00,327.5,330.78,3.28,1.0,79.0,51.85
364,T-100416,TXN4757543,20250318,20250319.0,5,RESOLVED,2025-03-18 07:46:00,2025-03-19 08:09:00,691.97,638.72,-53.25,-7.7,302.9,24.38
365,T-100414,TXN8956330,20250318,20250320.0,5,RESOLVED,2025-03-18 07:53:00,2025-03-20 22:01:32,374.54,376.34,1.8,0.48,137.9,62.14
366,T-100409,TXN8034119,20250318,20250318.0,4,RESOLVED,2025-03-18 08:47:00,2025-03-18 16:15:20,365.28,366.07,0.79,0.22,43.4,7.47
367,T-100396,TXN2095607,20250318,20250319.0,2,RESOLVED,2025-03-18 08:56:00,2025-03-19 05:29:13,224.08,218.81,-5.27,-2.35,43.3,20.55
368,T-100398,TXN3859951,20250318,20250319.0,2,RESOLVED,2025-03-18 10:21:00,2025-03-19 15:58:00,932.42,943.92,11.5,1.23,185.1,29.62
369,T-100400,TXN2929416,20250318,20250318.0,2,RESOLVED,2025-03-18 10:29:00,2025-03-18 23:29:00,413.64,422.41,8.77,2.12,61.1,13.0
370,T-100406,TXN7683505,20250318,,3,IN_PROGRESS,2025-03-18 10:54:00,,927.29,922.44,-4.85,-0.52,172.1,
371,T-100391,TXN3588294,20250318,20250319.0,1,RESOLVED,2025-03-18 11:15:00,2025-03-19 06:07:16,798.43,808.47,10.04,1.26,138.5,18.87
372,T-100411,TXN7883103,20250318,20250319.0,5,RESOLVED,2025-03-18 11:16:00,2025-03-19 09:38:00,427.73,435.11,7.38,1.73,171.8,22.37
373,T-100418,TXN3395681,20250318,,6,IN_PROGRESS,2025-03-18 11:55:00,,1139.07,1146.21,7.14,0.63,257.2,
374,T-100413,TXN4499041,20250318,20250320.0,5,RESOLVED,2025-03-18 11:58:00,2025-03-20 11:33:43,579.61,579.19,-0.42,-0.07,137.8,47.6
375,T-100410,TXN3822503,20250318,20250319.0,5,RESOLVED,2025-03-18 12:20:00,2025-03-19 10:59:00,371.96,368.01,-3.95,-1.06,80.4,22.65
376,T-100393,TXN6297715,20250318,20250319.0,1,RESOLVED,2025-03-18 12:25:00,2025-03-19 15:23:35,156.31,158.31,2.0,1.28,17.3,26.98
377,T-100415,TXN4206566,20250318,20250320.0,5,RESOLVED,2025-03-18 12:46:00,2025-03-20 23:31:05,1147.96,1139.61,-8.35,-0.73,501.0,58.75
378,T-100408,TXN8924721,20250318,20250320.0,4,RESOLVED,2025-03-18 12:52:00,2025-03-20 17:48:00,160.54,161.65,1.11,0.69,27.9,52.93
379,T-100401,TXN1009007,20250318,20250319.0,3,RESOLVED,2025-03-18 13:54:00,2025-03-19 16:07:51,583.56,567.65,-15.91,-2.73,105.4,26.23
380,T-100395,TXN1332375,20250318,20250318.0,1,RESOLVED,2025-03-18 14:48:00,2025-03-18 22:25:00,116.94,119.61,2.67,2.28,11.4,7.62
381,T-100417,TXN1103796,20250318,20250320.0,6,RESOLVED,2025-03-18 14:54:00,2025-03-20 23:07:00,308.47,216.23,-92.24,-29.9,106.2,56.22
382,T-100404,TXN2680683,20250318,20250319.0,3,RESOLVED,2025-03-18 16:21:00,2025-03-19 15:48:00,378.17,390.52,12.35,3.27,105.7,23.45
383,T-100394,TXN6851830,20250318,20250320.0,1,RESOLVED,2025-03-18 17:24:00,2025-03-20 02:40:00,690.34,692.98,2.64,0.38,82.2,33.27
384,T-100402,TXN6104846,20250318,20250319.0,3,RESOLVED,2025-03-18 17:40:00,2025-03-19 07:34:56,481.93,479.47,-2.46,-0.51,69.3,13.92
385,T-100399,TXN9593882,20250318,20250319.0,2,RESOLVED,2025-03-18 18:27:00,2025-03-19 14:54:00,321.27,230.36,-90.91,-28.3,37.1,20.45
386,T-100403,TXN9203199,20250318,20250319.0,3,RESOLVED,2025-03-18 18:35:00,2025-03-19 03:38:00,955.82,968.99,13.17,1.38,141.5,9.05
387,T-100463,TXN9795905,20250319,20250322.0,6,RESOLVED,2025-03-19 07:08:00,2025-03-22 15:33:14,94.73,96.71,1.98,2.09,36.6,80.42
388,T-100450,TXN9721889,20250319,20250320.0,5,RESOLVED,2025-03-19 07:09:00,2025-03-20 03:05:26,98.3,98.41,0.11,0.11,28.3,19.94
389,T-100464,TXN2461250,20250319,20250322.0,6,RESOLVED,2025-03-19 08:31:00,2025-03-22 17:29:00,226.5,228.14,1.64,0.72,92.0,80.97
390,T-100447,TXN1218447,20250319,20250322.0,5,RESOLVED,2025-03-19 08:53:00,2025-03-22 12:36:53,370.98,377.0,6.02,1.62,76.1,75.73
391,T-100431,TXN3567004,20250319,20250321.0,2,RESOLVED,2025-03-19 09:17:00,2025-03-21 01:42:00,489.74,500.8,11.06,2.26,76.7,40.42
392,T-100427,TXN9700846,20250319,20250320.0,2,RESOLVED,2025-03-19 09:19:00,2025-03-20 02:01:00,147.7,151.93,4.23,2.86,14.6,16.7
393,T-100419,TXN5419990,20250319,20250319.0,1,RESOLVED,2025-03-19 09:33:00,2025-03-19 17:34:48,277.59,279.41,1.82,0.66,42.9,8.03
394,T-100451,TXN1620564,20250319,20250319.0,5,RESOLVED,2025-03-19 09:41:00,2025-03-19 14:38:00,2607.06,2589.51,-17.55,-0.67,585.9,4.95
395,T-100432,TXN4379182,20250319,20250320.0,2,RESOLVED,2025-03-19 09:56:00,2025-03-20 01:53:00,811.59,700.03,-111.56,-13.75,137.3,15.95
396,T-100442,TXN7847785,20250319,20250320.0,4,RESOLVED,2025-03-19 10:08:00,2025-03-20 10:14:02,160.34,157.25,-3.09,-1.93,18.1,24.1
397,T-100453,TXN9141895,20250319,20250321.0,5,RESOLVED,2025-03-19 10:25:00,2025-03-21 04:26:00,250.71,253.81,3.1,1.24,111.8,42.02
398,T-100455,TXN6389699,20250319,,5,IN_PROGRESS,2025-03-19 10:36:00,,1009.67,908.27,-101.4,-10.04,428.9,
399,T-100429,TXN8912878,20250319,,2,IN_PROGRESS,2025-03-19 10:56:00,,685.3,600.78,-84.52,-12.33,145.0,
400,T-100436,TXN2526999,20250319,20250319.0,3,RESOLVED,2025-03-19 10:59:00,2025-03-19 19:31:00,367.07,371.85,4.78,1.3,72.5,8.53
401,T-100443,TXN4836743,20250319,20250319.0,4,RESOLVED,2025-03-19 10:59:00,2025-03-19 21:51:00,636.81,642.89,6.08,0.95,105.3,10.87
402,T-100433,TXN1526754,20250319,20250319.0,3,RESOLVED,2025-03-19 11:25:00,2025-03-19 23:50:00,1577.88,1573.13,-4.75,-0.3,413.1,12.42
403,T-100441,TXN9059477,20250319,20250319.0,4,RESOLVED,2025-03-19 11:35:00,2025-03-19 19:35:00,177.34,173.98,-3.36,-1.89,37.1,8.0
404,T-100420,TXN8336650,20250319,20250320.0,1,RESOLVED,2025-03-19 12:31:00,2025-03-20 06:34:11,154.91,156.27,1.36,0.88,21.1,18.05
405,T-100465,TXN6110800,20250319,20250323.0,6,RESOLVED,2025-03-19 12:40:00,2025-03-23 08:01:00,352.66,367.86,15.2,4.31,118.6,91.35
406,T-100444,TXN2682965,20250319,20250320.0,5,RESOLVED,2025-03-19 12:43:00,2025-03-20 01:34:00,245.95,244.05,-1.9,-0.77,58.7,12.85
407,T-100457,TXN2325389,20250319,,5,OPEN,2025-03-19 13:01:00,,102.7,100.4,-2.3,-2.24,45.2,
408,T-100421,TXN4852588,20250319,20250320.0,1,RESOLVED,2025-03-19 13:38:00,2025-03-20 15:12:00,582.01,573.96,-8.05,-1.38,77.2,25.57
409,T-100426,TXN6745952,20250319,20250320.0,2,RESOLVED,2025-03-19 13:47:00,2025-03-20 15:06:53,237.7,236.38,-1.32,-0.56,24.8,25.33
410,T-100459,TXN1171839,20250319,20250319.0,5,RESOLVED,2025-03-19 13:54:00,2025-03-19 20:49:00,444.37,456.18,11.81,2.66,101.6,6.92
411,T-100428,TXN7925993,20250319,20250320.0,2,RESOLVED,2025-03-19 14:27:00,2025-03-20 03:58:20,459.61,465.6,5.99,1.3,81.0,13.52
412,T-100424,TXN2388616,20250319,20250320.0,2,RESOLVED,2025-03-19 14:59:00,2025-03-20 22:27:00,785.99,781.52,-4.47,-0.57,104.7,31.47
413,T-100435,TXN1119983,20250319,20250319.0,3,RESOLVED,2025-03-19 15:00:00,2025-03-19 21:38:07,400.76,401.19,0.43,0.11,66.3,6.64
414,T-100454,TXN5727414,20250319,20250320.0,5,RESOLVED,2025-03-19 15:03:00,2025-03-20 17:46:00,222.44,217.64,-4.8,-2.16,56.3,26.72
415,T-100446,TXN4760441,20250319,20250320.0,5,RESOLVED,2025-03-19 15:24:00,2025-03-20 13:33:00,1333.32,1336.37,3.05,0.23,428.7,22.15
416,T-100460,TXN2514906,20250319,20250320.0,6,RESOLVED,2025-03-19 15:31:00,2025-03-20 21:11:00,165.55,173.8,8.25,4.98,55.6,29.67
417,T-100423,TXN9518954,20250319,20250320.0,1,RESOLVED,2025-03-19 15:56:00,2025-03-20 07:10:00,1182.42,1178.51,-3.91,-0.33,217.7,15.23
418,T-100458,TXN6779580,20250319,20250321.0,5,RESOLVED,2025-03-19 16:03:00,2025-03-21 15:48:21,412.37,413.57,1.2,0.29,119.6,47.76
419,T-100425,TXN8663714,20250319,20250320.0,2,RESOLVED,2025-03-19 16:12:00,2025-03-20 04:14:00,434.45,413.86,-20.59,-4.74,92.5,12.03
420,T-100438,TXN2844245,20250319,20250320.0,3,RESOLVED,2025-03-19 16:23:00,2025-03-20 02:50:51,1328.11,1375.93,47.82,3.6,326.6,10.46
421,T-100448,TXN3659683,20250319,20250320.0,5,RESOLVED,2025-03-19 16:42:00,2025-03-20 08:46:15,155.35,151.51,-3.84,-2.47,36.1,16.07
422,T-100434,TXN9672696,20250319,20250320.0,3,RESOLVED,2025-03-19 16:53:00,2025-03-20 16:48:54,992.71,973.9,-18.81,-1.89,161.7,23.93
423,T-100462,TXN5745089,20250319,20250321.0,6,RESOLVED,2025-03-19 16:55:00,2025-03-21 07:46:00,370.69,368.82,-1.87,-0.5,127.8,38.85
424,T-100430,TXN5573542,20250319,20250320.0,2,RESOLVED,2025-03-19 17:03:00,2025-03-20 17:12:11,171.51,172.36,0.85,0.5,27.5,24.15
425,T-100461,TXN9621633,20250319,20250322.0,6,RESOLVED,2025-03-19 17:07:00,2025-03-22 04:00:05,153.21,155.16,1.95,1.27,60.8,58.88
426,T-100440,TXN2814136,20250319,20250320.0,4,RESOLVED,2025-03-19 17:09:00,2025-03-20 11:18:00,343.33,335.79,-7.54,-2.2,36.7,18.15
427,T-100445,TXN2196583,20250319,20250320.0,5,RESOLVED,2025-03-19 17:42:00,2025-03-20 22:57:00,351.46,349.88,-1.58,-0.45,80.5,29.25
428,T-100456,TXN5402084,20250319,20250321.0,5,RESOLVED,2025-03-19 17:44:00,2025-03-21 09:08:00,210.21,231.86,21.65,10.3,45.0,39.4
429,T-100437,TXN1241057,20250319,20250321.0,3,RESOLVED,2025-03-19 18:06:00,2025-03-21 17:55:00,465.2,477.61,12.41,2.67,58.0,47.82
430,T-100439,TXN9432353,20250319,20250320.0,4,RESOLVED,2025-03-19 18:49:00,2025-03-20 07:56:00,594.38,595.25,0.87,0.15,62.6,13.12
431,T-100449,TXN5465093,20250319,20250320.0,5,RESOLVED,2025-03-19 18:54:00,2025-03-20 20:55:35,144.7,150.76,6.06,4.19,55.3,26.03
432,T-100422,TXN6415600,20250319,20250320.0,1,RESOLVED,2025-03-19 18:55:00,2025-03-20 04:28:00,119.28,119.69,0.41,0.34,19.7,9.55
433,T-100482,TXN9346513,20250320,20250320.0,5,RESOLVED,2025-03-20 07:41:00,2025-03-20 20:15:00,174.37,174.65,0.28,0.16,34.6,12.57
434,T-100487,TXN7742644,20250320,20250320.0,5,RESOLVED,2025-03-20 07:53:00,2025-03-20 18:04:00,494.0,478.05,-15.95,-3.23,157.0,10.18
435,T-100488,TXN9018880,20250320,20250321.0,5,RESOLVED,2025-03-20 07:59:00,2025-03-21 23:04:00,402.9,410.21,7.31,1.81,161.4,39.08
436,T-100470,TXN8327901,20250320,,2,OPEN,2025-03-20 09:19:00,,206.02,196.15,-9.87,-4.79,45.9,
437,T-100490,TXN5413560,20250320,20250322.0,5,RESOLVED,2025-03-20 09:25:00,2025-03-22 05:35:34,286.33,272.21,-14.12,-4.93,126.4,44.18
438,T-100485,TXN1241934,20250320,20250326.0,5,RESOLVED,2025-03-20 09:25:00,2025-03-26 12:35:00,1203.82,1202.87,-0.95,-0.08,414.8,147.17
439,T-100497,TXN4915606,20250320,20250322.0,6,RESOLVED,2025-03-20 09:28:00,2025-03-22 06:38:10,563.13,554.32,-8.81,-1.56,203.7,45.17
440,T-100483,TXN4849423,20250320,20250321.0,5,RESOLVED,2025-03-20 09:40:00,2025-03-21 20:34:00,931.49,920.15,-11.34,-1.22,215.7,34.9
441,T-100469,TXN6053884,20250320,20250321.0,2,RESOLVED,2025-03-20 09:53:00,2025-03-21 09:03:00,695.82,557.39,-138.43,-19.89,122.7,23.17
442,T-100466,TXN4979698,20250320,20250321.0,1,RESOLVED,2025-03-20 11:10:00,2025-03-21 16:17:11,343.95,341.17,-2.78,-0.81,35.7,29.12
443,T-100476,TXN9353307,20250320,20250321.0,3,RESOLVED,2025-03-20 11:27:00,2025-03-21 07:02:44,1230.29,1239.47,9.18,0.75,221.2,19.6
444,T-100481,TXN1282519,20250320,20250322.0,4,RESOLVED,2025-03-20 11:31:00,2025-03-22 06:09:00,599.33,755.62,156.29,26.08,64.3,42.63
445,T-100468,TXN5445298,20250320,20250321.0,1,RESOLVED,2025-03-20 12:21:00,2025-03-21 20:46:36,2293.1,2316.23,23.13,1.01,397.1,32.43
446,T-100491,TXN8529102,20250320,20250322.0,5,RESOLVED,2025-03-20 12:37:00,2025-03-22 02:59:50,230.5,230.52,0.02,0.01,98.5,38.38
447,T-100480,TXN3720228,20250320,20250320.0,3,RESOLVED,2025-03-20 13:23:00,2025-03-20 19:29:00,1613.12,1609.69,-3.43,-0.21,449.7,6.1
448,T-100477,TXN3030411,20250320,20250321.0,3,RESOLVED,2025-03-20 13:41:00,2025-03-21 03:31:00,696.62,711.68,15.06,2.16,115.5,13.83
449,T-100493,TXN1346267,20250320,20250322.0,5,RESOLVED,2025-03-20 13:42:00,2025-03-22 05:33:00,428.11,444.64,16.53,3.86,91.9,39.85
450,T-100486,TXN3507045,20250320,20250323.0,5,RESOLVED,2025-03-20 13:57:00,2025-03-23 15:28:00,776.62,770.69,-5.93,-0.76,152.2,73.52
451,T-100479,TXN7361322,20250320,20250320.0,3,RESOLVED,2025-03-20 14:36:00,2025-03-20 20:23:00,499.17,487.54,-11.63,-2.33,117.1,5.78
452,T-100471,TXN1303553,20250320,,2,IN_PROGRESS,2025-03-20 15:32:00,,588.02,598.48,10.46,1.78,122.0,
453,T-100478,TXN4901442,20250320,20250321.0,3,RESOLVED,2025-03-20 15:49:00,2025-03-21 04:56:00,135.12,143.61,8.49,6.28,21.8,13.12
454,T-100474,TXN3791227,20250320,20250322.0,2,RESOLVED,2025-03-20 17:10:00,2025-03-22 16:20:00,347.7,345.93,-1.77,-0.51,72.2,47.17
455,T-100492,TXN2483527,20250320,20250321.0,5,RESOLVED,2025-03-20 17:15:00,2025-03-21 16:13:00,399.95,413.95,14.0,3.5,155.2,22.97
456,T-100467,TXN3836939,20250320,20250322.0,1,RESOLVED,2025-03-20 17:21:00,2025-03-22 06:22:15,566.12,547.13,-18.99,-3.35,83.4,37.02
457,T-100484,TXN5382146,20250320,20250323.0,5,RESOLVED,2025-03-20 17:28:00,2025-03-23 00:13:00,104.05,101.82,-2.23,-2.14,35.8,54.75
458,T-100494,TXN2299127,20250320,20250322.0,5,RESOLVED,2025-03-20 17:29:00,2025-03-22 22:36:00,839.48,842.87,3.39,0.4,184.4,53.12
459,T-100496,TXN3789305,20250320,20250322.0,6,RESOLVED,2025-03-20 17:53:00,2025-03-22 10:58:00,727.27,658.62,-68.65,-9.44,178.5,41.08
460,T-100495,TXN8671145,20250320,20250322.0,5,RESOLVED,2025-03-20 18:00:00,2025-03-22 23:48:00,566.43,566.84,0.41,0.07,173.2,53.8
461,T-100519,TXN2672796,20250321,20250322.0,5,RESOLVED,2025-03-21 07:01:00,2025-03-22 04:04:38,306.84,291.93,-14.91,-4.86,90.4,21.06
462,T-100515,TXN2767875,20250321,20250321.0,5,RESOLVED,2025-03-21 07:54:00,2025-03-21 19:15:00,768.66,895.88,127.22,16.55,211.9,11.35
463,T-100507,TXN5020525,20250321,20250321.0,3,RESOLVED,2025-03-21 08:19:00,2025-03-21 15:28:00,260.28,265.65,5.37,2.06,71.4,7.15
464,T-100513,TXN5233761,20250321,20250322.0,5,RESOLVED,2025-03-21 08:24:00,2025-03-22 06:13:00,581.65,573.61,-8.04,-1.38,199.3,21.82
465,T-100510,TXN3169608,20250321,20250322.0,3,RESOLVED,2025-03-21 08:30:00,2025-03-22 01:03:47,329.03,334.74,5.71,1.74,51.7,16.56
466,T-100503,TXN1529341,20250321,20250322.0,2,RESOLVED,2025-03-21 10:07:00,2025-03-22 22:17:00,298.03,272.93,-25.1,-8.42,36.3,36.17
467,T-100505,TXN4336313,20250321,20250321.0,3,RESOLVED,2025-03-21 10:18:00,2025-03-21 18:08:56,883.71,939.49,55.78,6.31,227.3,7.85
468,T-100502,TXN2717857,20250321,,2,IN_PROGRESS,2025-03-21 10:21:00,,178.9,180.74,1.84,1.03,20.0,
469,T-100498,TXN9452530,20250321,20250322.0,1,RESOLVED,2025-03-21 12:04:00,2025-03-22 12:58:00,451.76,448.87,-2.89,-0.64,71.4,24.9
470,T-100521,TXN9060829,20250321,20250323.0,6,RESOLVED,2025-03-21 12:07:00,2025-03-23 23:01:00,550.07,565.57,15.5,2.82,229.0,58.9
471,T-100516,TXN9401249,20250321,20250322.0,5,RESOLVED,2025-03-21 12:30:00,2025-03-22 05:30:00,163.0,169.79,6.79,4.17,60.8,17.0
472,T-100508,TXN9050730,20250321,20250322.0,3,RESOLVED,2025-03-21 14:04:00,2025-03-22 08:22:00,330.25,326.97,-3.28,-0.99,89.6,18.3
473,T-100504,TXN9440363,20250321,20250322.0,3,RESOLVED,2025-03-21 14:13:00,2025-03-22 10:58:00,336.83,330.23,-6.6,-1.96,81.0,20.75
474,T-100501,TXN3429560,20250321,20250322.0,2,RESOLVED,2025-03-21 14:25:00,2025-03-22 08:16:00,171.84,176.31,4.47,2.6,33.5,17.85
475,T-100520,TXN4273275,20250321,20250322.0,6,RESOLVED,2025-03-21 14:39:00,2025-03-22 23:53:00,854.16,877.61,23.45,2.75,237.1,33.23
476,T-100500,TXN6020691,20250321,20250322.0,1,RESOLVED,2025-03-21 14:58:00,2025-03-22 05:46:00,397.73,404.62,6.89,1.73,38.1,14.8
477,T-100523,TXN5722682,20250321,20250322.0,6,RESOLVED,2025-03-21 15:08:00,2025-03-22 08:39:00,144.11,142.82,-1.29,-0.9,58.9,17.52
478,T-100522,TXN6360443,20250321,20250324.0,6,RESOLVED,2025-03-21 16:02:00,2025-03-24 01:17:39,844.12,835.27,-8.85,-1.05,332.7,57.26
479,T-100518,TXN1942422,20250321,20250324.0,5,RESOLVED,2025-03-21 17:00:00,2025-03-24 21:21:13,454.03,473.13,19.1,4.21,196.3,76.35
480,T-100506,TXN4077116,20250321,20250323.0,3,RESOLVED,2025-03-21 17:19:00,2025-03-23 07:06:27,224.82,222.53,-2.29,-1.02,49.2,37.79
481,T-100511,TXN5961020,20250321,20250322.0,4,RESOLVED,2025-03-21 17:54:00,2025-03-22 07:05:18,404.51,396.96,-7.55,-1.87,54.5,13.19
482,T-100509,TXN1125342,20250321,20250322.0,3,RESOLVED,2025-03-21 18:06:00,2025-03-22 08:48:00,482.42,348.53,-133.89,-27.75,99.4,14.7
483,T-100517,TXN8221526,20250321,,5,IN_PROGRESS,2025-03-21 18:32:00,,645.91,629.26,-16.65,-2.58,134.8,
484,T-100530,TXN9468982,20250324,20250325.0,2,RESOLVED,2025-03-24 07:02:00,2025-03-25 21:51:03,193.47,191.48,-1.99,-1.03,32.6,38.82
485,T-100544,TXN7032974,20250324,20250325.0,5,RESOLVED,2025-03-24 07:04:00,2025-03-25 22:14:17,203.87,200.76,-3.11,-1.53,81.5,39.17
486,T-100533,TXN9489372,20250324,20250325.0,2,RESOLVED,2025-03-24 07:05:00,2025-03-25 01:07:56,426.26,410.17,-16.09,-3.77,58.9,18.05
487,T-100549,TXN5118020,20250324,20250325.0,5,RESOLVED,2025-03-24 07:55:00,2025-03-25 05:46:11,94.1,95.75,1.65,1.75,37.0,21.85
488,T-100526,TXN2036758,20250324,,1,IN_PROGRESS,2025-03-24 09:25:00,,172.66,173.54,0.88,0.51,16.4,
489,T-100550,TXN3590416,20250324,20250325.0,5,RESOLVED,2025-03-24 09:26:00,2025-03-25 05:49:49,680.29,692.97,12.68,1.86,271.7,20.4
490,T-100539,TXN8508917,20250324,20250324.0,3,RESOLVED,2025-03-24 09:55:00,2025-03-24 23:34:00,748.26,733.17,-15.09,-2.02,94.4,13.65
491,T-100553,TXN4229688,20250324,20250326.0,6,RESOLVED,2025-03-24 10:02:00,2025-03-26 05:20:00,544.3,539.55,-4.75,-0.87,179.6,43.3
492,T-100525,TXN6769112,20250324,20250325.0,1,RESOLVED,2025-03-24 11:21:00,2025-03-25 00:30:18,399.04,393.43,-5.61,-1.41,71.3,13.16
493,T-100548,TXN3982037,20250324,20250326.0,5,RESOLVED,2025-03-24 12:00:00,2025-03-26 01:33:00,536.78,524.99,-11.79,-2.2,203.2,37.55
494,T-100547,TXN6778441,20250324,20250325.0,5,RESOLVED,2025-03-24 12:11:00,2025-03-25 13:07:05,302.09,302.53,0.44,0.15,82.9,24.93
495,T-100529,TXN8156988,20250324,20250325.0,2,RESOLVED,2025-03-24 12:37:00,2025-03-25 05:09:00,1359.14,1349.3,-9.84,-0.72,221.6,16.53
496,T-100551,TXN7845737,20250324,20250325.0,6,RESOLVED,2025-03-24 12:53:00,2025-03-25 16:23:00,361.37,357.56,-3.81,-1.05,123.2,27.5
497,T-100538,TXN6509714,20250324,20250325.0,3,RESOLVED,2025-03-24 13:34:00,2025-03-25 08:06:58,1359.68,1301.99,-57.69,-4.24,235.0,18.55
498,T-100546,TXN1746608,20250324,20250327.0,5,RESOLVED,2025-03-24 14:27:00,2025-03-27 08:51:13,559.29,563.89,4.6,0.82,181.8,66.4
499,T-100532,TXN5921309,20250324,20250325.0,2,RESOLVED,2025-03-24 14:35:00,2025-03-25 04:16:06,475.56,346.01,-129.55,-27.24,67.5,13.68
500,T-100554,TXN2084693,20250324,20250326.0,6,RESOLVED,2025-03-24 14:55:00,2025-03-26 05:27:00,174.9,173.0,-1.9,-1.09,68.8,38.53
501,T-100555,TXN7352936,20250324,20250327.0,6,RESOLVED,2025-03-24 15:39:00,2025-03-27 07:50:00,577.96,582.87,4.91,0.85,214.6,64.18
502,T-100545,TXN3270735,20250324,20250327.0,5,RESOLVED,2025-03-24 15:46:00,2025-03-27 16:39:00,233.39,237.12,3.73,1.6,100.5,72.88
503,T-100527,TXN8165477,20250324,20250325.0,1,RESOLVED,2025-03-24 15:51:00,2025-03-25 05:57:00,1079.62,1079.83,0.21,0.02,103.4,14.1
504,T-100528,TXN8438529,20250324,20250325.0,1,RESOLVED,2025-03-24 16:28:00,2025-03-25 12:19:00,1072.94,1039.98,-32.96,-3.07,175.1,19.85
505,T-100543,TXN4555519,20250324,20250326.0,5,RESOLVED,2025-03-24 16:34:00,2025-03-26 18:32:00,1802.57,1837.46,34.89,1.94,638.1,49.97
506,T-100535,TXN2728048,20250324,20250326.0,2,RESOLVED,2025-03-24 16:38:00,2025-03-26 11:20:00,350.33,355.62,5.29,1.51,59.1,42.7
507,T-100537,TXN4065689,20250324,20250325.0,3,RESOLVED,2025-03-24 16:50:00,2025-03-25 16:27:38,4424.46,4484.81,60.35,1.36,1161.9,23.63
508,T-100531,TXN8329780,20250324,20250325.0,2,RESOLVED,2025-03-24 16:58:00,2025-03-25 09:04:21,499.76,498.82,-0.94,-0.19,53.3,16.11
509,T-100524,TXN6715255,20250324,20250326.0,1,RESOLVED,2025-03-24 17:12:00,2025-03-26 00:42:36,236.9,236.93,0.03,0.01,24.2,31.51
510,T-100552,TXN9276364,20250324,20250326.0,6,RESOLVED,2025-03-24 17:25:00,2025-03-26 04:37:51,482.19,477.6,-4.59,-0.95,115.9,35.21
511,T-100540,TXN9257110,20250324,20250324.0,4,RESOLVED,2025-03-24 17:35:00,2025-03-24 23:35:00,116.61,117.37,0.76,0.65,11.1,6.0
512,T-100542,TXN7836774,20250324,20250325.0,4,RESOLVED,2025-03-24 18:17:00,2025-03-25 04:38:00,284.51,277.71,-6.8,-2.39,53.7,10.35
513,T-100568,TXN8940645,20250325,20250325.0,4,RESOLVED,2025-03-25 07:10:00,2025-03-25 18:09:05,463.04,331.39,-131.65,-28.43,48.1,10.98
514,T-100570,TXN8958287,20250325,20250325.0,4,RESOLVED,2025-03-25 07:53:00,2025-03-25 20:15:00,155.74,149.07,-6.67,-4.28,26.4,12.37
515,T-100571,TXN2242644,20250325,20250325.0,4,RESOLVED,2025-03-25 08:00:00,2025-03-25 16:58:00,1060.39,1027.05,-33.34,-3.14,123.2,8.97
516,T-100560,TXN2207640,20250325,20250329.0,2,RESOLVED,2025-03-25 08:11:00,2025-03-29 03:53:00,254.56,256.19,1.63,0.64,48.6,91.7
517,T-100581,TXN9576374,20250325,,5,IN_PROGRESS,2025-03-25 08:20:00,,373.38,372.2,-1.18,-0.32,162.0,
518,T-100575,TXN2491716,20250325,20250326.0,5,RESOLVED,2025-03-25 09:33:00,2025-03-26 07:00:00,685.14,726.77,41.63,6.08,184.1,21.45
519,T-100574,TXN8150444,20250325,20250327.0,5,RESOLVED,2025-03-25 09:43:00,2025-03-27 00:48:03,619.97,604.86,-15.11,-2.44,186.7,39.08
520,T-100559,TXN4004779,20250325,20250326.0,2,RESOLVED,2025-03-25 09:48:00,2025-03-26 17:33:00,212.17,215.03,2.86,1.35,40.6,31.75
521,T-100558,TXN3230904,20250325,20250326.0,2,RESOLVED,2025-03-25 09:50:00,2025-03-26 03:27:35,90.86,93.21,2.35,2.59,16.8,17.63
522,T-100567,TXN9134342,20250325,20250325.0,3,RESOLVED,2025-03-25 10:11:00,2025-03-25 16:02:00,329.07,336.76,7.69,2.34,82.6,5.85
523,T-100579,TXN5648694,20250325,20250326.0,5,RESOLVED,2025-03-25 10:40:00,2025-03-26 12:22:00,596.8,601.97,5.17,0.87,163.6,25.7
524,T-100576,TXN9498690,20250325,20250327.0,5,RESOLVED,2025-03-25 12:02:00,2025-03-27 05:01:00,262.44,264.88,2.44,0.93,68.8,40.98
525,T-100582,TXN3851906,20250325,20250328.0,6,RESOLVED,2025-03-25 12:05:00,2025-03-28 13:10:00,394.56,391.85,-2.71,-0.69,85.3,73.08
526,T-100578,TXN1344962,20250325,20250326.0,5,RESOLVED,2025-03-25 12:28:00,2025-03-26 13:33:00,412.37,431.22,18.85,4.57,151.0,25.08
527,T-100556,TXN6464159,20250325,20250327.0,1,RESOLVED,2025-03-25 12:36:00,2025-03-27 01:34:00,1329.85,1279.49,-50.36,-3.79,155.4,36.97
528,T-100563,TXN1682872,20250325,20250326.0,3,RESOLVED,2025-03-25 13:42:00,2025-03-26 07:29:44,202.39,201.01,-1.38,-0.68,56.6,17.8
529,T-100573,TXN9988885,20250325,20250325.0,4,RESOLVED,2025-03-25 13:44:00,2025-03-25 23:00:00,2108.8,2056.58,-52.22,-2.48,250.8,9.27
530,T-100572,TXN8661452,20250325,20250326.0,4,RESOLVED,2025-03-25 14:07:00,2025-03-26 11:43:00,1373.46,1358.44,-15.02,-1.09,222.5,21.6
531,T-100557,TXN5429884,20250325,20250326.0,1,RESOLVED,2025-03-25 14:11:00,2025-03-26 02:44:00,461.28,467.19,5.91,1.28,39.0,12.55
532,T-100565,TXN7720346,20250325,20250326.0,3,RESOLVED,2025-03-25 15:10:00,2025-03-26 03:23:00,156.12,155.83,-0.29,-0.19,22.6,12.22
533,T-100577,TXN9050978,20250325,20250326.0,5,RESOLVED,2025-03-25 16:14:00,2025-03-26 10:16:01,629.77,627.97,-1.8,-0.29,204.6,18.03
534,T-100566,TXN2408281,20250325,,3,IN_PROGRESS,2025-03-25 17:25:00,,254.02,243.75,-10.27,-4.04,43.4,
535,T-100580,TXN8460212,20250325,20250327.0,5,RESOLVED,2025-03-25 17:37:00,2025-03-27 07:30:03,523.44,524.06,0.62,0.12,120.9,37.88
536,T-100564,TXN8715506,20250325,20250326.0,3,RESOLVED,2025-03-25 17:48:00,2025-03-26 01:39:00,134.76,131.04,-3.72,-2.76,22.6,7.85
537,T-100562,TXN4361760,20250325,20250326.0,3,RESOLVED,2025-03-25 17:50:00,2025-03-26 03:14:00,465.2,355.84,-109.36,-23.51,82.1,9.4
538,T-100561,TXN4203736,20250325,20250329.0,2,RESOLVED,2025-03-25 18:55:00,2025-03-29 10:19:06,440.24,430.21,-10.03,-2.28,66.3,87.4
539,T-100590,TXN6691964,20250326,20250327.0,3,RESOLVED,2025-03-26 07:24:00,2025-03-27 01:42:58,371.8,368.43,-3.37,-0.91,44.9,18.32
540,T-100596,TXN1306798,20250326,20250327.0,5,RESOLVED,2025-03-26 07:41:00,2025-03-27 08:05:00,412.31,413.65,1.34,0.32,175.0,24.4
541,T-100598,TXN3433082,20250326,20250328.0,5,RESOLVED,2025-03-26 08:59:00,2025-03-28 05:00:00,625.54,619.71,-5.83,-0.93,274.1,44.02
542,T-100593,TXN2795708,20250326,20250326.0,3,RESOLVED,2025-03-26 09:22:00,2025-03-26 23:24:22,211.99,221.19,9.2,4.34,33.1,14.04
543,T-100600,TXN1151049,20250326,,5,IN_PROGRESS,2025-03-26 09:35:00,,1001.58,1001.98,0.4,0.04,378.2,
544,T-100601,TXN7986945,20250326,20250327.0,6,RESOLVED,2025-03-26 10:38:00,2025-03-27 13:15:30,597.16,613.45,16.29,2.73,194.4,26.62
545,T-100594,TXN7545445,20250326,20250326.0,4,RESOLVED,2025-03-26 11:42:00,2025-03-26 21:59:00,1149.09,853.49,-295.6,-25.72,233.2,10.28
546,T-100599,TXN3407996,20250326,20250330.0,5,RESOLVED,2025-03-26 12:05:00,2025-03-30 08:36:13,301.32,301.16,-0.16,-0.05,115.1,92.52
547,T-100588,TXN3018995,20250326,20250327.0,2,RESOLVED,2025-03-26 12:42:00,2025-03-27 02:59:37,66.33,66.08,-0.25,-0.38,9.1,14.29
548,T-100586,TXN3566026,20250326,20250328.0,2,RESOLVED,2025-03-26 13:21:00,2025-03-28 01:37:57,481.62,441.68,-39.94,-8.29,89.8,36.28
549,T-100587,TXN3299005,20250326,20250327.0,2,RESOLVED,2025-03-26 13:41:00,2025-03-27 05:42:00,667.38,501.93,-165.45,-24.79,126.6,16.02
550,T-100584,TXN9196421,20250326,20250327.0,1,RESOLVED,2025-03-26 14:39:00,2025-03-27 09:18:30,604.54,612.93,8.39,1.39,116.6,18.66
551,T-100589,TXN5301346,20250326,20250328.0,3,RESOLVED,2025-03-26 14:53:00,2025-03-28 02:21:00,142.5,144.78,2.28,1.6,38.7,35.47
552,T-100595,TXN4264734,20250326,20250327.0,5,RESOLVED,2025-03-26 14:54:00,2025-03-27 11:12:00,165.22,166.95,1.73,1.05,55.7,20.3
553,T-100592,TXN5766849,20250326,20250327.0,3,RESOLVED,2025-03-26 15:13:00,2025-03-27 17:05:16,1429.53,1427.44,-2.09,-0.15,286.1,25.87
554,T-100585,TXN9510848,20250326,20250327.0,1,RESOLVED,2025-03-26 16:59:00,2025-03-27 00:44:00,346.34,335.56,-10.78,-3.11,66.0,7.75
555,T-100591,TXN9183808,20250326,20250327.0,3,RESOLVED,2025-03-26 17:30:00,2025-03-27 03:22:00,335.84,334.61,-1.23,-0.37,61.9,9.87
556,T-100625,TXN9004163,20250327,20250329.0,5,RESOLVED,2025-03-27 07:16:00,2025-03-29 02:14:00,487.72,497.53,9.81,2.01,99.6,42.97
557,T-100630,TXN5764029,20250327,20250327.0,5,RESOLVED,2025-03-27 08:17:00,2025-03-27 19:07:00,151.85,151.54,-0.31,-0.2,29.9,10.83
558,T-100605,TXN8890349,20250327,20250327.0,1,RESOLVED,2025-03-27 08:26:00,2025-03-27 19:04:22,68.77,70.4,1.63,2.37,9.7,10.64
559,T-100618,TXN6038139,20250327,20250327.0,3,RESOLVED,2025-03-27 08:29:00,2025-03-27 19:37:00,371.08,366.58,-4.5,-1.21,79.6,11.13
560,T-100606,TXN7252301,20250327,20250328.0,1,RESOLVED,2025-03-27 08:34:00,2025-03-28 17:28:00,1029.04,1042.77,13.73,1.33,201.1,32.9
561,T-100610,TXN4878173,20250327,20250328.0,2,RESOLVED,2025-03-27 09:40:00,2025-03-28 15:23:39,190.51,190.18,-0.33,-0.17,19.1,29.73
562,T-100614,TXN1431552,20250327,20250328.0,2,RESOLVED,2025-03-27 09:44:00,2025-03-28 16:20:07,1041.81,1039.44,-2.37,-0.23,186.1,30.6
563,T-100604,TXN9779539,20250327,20250328.0,1,RESOLVED,2025-03-27 09:46:00,2025-03-28 01:32:00,152.59,152.0,-0.59,-0.39,12.8,15.77
564,T-100609,TXN8210959,20250327,20250328.0,1,RESOLVED,2025-03-27 10:23:00,2025-03-28 03:48:00,129.57,130.19,0.62,0.48,12.9,17.42
565,T-100632,TXN4436734,20250327,20250329.0,6,RESOLVED,2025-03-27 10:30:00,2025-03-29 07:28:00,687.01,650.6,-36.41,-5.3,284.2,44.97
566,T-100626,TXN4172661,20250327,20250329.0,5,RESOLVED,2025-03-27 11:36:00,2025-03-29 01:58:00,1291.21,1273.14,-18.07,-1.4,445.0,38.37
567,T-100622,TXN6476943,20250327,20250329.0,4,RESOLVED,2025-03-27 11:39:00,2025-03-29 02:08:12,497.37,493.78,-3.59,-0.72,75.7,38.49
568,T-100603,TXN2206864,20250327,20250328.0,1,RESOLVED,2025-03-27 12:23:00,2025-03-28 14:46:30,394.25,394.06,-0.19,-0.05,42.7,26.39
569,T-100620,TXN6106633,20250327,20250328.0,4,RESOLVED,2025-03-27 12:24:00,2025-03-28 03:50:59,396.48,395.88,-0.6,-0.15,56.0,15.45
570,T-100616,TXN6612101,20250327,20250328.0,3,RESOLVED,2025-03-27 12:59:00,2025-03-28 06:24:00,427.76,424.88,-2.88,-0.67,101.0,17.42
571,T-100613,TXN7306754,20250327,20250328.0,2,RESOLVED,2025-03-27 13:14:00,2025-03-28 15:01:00,256.87,250.8,-6.07,-2.36,42.8,25.78
572,T-100619,TXN9902412,20250327,20250329.0,3,RESOLVED,2025-03-27 13:22:00,2025-03-29 01:12:00,3827.62,3827.19,-0.43,-0.01,641.5,35.83
573,T-100624,TXN3381061,20250327,20250328.0,5,RESOLVED,2025-03-27 14:12:00,2025-03-28 08:52:00,256.19,254.87,-1.32,-0.52,111.1,18.67
574,T-100627,TXN4097664,20250327,,5,IN_PROGRESS,2025-03-27 14:22:00,,95.0,95.97,0.97,1.02,28.9,
575,T-100629,TXN4168121,20250327,20250329.0,5,RESOLVED,2025-03-27 14:31:00,2025-03-29 06:11:00,425.68,429.44,3.76,0.88,111.3,39.67
576,T-100631,TXN6452451,20250327,20250328.0,5,RESOLVED,2025-03-27 14:36:00,2025-03-28 11:09:47,403.14,394.41,-8.73,-2.17,173.3,20.56
577,T-100611,TXN3424327,20250327,20250328.0,2,RESOLVED,2025-03-27 15:00:00,2025-03-28 04:42:00,178.27,180.36,2.09,1.17,33.8,13.7
578,T-100617,TXN7243348,20250327,20250328.0,3,RESOLVED,2025-03-27 16:41:00,2025-03-28 05:05:21,889.08,869.45,-19.63,-2.21,115.8,12.41
579,T-100602,TXN6755958,20250327,20250328.0,1,RESOLVED,2025-03-27 16:47:00,2025-03-28 19:25:16,186.15,188.35,2.2,1.18,17.5,26.64
580,T-100608,TXN4812505,20250327,20250329.0,1,RESOLVED,2025-03-27 17:50:00,2025-03-29 04:14:00,1041.29,1066.88,25.59,2.46,99.4,34.4
581,T-100623,TXN4524216,20250327,,4,IN_PROGRESS,2025-03-27 18:26:00,,587.05,586.5,-0.55,-0.09,82.6,
582,T-100607,TXN8197664,20250327,20250328.0,1,RESOLVED,2025-03-27 18:58:00,2025-03-28 04:18:01,1475.99,1532.66,56.67,3.84,200.0,9.33
583,T-100615,TXN1052107,20250327,20250328.0,2,RESOLVED,2025-03-27 18:59:00,2025-03-28 12:16:02,290.29,291.01,0.72,0.25,35.1,17.28
584,T-100636,TXN6207138,20250328,20250329.0,1,RESOLVED,2025-03-28 10:11:00,2025-03-29 08:57:00,752.81,742.75,-10.06,-1.34,82.4,22.77
585,T-100637,TXN1794139,20250328,20250329.0,1,RESOLVED,2025-03-28 10:16:00,2025-03-29 00:38:00,1301.73,1286.71,-15.02,-1.15,166.9,14.37
586,T-100635,TXN8602818,20250328,20250329.0,1,RESOLVED,2025-03-28 10:52:00,2025-03-29 12:16:00,381.77,459.38,77.61,20.33,55.4,25.4
587,T-100658,TXN1534824,20250328,20250330.0,5,RESOLVED,2025-03-28 10:57:00,2025-03-30 01:09:07,983.38,986.77,3.39,0.34,359.5,38.2
588,T-100639,TXN2718398,20250328,20250329.0,2,RESOLVED,2025-03-28 10:57:00,2025-03-29 00:26:51,198.27,148.91,-49.36,-24.9,42.4,13.5
589,T-100661,TXN7874073,20250328,20250329.0,5,RESOLVED,2025-03-28 11:33:00,2025-03-29 02:39:51,156.16,159.37,3.21,2.06,54.5,15.11
590,T-100646,TXN6114432,20250328,20250328.0,3,RESOLVED,2025-03-28 12:04:00,2025-03-28 20:40:00,607.48,713.0,105.52,17.37,109.2,8.6
591,T-100640,TXN6223682,20250328,20250329.0,2,RESOLVED,2025-03-28 12:22:00,2025-03-29 05:28:00,522.91,527.73,4.82,0.92,116.1,17.1
592,T-100652,TXN1014664,20250328,20250329.0,3,RESOLVED,2025-03-28 12:23:00,2025-03-29 10:36:00,183.1,178.34,-4.76,-2.6,36.3,22.22
593,T-100644,TXN8268210,20250328,20250329.0,3,RESOLVED,2025-03-28 12:30:00,2025-03-29 00:06:43,559.61,561.25,1.64,0.29,147.3,11.61
594,T-100660,TXN4578881,20250328,20250330.0,5,RESOLVED,2025-03-28 13:16:00,2025-03-30 07:07:19,101.68,102.59,0.91,0.89,20.0,41.86
595,T-100659,TXN4481219,20250328,20250330.0,5,RESOLVED,2025-03-28 13:26:00,2025-03-30 19:36:00,1171.94,1194.05,22.11,1.89,265.4,54.17
596,T-100648,TXN1163286,20250328,20250329.0,3,RESOLVED,2025-03-28 13:28:00,2025-03-29 00:11:00,323.78,321.72,-2.06,-0.64,75.0,10.72
597,T-100663,TXN2966284,20250328,20250329.0,6,RESOLVED,2025-03-28 14:13:00,2025-03-29 13:13:00,1042.3,1032.25,-10.05,-0.96,312.5,23.0
598,T-100651,TXN6137329,20250328,20250329.0,3,RESOLVED,2025-03-28 14:17:00,2025-03-29 16:05:02,313.41,312.17,-1.24,-0.4,63.3,25.8
599,T-100650,TXN2388570,20250328,20250329.0,3,RESOLVED,2025-03-28 14:28:00,2025-03-29 04:52:20,580.71,585.94,5.23,0.9,140.3,14.41
600,T-100656,TXN1343761,20250328,20250329.0,4,RESOLVED,2025-03-28 14:57:00,2025-03-29 06:27:00,158.39,157.11,-1.28,-0.81,27.9,15.5
601,T-100634,TXN8072198,20250328,20250329.0,1,RESOLVED,2025-03-28 14:57:00,2025-03-29 02:36:19,662.09,680.0,17.91,2.71,116.3,11.66
602,T-100642,TXN6155328,20250328,20250330.0,2,RESOLVED,2025-03-28 15:11:00,2025-03-30 21:07:00,191.73,194.51,2.78,1.45,23.7,53.93
603,T-100657,TXN8229900,20250328,20250329.0,4,RESOLVED,2025-03-28 16:35:00,2025-03-29 00:41:00,535.85,534.36,-1.49,-0.28,68.5,8.1
604,T-100647,TXN1863931,20250328,20250329.0,3,RESOLVED,2025-03-28 16:40:00,2025-03-29 01:10:00,192.97,137.18,-55.79,-28.91,32.9,8.5
605,T-100654,TXN4663579,20250328,20250329.0,4,RESOLVED,2025-03-28 16:53:00,2025-03-29 18:14:00,862.16,856.28,-5.88,-0.68,94.4,25.35
606,T-100643,TXN8789494,20250328,20250329.0,2,RESOLVED,2025-03-28 17:21:00,2025-03-29 21:19:52,264.62,279.03,14.41,5.45,58.4,27.98
607,T-100655,TXN3291827,20250328,20250329.0,4,RESOLVED,2025-03-28 17:27:00,2025-03-29 04:32:00,165.69,181.3,15.61,9.42,28.6,11.08
608,T-100641,TXN5575209,20250328,20250329.0,2,RESOLVED,2025-03-28 17:50:00,2025-03-29 18:06:09,662.69,664.59,1.9,0.29,95.9,24.27
609,T-100638,TXN5292208,20250328,20250329.0,1,RESOLVED,2025-03-28 18:04:00,2025-03-29 13:10:12,201.06,205.67,4.61,2.29,37.9,19.1
610,T-100653,TXN3822905,20250328,20250329.0,4,RESOLVED,2025-03-28 18:05:00,2025-03-29 00:39:28,818.35,821.56,3.21,0.39,165.4,6.57
611,T-100649,TXN8395539,20250328,20250329.0,3,RESOLVED,2025-03-28 18:23:00,2025-03-29 10:30:04,924.33,876.68,-47.65,-5.16,241.4,16.12
612,T-100695,TXN3592721,20250331,20250403.0,6,RESOLVED,2025-03-31 07:39:00,2025-04-03 15:45:00,865.72,877.1,11.38,1.31,239.1,80.1
613,T-100666,TXN6290670,20250331,20250331.0,1,RESOLVED,2025-03-31 07:54:00,2025-03-31 18:19:19,1427.9,1439.61,11.71,0.82,142.5,10.42
614,T-100675,TXN9889184,20250331,20250401.0,3,RESOLVED,2025-03-31 08:15:00,2025-04-01 01:01:11,1093.3,1145.62,52.32,4.79,199.2,16.77
615,T-100664,TXN7058238,20250331,20250331.0,1,RESOLVED,2025-03-31 08:17:00,2025-03-31 20:05:00,433.4,434.0,0.6,0.14,73.7,11.8
616,T-100671,TXN4232895,20250331,20250403.0,2,RESOLVED,2025-03-31 08:23:00,2025-04-03 22:07:44,418.41,424.55,6.14,1.47,47.4,85.75
617,T-100687,TXN6504483,20250331,20250401.0,5,RESOLVED,2025-03-31 08:25:00,2025-04-01 12:55:00,1892.66,1892.65,-0.01,-0.0,663.7,28.5
618,T-100667,TXN7896429,20250331,20250401.0,1,RESOLVED,2025-03-31 08:44:00,2025-04-01 10:21:00,313.48,366.04,52.56,16.77,40.2,25.62
619,T-100669,TXN4900962,20250331,20250401.0,2,RESOLVED,2025-03-31 09:09:00,2025-04-01 03:21:27,644.53,640.08,-4.45,-0.69,106.1,18.21
620,T-100691,TXN1825892,20250331,20250401.0,5,RESOLVED,2025-03-31 09:38:00,2025-04-01 01:17:00,125.24,124.25,-0.99,-0.79,24.7,15.65
621,T-100686,TXN3408294,20250331,20250331.0,5,RESOLVED,2025-03-31 09:39:00,2025-03-31 19:22:25,588.24,572.44,-15.8,-2.69,124.1,9.72
622,T-100689,TXN1200064,20250331,20250403.0,5,RESOLVED,2025-03-31 09:41:00,2025-04-03 20:34:18,311.31,340.65,29.34,9.42,99.0,82.89
623,T-100670,TXN1166407,20250331,20250402.0,2,RESOLVED,2025-03-31 10:07:00,2025-04-02 04:40:00,170.51,167.83,-2.68,-1.57,24.9,42.55
624,T-100674,TXN2942974,20250331,20250331.0,3,RESOLVED,2025-03-31 10:24:00,2025-03-31 21:58:00,93.27,96.02,2.75,2.95,24.1,11.57
625,T-100684,TXN4117298,20250331,20250331.0,5,RESOLVED,2025-03-31 10:29:00,2025-03-31 20:36:00,325.08,318.57,-6.51,-2.0,118.1,10.12
626,T-100677,TXN6538928,20250331,20250401.0,4,RESOLVED,2025-03-31 10:46:00,2025-04-01 01:26:00,398.86,391.75,-7.11,-1.78,66.6,14.67
627,T-100693,TXN9801764,20250331,20250401.0,6,RESOLVED,2025-03-31 11:00:00,2025-04-01 13:04:40,214.36,214.65,0.29,0.14,72.0,26.08
628,T-100683,TXN9766639,20250331,20250401.0,5,RESOLVED,2025-03-31 11:40:00,2025-04-01 01:15:57,1248.91,1249.51,0.6,0.05,519.7,13.6
629,T-100673,TXN3997701,20250331,20250331.0,3,RESOLVED,2025-03-31 12:04:00,2025-03-31 20:37:00,369.14,361.66,-7.48,-2.03,77.0,8.55
630,T-100685,TXN8320471,20250331,20250401.0,5,RESOLVED,2025-03-31 13:21:00,2025-04-01 00:34:02,344.83,354.11,9.28,2.69,150.3,11.22
631,T-100692,TXN9524396,20250331,20250406.0,6,RESOLVED,2025-03-31 13:49:00,2025-04-06 11:39:34,280.14,282.04,1.9,0.68,116.6,141.84
632,T-100679,TXN8784287,20250331,20250401.0,5,RESOLVED,2025-03-31 14:49:00,2025-04-01 22:59:29,167.31,170.83,3.52,2.1,48.3,32.17
633,T-100676,TXN9799025,20250331,20250401.0,4,RESOLVED,2025-03-31 14:57:00,2025-04-01 02:00:12,167.84,168.99,1.15,0.69,20.8,11.05
634,T-100690,TXN4413673,20250331,20250402.0,5,RESOLVED,2025-03-31 15:37:00,2025-04-02 06:22:00,360.89,368.04,7.15,1.98,101.5,38.75
635,T-100668,TXN2105489,20250331,20250401.0,2,RESOLVED,2025-03-31 15:55:00,2025-04-01 15:19:00,113.12,109.8,-3.32,-2.93,12.0,23.4
636,T-100681,TXN1034262,20250331,20250401.0,5,RESOLVED,2025-03-31 16:04:00,2025-04-01 08:51:00,554.61,558.61,4.0,0.72,167.1,16.78
637,T-100694,TXN3318443,20250331,20250404.0,6,RESOLVED,2025-03-31 16:05:00,2025-04-04 08:42:00,256.46,253.0,-3.46,-1.35,61.0,88.62
638,T-100678,TXN9073591,20250331,20250401.0,4,RESOLVED,2025-03-31 16:17:00,2025-04-01 08:49:00,362.57,359.25,-3.32,-0.92,75.1,16.53
639,T-100688,TXN8328619,20250331,20250402.0,5,RESOLVED,2025-03-31 16:22:00,2025-04-02 05:59:00,424.11,418.76,-5.35,-1.26,128.9,37.62
640,T-100672,TXN3191920,20250331,20250401.0,3,RESOLVED,2025-03-31 16:31:00,2025-04-01 13:41:00,722.21,715.94,-6.27,-0.87,94.5,21.17
641,T-100696,TXN6157508,20250331,20250402.0,6,RESOLVED,2025-03-31 17:35:00,2025-04-02 11:48:00,86.66,84.15,-2.51,-2.9,27.5,42.22
642,T-100680,TXN9262971,20250331,20250402.0,5,RESOLVED,2025-03-31 18:39:00,2025-04-02 04:49:29,576.26,553.84,-22.42,-3.89,145.1,34.17
643,T-100665,TXN4466084,20250331,20250402.0,1,RESOLVED,2025-03-31 18:45:00,2025-04-02 03:07:00,780.18,804.21,24.03,3.08,120.6,32.37
644,T-100721,TXN8830752,20250401,20250403.0,5,RESOLVED,2025-04-01 08:41:00,2025-04-03 19:01:00,685.11,694.56,9.45,1.38,206.2,58.33
645,T-100711,TXN8597183,20250401,20250401.0,4,RESOLVED,2025-04-01 09:04:00,2025-04-01 22:34:28,821.53,799.73,-21.8,-2.65,170.1,13.51
646,T-100697,TXN3697926,20250401,20250401.0,1,RESOLVED,2025-04-01 09:28:00,2025-04-01 17:58:00,818.05,816.4,-1.65,-0.2,108.8,8.5
647,T-100705,TXN5827202,20250401,20250401.0,2,RESOLVED,2025-04-01 09:54:00,2025-04-01 22:46:17,1214.09,1502.74,288.65,23.78,118.8,12.87
648,T-100717,TXN8913361,20250401,20250403.0,5,RESOLVED,2025-04-01 10:29:00,2025-04-03 03:19:00,609.71,622.21,12.5,2.05,123.0,40.83
649,T-100715,TXN7874726,20250401,20250402.0,5,RESOLVED,2025-04-01 10:45:00,2025-04-02 23:39:32,267.17,273.86,6.69,2.5,66.9,36.91
650,T-100698,TXN8694671,20250401,20250402.0,1,RESOLVED,2025-04-01 10:57:00,2025-04-02 21:11:00,325.79,327.03,1.24,0.38,47.3,34.23
651,T-100720,TXN8740136,20250401,20250401.0,5,RESOLVED,2025-04-01 11:07:00,2025-04-01 23:44:00,803.74,786.17,-17.57,-2.19,166.9,12.62
652,T-100724,TXN9577059,20250401,,5,IN_PROGRESS,2025-04-01 11:10:00,,713.62,693.04,-20.58,-2.88,187.3,
653,T-100709,TXN3931383,20250401,20250401.0,3,RESOLVED,2025-04-01 11:46:00,2025-04-01 23:45:00,1745.44,1670.61,-74.83,-4.29,411.1,11.98
654,T-100719,TXN4958972,20250401,20250402.0,5,RESOLVED,2025-04-01 11:52:00,2025-04-02 20:00:00,371.0,370.46,-0.54,-0.15,100.1,32.13
655,T-100704,TXN3914791,20250401,20250402.0,2,RESOLVED,2025-04-01 12:53:00,2025-04-02 02:08:00,219.31,224.67,5.36,2.44,21.8,13.25
656,T-100722,TXN3121594,20250401,20250402.0,5,RESOLVED,2025-04-01 12:57:00,2025-04-02 17:37:41,162.81,163.16,0.35,0.21,47.8,28.68
657,T-100710,TXN8934374,20250401,20250402.0,3,RESOLVED,2025-04-01 13:15:00,2025-04-02 10:14:42,418.77,406.01,-12.76,-3.05,72.5,21.0
658,T-100708,TXN3266069,20250401,20250401.0,3,RESOLVED,2025-04-01 13:26:00,2025-04-01 21:19:00,523.38,512.02,-11.36,-2.17,77.4,7.88
659,T-100702,TXN6617495,20250401,,2,IN_PROGRESS,2025-04-01 13:26:00,,213.07,185.88,-27.19,-12.76,45.3,
660,T-100726,TXN1920149,20250401,20250403.0,6,RESOLVED,2025-04-01 13:53:00,2025-04-03 00:36:00,340.37,345.81,5.44,1.6,87.2,34.72
661,T-100718,TXN2210548,20250401,20250402.0,5,RESOLVED,2025-04-01 14:45:00,2025-04-02 17:37:00,638.54,637.78,-0.76,-0.12,232.9,26.87
662,T-100706,TXN4534014,20250401,20250402.0,3,RESOLVED,2025-04-01 14:50:00,2025-04-02 13:40:00,706.77,728.27,21.5,3.04,99.6,22.83
663,T-100723,TXN3810385,20250401,20250402.0,5,RESOLVED,2025-04-01 15:11:00,2025-04-02 19:52:00,2918.67,2842.03,-76.64,-2.63,607.5,28.68
664,T-100703,TXN8858356,20250401,20250402.0,2,RESOLVED,2025-04-01 15:12:00,2025-04-02 08:59:13,215.78,211.42,-4.36,-2.02,35.1,17.79
665,T-100700,TXN2100355,20250401,20250402.0,2,RESOLVED,2025-04-01 16:01:00,2025-04-02 10:02:05,485.5,484.54,-0.96,-0.2,82.6,18.02
666,T-100713,TXN7525332,20250401,20250402.0,4,RESOLVED,2025-04-01 16:12:00,2025-04-02 05:22:26,673.06,655.72,-17.34,-2.58,123.9,13.17
667,T-100712,TXN7918758,20250401,20250402.0,4,RESOLVED,2025-04-01 16:16:00,2025-04-02 02:36:16,607.64,608.48,0.84,0.14,56.3,10.34
668,T-100714,TXN3914088,20250401,20250403.0,5,RESOLVED,2025-04-01 16:19:00,2025-04-03 10:57:00,385.97,384.26,-1.71,-0.44,172.4,42.63
669,T-100707,TXN5108622,20250401,20250402.0,3,RESOLVED,2025-04-01 16:52:00,2025-04-02 16:48:05,927.78,926.17,-1.61,-0.17,240.1,23.93
670,T-100701,TXN3968879,20250401,20250402.0,2,RESOLVED,2025-04-01 17:02:00,2025-04-02 08:35:20,351.72,344.24,-7.48,-2.13,64.3,15.56
671,T-100716,TXN4008320,20250401,20250402.0,5,RESOLVED,2025-04-01 17:26:00,2025-04-02 06:44:00,307.99,312.9,4.91,1.59,84.5,13.3
672,T-100725,TXN4580201,20250401,20250404.0,6,RESOLVED,2025-04-01 17:30:00,2025-04-04 16:40:00,192.45,197.76,5.31,2.76,65.7,71.17
673,T-100699,TXN2052513,20250401,20250402.0,2,RESOLVED,2025-04-01 18:35:00,2025-04-02 09:49:00,620.17,629.4,9.23,1.49,74.1,15.23
674,T-100754,TXN5382258,20250402,20250402.0,5,RESOLVED,2025-04-02 07:02:00,2025-04-02 22:15:00,236.5,214.16,-22.34,-9.45,48.4,15.22
675,T-100755,TXN1706612,20250402,20250402.0,5,RESOLVED,2025-04-02 07:19:00,2025-04-02 19:44:00,482.58,493.57,10.99,2.28,145.7,12.42
676,T-100742,TXN3899356,20250402,20250403.0,3,RESOLVED,2025-04-02 07:57:00,2025-04-03 10:25:00,410.81,396.1,-14.71,-3.58,105.4,26.47
677,T-100749,TXN9362168,20250402,20250402.0,5,RESOLVED,2025-04-02 09:03:00,2025-04-02 18:32:35,226.12,231.24,5.12,2.26,77.8,9.49
678,T-100760,TXN3232003,20250402,20250403.0,6,RESOLVED,2025-04-02 09:27:00,2025-04-03 17:14:00,162.58,167.03,4.45,2.74,62.2,31.78
679,T-100756,TXN8045814,20250402,20250403.0,5,RESOLVED,2025-04-02 09:36:00,2025-04-03 02:09:56,175.51,173.62,-1.89,-1.08,36.6,16.57
680,T-100735,TXN2077046,20250402,20250402.0,2,RESOLVED,2025-04-02 09:41:00,2025-04-02 23:03:26,186.94,184.45,-2.49,-1.33,32.6,13.37
681,T-100732,TXN5364388,20250402,20250403.0,1,RESOLVED,2025-04-02 09:54:00,2025-04-03 11:21:02,1602.31,1618.48,16.17,1.01,202.5,25.45
682,T-100748,TXN4937681,20250402,20250402.0,4,RESOLVED,2025-04-02 10:08:00,2025-04-02 21:50:00,189.79,186.43,-3.36,-1.77,34.0,11.7
683,T-100739,TXN2667902,20250402,20250402.0,3,RESOLVED,2025-04-02 10:15:00,2025-04-02 21:23:23,1837.6,1866.23,28.63,1.56,407.7,11.14
684,T-100743,TXN1136777,20250402,20250403.0,3,RESOLVED,2025-04-02 10:52:00,2025-04-03 05:47:00,73.23,74.46,1.23,1.68,17.7,18.92
685,T-100745,TXN7027358,20250402,20250404.0,4,RESOLVED,2025-04-02 11:05:00,2025-04-04 15:20:33,942.63,935.75,-6.88,-0.73,172.6,52.26
686,T-100746,TXN6344440,20250402,20250402.0,4,RESOLVED,2025-04-02 11:06:00,2025-04-02 18:35:48,797.3,785.61,-11.69,-1.47,143.5,7.5
687,T-100736,TXN2541487,20250402,20250403.0,2,RESOLVED,2025-04-02 11:36:00,2025-04-03 05:10:00,3199.27,3255.73,56.46,1.76,492.6,17.57
688,T-100751,TXN1534913,20250402,20250406.0,5,RESOLVED,2025-04-02 12:04:00,2025-04-06 05:04:00,405.14,401.83,-3.31,-0.82,85.1,89.0
689,T-100741,TXN1228592,20250402,20250402.0,3,RESOLVED,2025-04-02 12:48:00,2025-04-02 15:42:53,248.65,250.95,2.3,0.92,68.5,2.91
690,T-100757,TXN8342159,20250402,20250403.0,6,RESOLVED,2025-04-02 12:57:00,2025-04-03 17:57:00,124.03,123.34,-0.69,-0.56,48.0,29.0
691,T-100730,TXN6003555,20250402,20250403.0,1,RESOLVED,2025-04-02 13:22:00,2025-04-03 01:50:17,453.25,463.14,9.89,2.18,84.3,12.47
692,T-100733,TXN5366135,20250402,,2,IN_PROGRESS,2025-04-02 13:56:00,,949.8,976.77,26.97,2.84,166.7,
693,T-100738,TXN9822739,20250402,20250403.0,3,RESOLVED,2025-04-02 14:54:00,2025-04-03 08:45:00,579.23,567.45,-11.78,-2.03,76.3,17.85
694,T-100728,TXN3188827,20250402,20250403.0,1,RESOLVED,2025-04-02 15:47:00,2025-04-03 06:53:00,223.96,230.68,6.72,3.0,40.7,15.1
695,T-100729,TXN1926775,20250402,20250403.0,1,RESOLVED,2025-04-02 16:05:00,2025-04-03 06:35:00,333.15,334.2,1.05,0.32,47.6,14.5
696,T-100750,TXN6236987,20250402,20250404.0,5,RESOLVED,2025-04-02 16:20:00,2025-04-04 07:07:06,346.29,345.23,-1.06,-0.31,87.3,38.78
697,T-100758,TXN8025347,20250402,20250405.0,6,RESOLVED,2025-04-02 16:29:00,2025-04-05 07:15:51,240.13,239.2,-0.93,-0.39,81.0,62.78
698,T-100759,TXN8489768,20250402,20250405.0,6,RESOLVED,2025-04-02 16:58:00,2025-04-05 11:19:58,705.18,696.18,-9.0,-1.28,145.1,66.37
699,T-100727,TXN9088138,20250402,20250404.0,1,RESOLVED,2025-04-02 17:01:00,2025-04-04 07:57:00,212.07,211.59,-0.48,-0.23,37.6,38.93
700,T-100734,TXN8484282,20250402,20250405.0,2,RESOLVED,2025-04-02 17:06:00,2025-04-05 08:02:38,205.71,208.28,2.57,1.25,29.4,62.94
701,T-100753,TXN5985463,20250402,20250403.0,5,RESOLVED,2025-04-02 17:23:00,2025-04-03 21:18:00,420.61,316.09,-104.52,-24.85,96.0,27.92
702,T-100744,TXN7952135,20250402,,3,IN_PROGRESS,2025-04-02 18:07:00,,213.87,212.9,-0.97,-0.45,39.3,
703,T-100731,TXN2270822,20250402,20250403.0,1,RESOLVED,2025-04-02 18:07:00,2025-04-03 16:55:24,24.41,24.31,-0.1,-0.41,3.7,22.81
704,T-100747,TXN1779529,20250402,20250403.0,4,RESOLVED,2025-04-02 18:16:00,2025-04-03 02:12:00,357.5,362.86,5.36,1.5,45.0,7.93
705,T-100776,TXN2103832,20250403,20250403.0,3,RESOLVED,2025-04-03 08:01:00,2025-04-03 18:44:00,381.86,385.17,3.31,0.87,47.2,10.72
706,T-100779,TXN5843214,20250403,20250403.0,4,RESOLVED,2025-04-03 08:22:00,2025-04-03 23:41:00,350.41,341.25,-9.16,-2.61,40.5,15.32
707,T-100762,TXN3237151,20250403,20250404.0,1,RESOLVED,2025-04-03 08:46:00,2025-04-04 15:04:00,969.59,967.59,-2.0,-0.21,183.6,30.3
708,T-100785,TXN7785901,20250403,20250404.0,5,RESOLVED,2025-04-03 08:52:00,2025-04-04 04:07:00,859.68,836.99,-22.69,-2.64,370.2,19.25
709,T-100769,TXN4119477,20250403,20250404.0,3,RESOLVED,2025-04-03 09:43:00,2025-04-04 23:57:00,489.53,490.8,1.27,0.26,97.6,38.23
710,T-100784,TXN3718928,20250403,20250403.0,5,RESOLVED,2025-04-03 10:14:00,2025-04-03 20:50:00,281.21,291.23,10.02,3.56,106.3,10.6
711,T-100772,TXN7328517,20250403,20250404.0,3,RESOLVED,2025-04-03 10:44:00,2025-04-04 07:18:00,169.14,169.96,0.82,0.48,36.8,20.57
712,T-100767,TXN1451018,20250403,20250404.0,2,RESOLVED,2025-04-03 11:18:00,2025-04-04 00:35:00,697.8,685.02,-12.78,-1.83,96.5,13.28
713,T-100775,TXN4404346,20250403,20250404.0,3,RESOLVED,2025-04-03 11:19:00,2025-04-04 04:35:27,177.38,180.88,3.5,1.97,27.4,17.27
714,T-100770,TXN4251698,20250403,20250404.0,3,RESOLVED,2025-04-03 11:25:00,2025-04-04 11:22:00,278.89,272.98,-5.91,-2.12,74.6,23.95
715,T-100771,TXN3781156,20250403,20250404.0,3,RESOLVED,2025-04-03 13:12:00,2025-04-04 07:25:11,476.83,470.43,-6.4,-1.34,66.4,18.22
716,T-100773,TXN3937326,20250403,20250404.0,3,RESOLVED,2025-04-03 13:13:00,2025-04-04 00:40:00,371.12,362.29,-8.83,-2.38,102.2,11.45
717,T-100774,TXN9621897,20250403,20250403.0,3,RESOLVED,2025-04-03 13:17:00,2025-04-03 21:50:00,185.9,187.64,1.74,0.94,28.2,8.55
718,T-100778,TXN3452027,20250403,20250404.0,3,RESOLVED,2025-04-03 13:31:00,2025-04-04 07:49:34,406.78,405.25,-1.53,-0.38,94.7,18.31
719,T-100783,TXN9773644,20250403,20250404.0,5,RESOLVED,2025-04-03 14:52:00,2025-04-04 05:31:00,530.07,516.91,-13.16,-2.48,203.1,14.65
720,T-100766,TXN5231158,20250403,20250404.0,2,RESOLVED,2025-04-03 14:54:00,2025-04-04 14:24:00,238.89,244.8,5.91,2.47,39.6,23.5
721,T-100782,TXN2659138,20250403,20250404.0,5,RESOLVED,2025-04-03 15:01:00,2025-04-04 13:58:08,428.14,435.06,6.92,1.62,175.4,22.95
722,T-100761,TXN8647883,20250403,20250404.0,1,RESOLVED,2025-04-03 16:15:00,2025-04-04 07:50:00,141.86,143.68,1.82,1.28,27.3,15.58
723,T-100789,TXN9808063,20250403,20250406.0,6,RESOLVED,2025-04-03 17:01:00,2025-04-06 08:43:01,380.42,369.52,-10.9,-2.87,110.3,63.7
724,T-100777,TXN4429396,20250403,20250404.0,3,RESOLVED,2025-04-03 17:38:00,2025-04-04 16:08:00,1442.3,1472.27,29.97,2.08,355.6,22.5
725,T-100763,TXN5953085,20250403,20250404.0,1,RESOLVED,2025-04-03 17:40:00,2025-04-04 16:38:32,328.92,317.48,-11.44,-3.48,32.6,22.98
726,T-100764,TXN8214140,20250403,20250404.0,1,RESOLVED,2025-04-03 17:58:00,2025-04-04 14:15:59,511.72,506.13,-5.59,-1.09,51.7,20.3
727,T-100768,TXN8474213,20250403,20250405.0,2,RESOLVED,2025-04-03 18:01:00,2025-04-05 01:54:00,598.6,591.9,-6.7,-1.12,109.3,31.88
728,T-100781,TXN8274959,20250403,20250404.0,5,RESOLVED,2025-04-03 18:22:00,2025-04-04 07:35:00,324.7,314.03,-10.67,-3.29,84.5,13.22
729,T-100787,TXN1997621,20250403,20250404.0,6,RESOLVED,2025-04-03 18:46:00,2025-04-04 14:38:00,555.08,564.09,9.01,1.62,202.3,19.87
730,T-100788,TXN8836994,20250403,20250406.0,6,RESOLVED,2025-04-03 18:54:00,2025-04-06 19:58:00,96.0,98.73,2.73,2.84,27.1,73.07
731,T-100816,TXN2213087,20250404,20250405.0,5,RESOLVED,2025-04-04 07:07:00,2025-04-05 13:58:16,346.88,347.93,1.05,0.3,129.1,30.85
732,T-100797,TXN5945567,20250404,20250405.0,2,RESOLVED,2025-04-04 07:27:00,2025-04-05 22:41:00,731.87,732.34,0.47,0.06,146.4,39.23
733,T-100800,TXN5055239,20250404,,3,OPEN,2025-04-04 08:37:00,,131.49,146.62,15.13,11.51,17.3,
734,T-100807,TXN4989865,20250404,20250405.0,4,RESOLVED,2025-04-04 08:39:00,2025-04-05 02:20:00,835.67,816.47,-19.2,-2.3,159.7,17.68
735,T-100801,TXN4833466,20250404,,3,OPEN,2025-04-04 09:17:00,,765.82,745.24,-20.58,-2.69,175.8,
736,T-100809,TXN9306391,20250404,20250404.0,4,RESOLVED,2025-04-04 09:36:00,2025-04-04 21:06:48,533.04,537.65,4.61,0.86,59.9,11.51
737,T-100791,TXN3458829,20250404,20250405.0,1,RESOLVED,2025-04-04 09:53:00,2025-04-05 15:03:00,192.77,214.11,21.34,11.07,27.0,29.17
738,T-100805,TXN2108512,20250404,,3,IN_PROGRESS,2025-04-04 10:19:00,,61.86,60.83,-1.03,-1.67,9.6,
739,T-100820,TXN1908565,20250404,20250405.0,5,RESOLVED,2025-04-04 10:21:00,2025-04-05 18:50:56,203.67,199.59,-4.08,-2.0,57.4,32.5
740,T-100806,TXN1852000,20250404,20250404.0,3,RESOLVED,2025-04-04 12:21:00,2025-04-04 23:00:00,1278.27,905.37,-372.9,-29.17,292.2,10.65
741,T-100819,TXN5460734,20250404,20250405.0,5,RESOLVED,2025-04-04 12:28:00,2025-04-05 11:36:04,177.07,179.07,2.0,1.13,67.1,23.13
742,T-100799,TXN7218616,20250404,20250404.0,3,RESOLVED,2025-04-04 12:31:00,2025-04-04 19:32:00,230.13,222.49,-7.64,-3.32,38.3,7.02
743,T-100804,TXN8972357,20250404,20250405.0,3,RESOLVED,2025-04-04 13:25:00,2025-04-05 15:48:26,249.49,246.56,-2.93,-1.17,31.5,26.39
744,T-100794,TXN6815226,20250404,20250405.0,1,RESOLVED,2025-04-04 13:43:00,2025-04-05 20:11:00,399.75,405.78,6.03,1.51,64.3,30.47
745,T-100817,TXN7706035,20250404,20250406.0,5,RESOLVED,2025-04-04 13:48:00,2025-04-06 06:01:26,421.57,421.57,0.0,0.0,86.2,40.22
746,T-100798,TXN3117071,20250404,20250405.0,2,RESOLVED,2025-04-04 13:49:00,2025-04-05 00:12:00,817.2,859.45,42.25,5.17,108.5,10.38
747,T-100822,TXN7963896,20250404,20250409.0,6,RESOLVED,2025-04-04 14:06:00,2025-04-09 04:02:00,1299.21,1284.32,-14.89,-1.15,257.8,109.93
748,T-100808,TXN8719427,20250404,,4,IN_PROGRESS,2025-04-04 14:25:00,,496.92,502.66,5.74,1.16,56.8,
749,T-100811,TXN5794868,20250404,20250405.0,5,RESOLVED,2025-04-04 15:04:00,2025-04-05 10:21:00,73.99,74.39,0.4,0.54,27.8,19.28
750,T-100793,TXN5672857,20250404,20250405.0,1,RESOLVED,2025-04-04 15:43:00,2025-04-05 22:26:00,242.57,247.21,4.64,1.91,28.7,30.72
751,T-100796,TXN9985659,20250404,,2,IN_PROGRESS,2025-04-04 16:15:00,,159.83,161.42,1.59,0.99,29.6,
752,T-100815,TXN5296031,20250404,20250406.0,5,RESOLVED,2025-04-04 17:11:00,2025-04-06 02:21:00,648.04,659.37,11.33,1.75,216.4,33.17
753,T-100821,TXN3851384,20250404,20250408.0,6,RESOLVED,2025-04-04 17:46:00,2025-04-08 03:09:00,953.58,960.93,7.35,0.77,184.3,81.38
754,T-100792,TXN2342522,20250404,20250405.0,1,RESOLVED,2025-04-04 18:09:00,2025-04-05 13:30:00,252.22,255.44,3.22,1.28,36.9,19.35
755,T-100803,TXN7109059,20250404,20250405.0,3,RESOLVED,2025-04-04 18:17:00,2025-04-05 15:45:00,1778.66,1737.49,-41.17,-2.31,446.8,21.47
756,T-100814,TXN5585706,20250404,20250406.0,5,RESOLVED,2025-04-04 18:45:00,2025-04-06 04:06:49,420.25,431.72,11.47,2.73,150.2,33.36
757,T-100813,TXN9992158,20250404,20250405.0,5,RESOLVED,2025-04-04 18:48:00,2025-04-05 10:33:00,1492.51,1522.43,29.92,2.0,343.7,15.75
758,T-100818,TXN5865720,20250404,20250405.0,5,RESOLVED,2025-04-04 18:58:00,2025-04-05 14:49:00,195.71,198.27,2.56,1.31,67.7,19.85
759,T-100846,TXN5807506,20250405,,5,IN_PROGRESS,2025-04-05 07:07:00,,359.52,361.12,1.6,0.45,134.7,
760,T-100849,TXN1014402,20250405,20250406.0,5,RESOLVED,2025-04-05 07:08:00,2025-04-06 20:52:00,346.88,349.74,2.86,0.82,126.4,37.73
761,T-100832,TXN6066833,20250405,20250405.0,2,RESOLVED,2025-04-05 07:26:00,2025-04-05 20:25:00,181.99,186.69,4.7,2.58,34.0,12.98
762,T-100854,TXN4953854,20250405,20250406.0,5,RESOLVED,2025-04-05 07:29:00,2025-04-06 00:10:00,132.43,129.38,-3.05,-2.3,51.0,16.68
763,T-100853,TXN7456065,20250405,20250406.0,5,RESOLVED,2025-04-05 07:43:00,2025-04-06 04:00:00,225.19,225.48,0.29,0.13,100.6,20.28
764,T-100831,TXN3916142,20250405,20250406.0,2,RESOLVED,2025-04-05 07:44:00,2025-04-06 07:14:00,210.34,208.79,-1.55,-0.74,38.4,23.5
765,T-100840,TXN7244917,20250405,20250405.0,3,RESOLVED,2025-04-05 07:52:00,2025-04-05 20:05:05,368.28,368.88,0.6,0.16,45.0,12.22
766,T-100825,TXN5950919,20250405,20250405.0,1,RESOLVED,2025-04-05 08:39:00,2025-04-05 19:54:38,784.8,772.22,-12.58,-1.6,135.6,11.26
767,T-100837,TXN9164347,20250405,20250405.0,3,RESOLVED,2025-04-05 08:54:00,2025-04-05 22:59:16,597.1,588.48,-8.62,-1.44,100.2,14.09
768,T-100848,TXN6458020,20250405,20250405.0,5,RESOLVED,2025-04-05 09:44:00,2025-04-05 21:39:00,326.75,323.1,-3.65,-1.12,111.5,11.92
769,T-100830,TXN5812788,20250405,20250405.0,2,RESOLVED,2025-04-05 09:50:00,2025-04-05 23:49:04,512.41,523.14,10.73,2.09,79.7,13.98
770,T-100847,TXN3959525,20250405,20250406.0,5,RESOLVED,2025-04-05 10:12:00,2025-04-06 03:02:00,413.31,393.29,-20.02,-4.84,168.1,16.83
771,T-100836,TXN7659337,20250405,20250405.0,3,RESOLVED,2025-04-05 10:40:00,2025-04-05 20:50:48,269.23,270.95,1.72,0.64,70.6,10.18
772,T-100828,TXN9718814,20250405,20250406.0,2,RESOLVED,2025-04-05 11:38:00,2025-04-06 07:19:48,898.32,897.04,-1.28,-0.14,118.3,19.7
773,T-100841,TXN5630079,20250405,20250406.0,4,RESOLVED,2025-04-05 11:40:00,2025-04-06 21:34:57,162.2,163.55,1.35,0.83,32.9,33.92
774,T-100856,TXN2941817,20250405,20250406.0,6,RESOLVED,2025-04-05 11:58:00,2025-04-06 01:42:50,214.27,219.64,5.37,2.51,53.6,13.75
775,T-100845,TXN1111556,20250405,20250406.0,5,RESOLVED,2025-04-05 12:38:00,2025-04-06 03:51:00,468.94,463.59,-5.35,-1.14,128.6,15.22
776,T-100829,TXN5975074,20250405,20250407.0,2,RESOLVED,2025-04-05 12:47:00,2025-04-07 06:07:00,859.95,855.08,-4.87,-0.57,126.1,41.33
777,T-100843,TXN3181251,20250405,20250405.0,4,RESOLVED,2025-04-05 13:11:00,2025-04-05 19:00:00,861.62,873.5,11.88,1.38,114.1,5.82
778,T-100844,TXN8966192,20250405,20250406.0,5,RESOLVED,2025-04-05 13:23:00,2025-04-06 13:05:00,628.74,641.79,13.05,2.08,239.9,23.7
779,T-100835,TXN9929213,20250405,20250406.0,3,RESOLVED,2025-04-05 13:33:00,2025-04-06 01:44:00,340.04,435.03,94.99,27.93,90.3,12.18
780,T-100834,TXN5012236,20250405,20250406.0,3,RESOLVED,2025-04-05 13:47:00,2025-04-06 15:33:42,75.42,74.24,-1.18,-1.56,11.1,25.78
781,T-100824,TXN4944659,20250405,20250406.0,1,RESOLVED,2025-04-05 14:48:00,2025-04-06 14:23:00,275.21,272.42,-2.79,-1.01,34.6,23.58
782,T-100852,TXN6535001,20250405,20250406.0,5,RESOLVED,2025-04-05 14:52:00,2025-04-06 21:54:28,370.6,373.94,3.34,0.9,141.4,31.04
783,T-100826,TXN9264574,20250405,20250406.0,1,RESOLVED,2025-04-05 15:01:00,2025-04-06 11:42:00,138.03,139.63,1.6,1.16,23.7,20.68
784,T-100839,TXN5086263,20250405,20250406.0,3,RESOLVED,2025-04-05 15:05:00,2025-04-06 06:30:00,465.78,489.71,23.93,5.14,94.4,15.42
785,T-100823,TXN6059814,20250405,20250406.0,1,RESOLVED,2025-04-05 15:48:00,2025-04-06 05:43:12,307.82,308.46,0.64,0.21,36.7,13.92
786,T-100833,TXN4594047,20250405,20250406.0,2,RESOLVED,2025-04-05 16:35:00,2025-04-06 07:05:00,1285.42,1304.24,18.82,1.46,199.4,14.5
787,T-100850,TXN5033116,20250405,,5,OPEN,2025-04-05 17:03:00,,193.2,190.34,-2.86,-1.48,61.5,
788,T-100855,TXN9202612,20250405,20250406.0,5,RESOLVED,2025-04-05 17:05:00,2025-04-06 20:21:00,785.69,770.78,-14.91,-1.9,311.5,27.27
789,T-100838,TXN8475068,20250405,20250406.0,3,RESOLVED,2025-04-05 17:07:00,2025-04-06 06:01:00,392.23,401.19,8.96,2.28,109.5,12.9
790,T-100827,TXN8460346,20250405,20250406.0,1,RESOLVED,2025-04-05 17:34:00,2025-04-06 12:46:00,294.1,207.76,-86.34,-29.36,31.2,19.2
791,T-100857,TXN4822910,20250405,20250407.0,6,RESOLVED,2025-04-05 18:41:00,2025-04-07 21:15:37,225.27,232.64,7.37,3.27,58.7,50.58
792,T-100851,TXN4419415,20250405,20250406.0,5,RESOLVED,2025-04-05 18:47:00,2025-04-06 22:08:00,920.55,939.11,18.56,2.02,271.3,27.35
793,T-100842,TXN7650905,20250405,20250405.0,4,RESOLVED,2025-04-05 18:53:00,2025-04-05 23:49:15,562.2,565.43,3.23,0.57,55.5,4.94
794,T-100892,TXN3553211,20250407,20250408.0,5,RESOLVED,2025-04-07 07:13:00,2025-04-08 09:56:00,165.51,164.17,-1.34,-0.81,53.5,26.72
795,T-100882,TXN8256784,20250407,20250408.0,4,RESOLVED,2025-04-07 08:10:00,2025-04-08 06:03:00,106.95,107.73,0.78,0.73,18.1,21.88
796,T-100873,TXN6081496,20250407,20250408.0,3,RESOLVED,2025-04-07 08:30:00,2025-04-08 13:13:00,250.8,253.46,2.66,1.06,62.3,28.72
797,T-100859,TXN5104112,20250407,20250408.0,1,RESOLVED,2025-04-07 08:41:00,2025-04-08 12:07:00,957.7,956.36,-1.34,-0.14,93.1,27.43
798,T-100875,TXN2208534,20250407,20250407.0,3,RESOLVED,2025-04-07 09:44:00,2025-04-07 19:00:00,100.58,102.07,1.49,1.48,18.0,9.27
799,T-100865,TXN2240387,20250407,20250408.0,2,RESOLVED,2025-04-07 10:00:00,2025-04-08 06:06:00,1798.06,1734.57,-63.49,-3.53,354.9,20.1
800,T-100862,TXN7720634,20250407,,1,IN_PROGRESS,2025-04-07 10:28:00,,717.77,727.95,10.18,1.42,69.7,
801,T-100896,TXN6772660,20250407,20250408.0,6,RESOLVED,2025-04-07 10:33:00,2025-04-08 09:47:36,535.9,534.36,-1.54,-0.29,150.5,23.24
802,T-100870,TXN1144613,20250407,20250407.0,3,RESOLVED,2025-04-07 10:36:00,2025-04-07 22:32:00,151.98,148.93,-3.05,-2.01,26.6,11.93
803,T-100894,TXN8669624,20250407,20250408.0,5,RESOLVED,2025-04-07 11:01:00,2025-04-08 12:59:00,268.83,268.81,-0.02,-0.01,111.5,25.97
804,T-100890,TXN5591799,20250407,20250410.0,5,RESOLVED,2025-04-07 11:21:00,2025-04-10 06:47:00,1443.8,1616.23,172.43,11.94,591.7,67.43
805,T-100858,TXN4989532,20250407,20250408.0,1,RESOLVED,2025-04-07 11:24:00,2025-04-08 13:24:04,1110.88,1086.62,-24.26,-2.18,134.4,26.0
806,T-100867,TXN2474907,20250407,20250408.0,2,RESOLVED,2025-04-07 11:26:00,2025-04-08 08:16:38,189.24,187.81,-1.43,-0.76,41.6,20.84
807,T-100860,TXN9295697,20250407,20250408.0,1,RESOLVED,2025-04-07 12:26:00,2025-04-08 15:35:00,254.69,253.78,-0.91,-0.36,34.5,27.15
808,T-100872,TXN1214400,20250407,20250407.0,3,RESOLVED,2025-04-07 12:30:00,2025-04-07 20:02:00,309.06,313.66,4.6,1.49,62.8,7.53
809,T-100871,TXN1102545,20250407,20250408.0,3,RESOLVED,2025-04-07 12:56:00,2025-04-08 01:32:00,242.01,244.58,2.57,1.06,45.4,12.6
810,T-100881,TXN3984009,20250407,,4,OPEN,2025-04-07 13:13:00,,546.65,528.24,-18.41,-3.37,91.1,
811,T-100888,TXN9644100,20250407,20250409.0,5,RESOLVED,2025-04-07 13:55:00,2025-04-09 04:02:11,314.4,318.01,3.61,1.15,130.2,38.12
812,T-100864,TXN9944753,20250407,20250411.0,1,RESOLVED,2025-04-07 13:59:00,2025-04-11 02:41:00,385.91,386.07,0.16,0.04,69.0,84.7
813,T-100880,TXN7017653,20250407,20250408.0,4,RESOLVED,2025-04-07 14:39:00,2025-04-08 11:08:40,196.82,197.3,0.48,0.24,26.5,20.49
814,T-100895,TXN1078990,20250407,20250408.0,5,RESOLVED,2025-04-07 14:43:00,2025-04-08 14:15:00,304.83,300.17,-4.66,-1.53,126.4,23.53
815,T-100866,TXN5114378,20250407,20250410.0,2,RESOLVED,2025-04-07 15:05:00,2025-04-10 20:19:20,360.54,350.87,-9.67,-2.68,54.1,77.24
816,T-100885,TXN3587284,20250407,20250407.0,4,RESOLVED,2025-04-07 15:25:00,2025-04-07 23:12:00,206.34,219.15,12.81,6.21,29.1,7.78
817,T-100861,TXN2550305,20250407,20250408.0,1,RESOLVED,2025-04-07 15:45:00,2025-04-08 19:58:10,339.38,332.58,-6.8,-2.0,56.5,28.22
818,T-100887,TXN5477970,20250407,20250409.0,5,RESOLVED,2025-04-07 15:50:00,2025-04-09 09:31:00,122.12,122.84,0.72,0.59,47.2,41.68
819,T-100889,TXN5203425,20250407,20250408.0,5,RESOLVED,2025-04-07 15:57:00,2025-04-08 12:52:00,593.15,627.63,34.48,5.81,153.6,20.92
820,T-100876,TXN1552572,20250407,20250408.0,3,RESOLVED,2025-04-07 16:10:00,2025-04-08 17:50:31,283.99,272.12,-11.87,-4.18,78.4,25.68
821,T-100868,TXN9473244,20250407,20250408.0,2,RESOLVED,2025-04-07 16:45:00,2025-04-08 20:49:50,131.64,130.08,-1.56,-1.19,18.2,28.08
822,T-100863,TXN1208884,20250407,20250408.0,1,RESOLVED,2025-04-07 17:05:00,2025-04-08 06:01:00,288.16,280.85,-7.31,-2.54,55.4,12.93
823,T-100877,TXN3932526,20250407,20250408.0,4,RESOLVED,2025-04-07 17:10:00,2025-04-08 02:18:00,969.87,989.18,19.31,1.99,200.8,9.13
824,T-100879,TXN4617397,20250407,,4,IN_PROGRESS,2025-04-07 17:10:00,,890.87,879.61,-11.26,-1.26,97.9,
825,T-100883,TXN9341770,20250407,20250408.0,4,RESOLVED,2025-04-07 17:18:00,2025-04-08 09:24:47,436.31,431.54,-4.77,-1.09,46.6,16.11
826,T-100886,TXN1846715,20250407,20250408.0,4,RESOLVED,2025-04-07 17:26:00,2025-04-08 08:11:57,437.84,437.05,-0.79,-0.18,41.8,14.77
827,T-100878,TXN3781147,20250407,20250408.0,4,RESOLVED,2025-04-07 18:21:00,2025-04-08 11:25:52,1985.12,2019.87,34.75,1.75,342.2,17.08
828,T-100891,TXN5536505,20250407,20250408.0,5,RESOLVED,2025-04-07 18:31:00,2025-04-08 05:42:00,82.29,82.22,-0.07,-0.09,36.7,11.18
829,T-100869,TXN5733087,20250407,20250408.0,3,RESOLVED,2025-04-07 18:39:00,2025-04-08 20:39:00,261.28,263.94,2.66,1.02,56.8,26.0
830,T-100893,TXN4945190,20250407,20250408.0,5,RESOLVED,2025-04-07 18:41:00,2025-04-08 22:04:28,446.49,459.64,13.15,2.95,163.1,27.39
831,T-100919,TXN7078914,20250408,20250409.0,5,RESOLVED,2025-04-08 07:07:00,2025-04-09 07:47:00,184.4,186.34,1.94,1.05,36.9,24.67
832,T-100920,TXN1685869,20250408,20250409.0,5,RESOLVED,2025-04-08 07:39:00,2025-04-09 03:57:52,112.52,113.26,0.74,0.66,24.5,20.31
833,T-100933,TXN6999028,20250408,20250410.0,6,RESOLVED,2025-04-08 08:16:00,2025-04-10 11:55:00,375.31,382.7,7.39,1.97,97.4,51.65
834,T-100925,TXN4127432,20250408,20250409.0,5,RESOLVED,2025-04-08 08:16:00,2025-04-09 16:33:22,469.85,492.33,22.48,4.78,162.0,32.29
835,T-100917,TXN8121764,20250408,20250409.0,5,RESOLVED,2025-04-08 08:16:00,2025-04-09 03:15:00,289.53,295.09,5.56,1.92,66.4,18.98
836,T-100918,TXN8128902,20250408,20250410.0,5,RESOLVED,2025-04-08 09:17:00,2025-04-10 19:54:43,174.13,194.79,20.66,11.86,51.7,58.63
837,T-100921,TXN8149096,20250408,20250408.0,5,RESOLVED,2025-04-08 09:28:00,2025-04-08 21:21:00,253.84,255.16,1.32,0.52,88.6,11.88
838,T-100905,TXN7639382,20250408,20250409.0,2,RESOLVED,2025-04-08 09:29:00,2025-04-09 05:56:00,704.15,717.4,13.25,1.88,141.9,20.45
839,T-100930,TXN8679090,20250408,,5,IN_PROGRESS,2025-04-08 09:41:00,,306.65,305.03,-1.62,-0.53,97.3,
840,T-100910,TXN1871532,20250408,20250409.0,3,RESOLVED,2025-04-08 09:44:00,2025-04-09 13:23:56,394.7,397.93,3.23,0.82,108.8,27.67
841,T-100932,TXN8716987,20250408,20250410.0,5,RESOLVED,2025-04-08 09:54:00,2025-04-10 00:07:00,556.07,551.89,-4.18,-0.75,148.2,38.22
842,T-100912,TXN9510767,20250408,20250408.0,4,RESOLVED,2025-04-08 09:56:00,2025-04-08 21:47:27,374.17,383.33,9.16,2.45,46.3,11.86
843,T-100904,TXN8096667,20250408,20250409.0,2,RESOLVED,2025-04-08 09:56:00,2025-04-09 04:27:09,129.41,128.71,-0.7,-0.54,27.2,18.52
844,T-100906,TXN6551761,20250408,20250409.0,3,RESOLVED,2025-04-08 10:41:00,2025-04-09 15:00:32,870.13,955.67,85.54,9.83,111.9,28.33
845,T-100924,TXN5396719,20250408,20250410.0,5,RESOLVED,2025-04-08 11:05:00,2025-04-10 09:55:27,667.81,661.58,-6.23,-0.93,172.0,46.84
846,T-100928,TXN2665590,20250408,20250410.0,5,RESOLVED,2025-04-08 11:56:00,2025-04-10 05:14:37,220.57,155.02,-65.55,-29.72,58.0,41.31
847,T-100916,TXN4381032,20250408,20250408.0,4,RESOLVED,2025-04-08 12:03:00,2025-04-08 17:11:24,560.78,569.85,9.07,1.62,77.3,5.14
848,T-100934,TXN4187964,20250408,20250409.0,6,RESOLVED,2025-04-08 12:13:00,2025-04-09 23:10:00,352.27,350.35,-1.92,-0.55,109.8,34.95
849,T-100902,TXN3543959,20250408,20250409.0,2,RESOLVED,2025-04-08 12:44:00,2025-04-09 21:41:00,376.03,370.03,-6.0,-1.6,73.5,32.95
850,T-100908,TXN3478895,20250408,20250410.0,3,RESOLVED,2025-04-08 13:16:00,2025-04-10 18:57:01,455.0,443.71,-11.29,-2.48,89.0,53.68
851,T-100911,TXN5905138,20250408,20250409.0,3,RESOLVED,2025-04-08 13:25:00,2025-04-09 03:00:56,208.2,207.05,-1.15,-0.55,36.3,13.6
852,T-100923,TXN7684353,20250408,20250409.0,5,RESOLVED,2025-04-08 13:31:00,2025-04-09 13:52:00,1047.02,1028.59,-18.43,-1.76,350.5,24.35
853,T-100913,TXN4259174,20250408,20250409.0,4,RESOLVED,2025-04-08 14:23:00,2025-04-09 18:05:00,400.72,408.64,7.92,1.98,64.4,27.7
854,T-100926,TXN8307429,20250408,,5,OPEN,2025-04-08 14:24:00,,588.51,543.87,-44.64,-7.59,186.5,
855,T-100897,TXN1662463,20250408,20250409.0,1,RESOLVED,2025-04-08 15:14:00,2025-04-09 04:20:00,3959.55,4116.35,156.8,3.96,632.4,13.1
856,T-100931,TXN6747384,20250408,20250411.0,5,RESOLVED,2025-04-08 15:22:00,2025-04-11 14:39:00,151.03,147.14,-3.89,-2.58,50.0,71.28
857,T-100899,TXN4181579,20250408,20250410.0,1,RESOLVED,2025-04-08 15:36:00,2025-04-10 21:36:00,659.71,655.02,-4.69,-0.71,77.2,54.0
858,T-100914,TXN9307454,20250408,20250408.0,4,RESOLVED,2025-04-08 16:10:00,2025-04-08 22:17:00,671.84,657.0,-14.84,-2.21,62.0,6.12
859,T-100915,TXN9288268,20250408,20250409.0,4,RESOLVED,2025-04-08 16:30:00,2025-04-09 02:27:00,417.82,408.9,-8.92,-2.13,58.1,9.95
860,T-100922,TXN8784505,20250408,20250411.0,5,RESOLVED,2025-04-08 16:48:00,2025-04-11 13:27:18,239.68,238.18,-1.5,-0.63,47.3,68.66
861,T-100909,TXN4805202,20250408,20250409.0,3,RESOLVED,2025-04-08 17:08:00,2025-04-09 06:58:00,361.53,369.68,8.15,2.25,69.5,13.83
862,T-100900,TXN8391768,20250408,20250409.0,1,RESOLVED,2025-04-08 17:27:00,2025-04-09 07:55:11,199.92,202.29,2.37,1.19,19.8,14.47
863,T-100929,TXN5658892,20250408,20250409.0,5,RESOLVED,2025-04-08 17:29:00,2025-04-09 07:39:00,215.26,211.35,-3.91,-1.82,94.1,14.17
864,T-100947,TXN7813706,20250409,20250410.0,3,RESOLVED,2025-04-09 07:04:00,2025-04-10 00:37:00,248.34,256.81,8.47,3.41,40.2,17.55
865,T-100953,TXN7774777,20250409,20250409.0,3,RESOLVED,2025-04-09 07:46:00,2025-04-09 20:02:17,201.42,197.8,-3.62,-1.8,38.1,12.27
866,T-100952,TXN7886583,20250409,20250409.0,3,RESOLVED,2025-04-09 08:00:00,2025-04-09 17:58:02,129.5,127.26,-2.24,-1.73,20.7,9.97
867,T-100963,TXN2874572,20250409,20250412.0,5,RESOLVED,2025-04-09 08:07:00,2025-04-12 08:05:00,3528.63,3575.42,46.79,1.33,1536.5,71.97
868,T-100951,TXN2963595,20250409,20250410.0,3,RESOLVED,2025-04-09 08:44:00,2025-04-10 06:14:00,774.46,774.43,-0.03,-0.0,213.3,21.5
869,T-100950,TXN4074490,20250409,20250410.0,3,RESOLVED,2025-04-09 08:51:00,2025-04-10 18:58:00,694.46,704.59,10.13,1.46,145.0,34.12
870,T-100958,TXN7564760,20250409,20250410.0,5,RESOLVED,2025-04-09 09:06:00,2025-04-10 06:50:34,384.86,377.54,-7.32,-1.9,148.3,21.74
871,T-100964,TXN1049753,20250409,20250410.0,5,RESOLVED,2025-04-09 09:12:00,2025-04-10 01:47:00,228.55,229.12,0.57,0.25,75.7,16.58
872,T-100943,TXN7363644,20250409,20250410.0,2,RESOLVED,2025-04-09 09:14:00,2025-04-10 21:07:00,194.3,140.99,-53.31,-27.44,38.6,35.88
873,T-100967,TXN3166994,20250409,20250409.0,6,RESOLVED,2025-04-09 09:35:00,2025-04-09 23:54:44,115.31,116.96,1.65,1.43,35.6,14.33
874,T-100945,TXN7948055,20250409,20250411.0,2,RESOLVED,2025-04-09 09:42:00,2025-04-11 21:48:42,352.79,356.15,3.36,0.95,70.1,60.11
875,T-100942,TXN3407565,20250409,20250410.0,2,RESOLVED,2025-04-09 10:02:00,2025-04-10 02:26:00,134.72,139.39,4.67,3.47,24.6,16.4
876,T-100959,TXN8897313,20250409,20250410.0,5,RESOLVED,2025-04-09 10:36:00,2025-04-10 00:59:00,542.44,534.63,-7.81,-1.44,116.1,14.38
877,T-100961,TXN8430981,20250409,20250410.0,5,RESOLVED,2025-04-09 10:37:00,2025-04-10 18:36:44,136.05,135.15,-0.9,-0.66,60.6,32.0
878,T-100960,TXN4006741,20250409,20250410.0,5,RESOLVED,2025-04-09 11:30:00,2025-04-10 15:23:36,230.8,226.93,-3.87,-1.68,53.4,27.89
879,T-100938,TXN3986232,20250409,20250411.0,1,RESOLVED,2025-04-09 12:03:00,2025-04-11 07:02:00,514.1,637.91,123.81,24.08,76.6,42.98
880,T-100955,TXN4666185,20250409,20250411.0,5,RESOLVED,2025-04-09 12:06:00,2025-04-11 08:25:00,933.18,902.17,-31.01,-3.32,211.1,44.32
881,T-100954,TXN5806150,20250409,20250410.0,4,RESOLVED,2025-04-09 12:23:00,2025-04-10 09:45:41,936.5,924.55,-11.95,-1.28,181.9,21.38
882,T-100966,TXN3577312,20250409,20250410.0,6,RESOLVED,2025-04-09 13:36:00,2025-04-10 18:57:16,312.95,320.71,7.76,2.48,97.2,29.35
883,T-100939,TXN2596041,20250409,20250409.0,1,RESOLVED,2025-04-09 14:28:00,2025-04-09 20:28:19,178.85,179.96,1.11,0.62,21.3,6.01
884,T-100935,TXN6744259,20250409,20250410.0,1,RESOLVED,2025-04-09 14:52:00,2025-04-10 05:16:00,464.3,457.64,-6.66,-1.43,69.8,14.4
885,T-100937,TXN2797047,20250409,20250410.0,1,RESOLVED,2025-04-09 14:53:00,2025-04-10 06:26:00,220.07,220.84,0.77,0.35,36.2,15.55
886,T-100965,TXN8931121,20250409,20250409.0,5,RESOLVED,2025-04-09 15:11:00,2025-04-09 22:49:01,517.57,514.23,-3.34,-0.65,186.8,7.63
887,T-100936,TXN6574127,20250409,20250410.0,1,RESOLVED,2025-04-09 15:24:00,2025-04-10 03:45:00,810.6,832.97,22.37,2.76,72.7,12.35
888,T-100949,TXN7939559,20250409,20250410.0,3,RESOLVED,2025-04-09 15:44:00,2025-04-10 10:23:00,185.91,213.66,27.75,14.93,33.5,18.65
889,T-100944,TXN6064573,20250409,20250414.0,2,RESOLVED,2025-04-09 16:08:00,2025-04-14 08:24:48,2739.52,2743.21,3.69,0.13,338.8,112.28
890,T-100940,TXN1353227,20250409,20250411.0,2,RESOLVED,2025-04-09 16:33:00,2025-04-11 02:23:24,962.04,940.82,-21.22,-2.21,192.9,33.84
891,T-100948,TXN8562759,20250409,20250410.0,3,RESOLVED,2025-04-09 17:00:00,2025-04-10 03:45:55,190.96,196.28,5.32,2.79,24.9,10.77
892,T-100956,TXN1750814,20250409,20250410.0,5,RESOLVED,2025-04-09 17:21:00,2025-04-10 10:49:06,329.05,250.38,-78.67,-23.91,128.5,17.47
893,T-100957,TXN4096986,20250409,20250410.0,5,RESOLVED,2025-04-09 17:36:00,2025-04-10 17:12:00,410.77,401.33,-9.44,-2.3,181.5,23.6
894,T-100946,TXN5427069,20250409,20250410.0,3,RESOLVED,2025-04-09 17:41:00,2025-04-10 05:31:00,381.15,387.55,6.4,1.68,82.0,11.83
895,T-100962,TXN1124891,20250409,20250410.0,5,RESOLVED,2025-04-09 18:26:00,2025-04-10 14:53:00,498.8,481.22,-17.58,-3.52,215.5,20.45
896,T-100941,TXN2213856,20250409,20250410.0,2,RESOLVED,2025-04-09 18:51:00,2025-04-10 01:34:47,1591.52,1606.16,14.64,0.92,215.5,6.73
897,T-100972,TXN8945547,20250410,,1,OPEN,2025-04-10 07:37:00,,389.45,403.38,13.93,3.58,45.5,
898,T-100970,TXN6827025,20250410,20250410.0,1,RESOLVED,2025-04-10 08:02:00,2025-04-10 19:44:56,480.29,485.75,5.46,1.14,43.5,11.72
899,T-100980,TXN2769308,20250410,20250411.0,3,RESOLVED,2025-04-10 08:14:00,2025-04-11 18:37:00,614.59,613.06,-1.53,-0.25,121.3,34.38
900,T-100997,TXN4709732,20250410,20250414.0,5,RESOLVED,2025-04-10 08:16:00,2025-04-14 21:16:00,453.23,440.59,-12.64,-2.79,94.7,109.0
901,T-100969,TXN8909017,20250410,20250410.0,1,RESOLVED,2025-04-10 08:36:00,2025-04-10 18:28:28,769.02,771.73,2.71,0.35,134.2,9.87
902,T-100981,TXN9610801,20250410,20250411.0,4,RESOLVED,2025-04-10 09:04:00,2025-04-11 11:30:00,128.64,126.73,-1.91,-1.48,18.2,26.43
903,T-100976,TXN7814739,20250410,20250410.0,2,RESOLVED,2025-04-10 09:41:00,2025-04-10 22:38:00,257.07,257.22,0.15,0.06,54.2,12.95
904,T-100985,TXN3320091,20250410,20250411.0,5,RESOLVED,2025-04-10 09:42:00,2025-04-11 15:12:00,522.0,521.29,-0.71,-0.14,108.1,29.5
905,T-100986,TXN4096251,20250410,,5,IN_PROGRESS,2025-04-10 10:06:00,,172.36,155.62,-16.74,-9.71,40.5,
906,T-100984,TXN4173280,20250410,20250411.0,5,RESOLVED,2025-04-10 10:13:00,2025-04-11 04:13:22,238.01,231.6,-6.41,-2.69,57.1,18.01
907,T-100991,TXN2395271,20250410,20250411.0,5,RESOLVED,2025-04-10 10:35:00,2025-04-11 14:54:00,201.19,200.81,-0.38,-0.19,52.4,28.32
908,T-100995,TXN8541248,20250410,20250411.0,5,RESOLVED,2025-04-10 11:12:00,2025-04-11 23:53:00,186.54,183.79,-2.75,-1.47,82.8,36.68
909,T-100989,TXN6535124,20250410,20250411.0,5,RESOLVED,2025-04-10 11:22:00,2025-04-11 08:08:00,1705.1,1864.05,158.95,9.32,445.9,20.77
910,T-100975,TXN7009395,20250410,20250411.0,1,RESOLVED,2025-04-10 11:50:00,2025-04-11 04:16:00,606.94,599.84,-7.1,-1.17,70.1,16.43
911,T-100971,TXN3347315,20250410,20250411.0,1,RESOLVED,2025-04-10 12:48:00,2025-04-11 16:19:41,996.93,1172.4,175.47,17.6,158.4,27.53
912,T-100983,TXN9786287,20250410,20250411.0,4,RESOLVED,2025-04-10 13:01:00,2025-04-11 23:00:00,169.06,171.13,2.07,1.22,17.5,33.98
913,T-100979,TXN4017383,20250410,20250411.0,3,RESOLVED,2025-04-10 14:11:00,2025-04-11 08:30:28,525.59,524.55,-1.04,-0.2,145.4,18.32
914,T-100998,TXN5930255,20250410,20250410.0,5,RESOLVED,2025-04-10 14:44:00,2025-04-10 22:59:07,291.66,292.26,0.6,0.21,57.1,8.25
915,T-100992,TXN9033885,20250410,20250411.0,5,RESOLVED,2025-04-10 14:53:00,2025-04-11 04:13:02,134.26,133.84,-0.42,-0.31,48.6,13.33
916,T-100982,TXN6076069,20250410,20250411.0,4,RESOLVED,2025-04-10 14:53:00,2025-04-11 12:53:11,1271.04,1280.06,9.02,0.71,124.6,22.0
917,T-100973,TXN6487687,20250410,20250411.0,1,RESOLVED,2025-04-10 14:57:00,2025-04-11 18:42:00,451.06,473.16,22.1,4.9,84.6,27.75
918,T-100988,TXN9245200,20250410,,5,OPEN,2025-04-10 15:02:00,,571.37,646.78,75.41,13.2,153.5,
919,T-100996,TXN8773306,20250410,20250411.0,5,RESOLVED,2025-04-10 15:07:00,2025-04-11 09:23:00,144.19,143.97,-0.22,-0.15,52.0,18.27
920,T-100987,TXN4343750,20250410,20250411.0,5,RESOLVED,2025-04-10 15:19:00,2025-04-11 15:27:00,323.18,339.25,16.07,4.97,104.5,24.13
921,T-100993,TXN3683274,20250410,20250411.0,5,RESOLVED,2025-04-10 15:44:00,2025-04-11 10:03:00,541.1,552.47,11.37,2.1,151.8,18.32
922,T-100974,TXN6468006,20250410,20250411.0,1,RESOLVED,2025-04-10 16:41:00,2025-04-11 03:17:00,227.41,220.04,-7.37,-3.24,26.6,10.6
923,T-100994,TXN4894272,20250410,20250411.0,5,RESOLVED,2025-04-10 17:16:00,2025-04-11 17:26:11,533.09,535.1,2.01,0.38,188.2,24.17
924,T-100977,TXN6340802,20250410,20250411.0,2,RESOLVED,2025-04-10 17:23:00,2025-04-11 23:36:00,396.84,400.27,3.43,0.86,68.6,30.22
925,T-100978,TXN2383905,20250410,20250411.0,3,RESOLVED,2025-04-10 17:33:00,2025-04-11 00:09:00,211.68,213.3,1.62,0.77,25.8,6.6
926,T-100968,TXN1131220,20250410,20250412.0,1,RESOLVED,2025-04-10 17:52:00,2025-04-12 08:25:02,1224.72,1257.86,33.14,2.71,221.3,38.55
927,T-100999,TXN8743641,20250410,20250413.0,6,RESOLVED,2025-04-10 18:03:00,2025-04-13 12:06:04,545.84,545.12,-0.72,-0.13,153.8,66.05
928,T-101014,TXN8110510,20250411,20250411.0,3,RESOLVED,2025-04-11 07:57:00,2025-04-11 15:40:04,520.98,503.67,-17.31,-3.32,139.7,7.72
929,T-101002,TXN7041451,20250411,20250412.0,1,RESOLVED,2025-04-11 08:16:00,2025-04-12 00:39:00,2019.14,2007.51,-11.63,-0.58,336.4,16.38
930,T-101019,TXN3246871,20250411,20250412.0,3,RESOLVED,2025-04-11 08:18:00,2025-04-12 08:30:00,1097.43,1114.87,17.44,1.59,178.9,24.2
931,T-101022,TXN5972676,20250411,,4,IN_PROGRESS,2025-04-11 09:06:00,,431.8,429.82,-1.98,-0.46,51.5,
932,T-101008,TXN9892628,20250411,20250412.0,2,RESOLVED,2025-04-11 09:13:00,2025-04-12 01:25:00,345.63,352.49,6.86,1.98,50.0,16.2
933,T-101026,TXN3019000,20250411,20250412.0,5,RESOLVED,2025-04-11 09:44:00,2025-04-12 10:50:00,360.24,355.42,-4.82,-1.34,123.1,25.1
934,T-101011,TXN1996344,20250411,20250412.0,3,RESOLVED,2025-04-11 10:12:00,2025-04-12 04:35:00,2198.05,2368.41,170.36,7.75,574.7,18.38
935,T-101032,TXN1029395,20250411,20250413.0,5,RESOLVED,2025-04-11 10:18:00,2025-04-13 06:33:15,388.78,390.83,2.05,0.53,112.3,44.25
936,T-101003,TXN8196250,20250411,20250412.0,1,RESOLVED,2025-04-11 10:43:00,2025-04-12 11:43:00,867.93,849.44,-18.49,-2.13,127.3,25.0
937,T-101037,TXN8061787,20250411,20250413.0,6,RESOLVED,2025-04-11 10:49:00,2025-04-13 07:07:00,499.1,508.05,8.95,1.79,139.4,44.3
938,T-101030,TXN4665731,20250411,20250412.0,5,RESOLVED,2025-04-11 11:07:00,2025-04-12 12:46:27,986.51,1030.53,44.02,4.46,357.2,25.66
939,T-101029,TXN4289495,20250411,20250413.0,5,RESOLVED,2025-04-11 11:42:00,2025-04-13 14:16:34,280.77,276.65,-4.12,-1.47,82.6,50.58
940,T-101020,TXN8529299,20250411,20250412.0,4,RESOLVED,2025-04-11 12:08:00,2025-04-12 08:08:00,516.7,525.77,9.07,1.76,56.1,20.0
941,T-101031,TXN7178189,20250411,20250411.0,5,RESOLVED,2025-04-11 12:21:00,2025-04-11 22:43:00,793.56,778.78,-14.78,-1.86,324.2,10.37
942,T-101033,TXN7490706,20250411,20250412.0,6,RESOLVED,2025-04-11 12:42:00,2025-04-12 09:31:00,1592.25,1625.19,32.94,2.07,298.7,20.82
943,T-101025,TXN5911240,20250411,20250413.0,4,RESOLVED,2025-04-11 12:58:00,2025-04-13 06:42:58,191.78,197.25,5.47,2.85,24.6,41.75
944,T-101007,TXN7418956,20250411,20250412.0,2,RESOLVED,2025-04-11 13:48:00,2025-04-12 15:04:00,536.1,552.7,16.6,3.1,97.6,25.27
945,T-101013,TXN8151630,20250411,20250411.0,3,RESOLVED,2025-04-11 13:50:00,2025-04-11 21:11:47,41.7,45.24,3.54,8.49,10.3,7.36
946,T-101018,TXN3997195,20250411,20250412.0,3,RESOLVED,2025-04-11 14:29:00,2025-04-12 07:26:44,460.48,476.41,15.93,3.46,105.7,16.96
947,T-101028,TXN8204096,20250411,20250411.0,5,RESOLVED,2025-04-11 14:46:00,2025-04-11 23:07:39,509.47,493.27,-16.2,-3.18,184.9,8.36
948,T-101027,TXN8708031,20250411,20250412.0,5,RESOLVED,2025-04-11 14:53:00,2025-04-12 19:58:00,161.49,164.38,2.89,1.79,40.7,29.08
949,T-101005,TXN1020696,20250411,20250413.0,2,RESOLVED,2025-04-11 15:34:00,2025-04-13 18:42:00,510.74,521.92,11.18,2.19,103.8,51.13
950,T-101036,TXN9158528,20250411,20250413.0,6,RESOLVED,2025-04-11 16:00:00,2025-04-13 17:20:42,172.2,169.7,-2.5,-1.45,33.4,49.34
951,T-101009,TXN6549841,20250411,20250413.0,2,RESOLVED,2025-04-11 16:03:00,2025-04-13 21:43:00,1021.67,1022.91,1.24,0.12,168.7,53.67
952,T-101006,TXN7433091,20250411,20250412.0,2,RESOLVED,2025-04-11 16:26:00,2025-04-12 21:53:00,161.37,161.8,0.43,0.27,21.8,29.45
953,T-101023,TXN1565360,20250411,20250412.0,4,RESOLVED,2025-04-11 17:00:00,2025-04-12 04:20:00,86.24,86.33,0.09,0.1,17.8,11.33
954,T-101015,TXN3021394,20250411,20250411.0,3,RESOLVED,2025-04-11 17:23:00,2025-04-11 22:35:00,416.51,418.58,2.07,0.5,102.8,5.2
955,T-101021,TXN3353453,20250411,20250412.0,4,RESOLVED,2025-04-11 17:37:00,2025-04-12 02:37:00,300.01,292.56,-7.45,-2.48,28.4,9.0
956,T-101016,TXN7345072,20250411,20250412.0,3,RESOLVED,2025-04-11 18:02:00,2025-04-12 17:49:35,244.27,247.07,2.8,1.15,60.2,23.79
957,T-101012,TXN3910317,20250411,20250411.0,3,RESOLVED,2025-04-11 18:31:00,2025-04-11 22:58:00,478.7,485.81,7.11,1.49,60.0,4.45
958,T-101062,TXN9637520,20250414,20250416.0,5,RESOLVED,2025-04-14 07:27:00,2025-04-16 22:14:00,1116.66,1152.61,35.95,3.22,361.2,62.78
959,T-101055,TXN7948406,20250414,20250414.0,3,RESOLVED,2025-04-14 07:38:00,2025-04-14 20:11:27,184.66,182.07,-2.59,-1.4,43.4,12.56
960,T-101070,TXN8622184,20250414,20250418.0,5,RESOLVED,2025-04-14 08:14:00,2025-04-18 15:00:58,683.45,683.84,0.39,0.06,182.9,102.78
961,T-101046,TXN2540413,20250414,20250414.0,3,RESOLVED,2025-04-14 08:26:00,2025-04-14 18:36:35,156.63,159.67,3.04,1.94,22.5,10.18
962,T-101057,TXN5098584,20250414,20250416.0,3,RESOLVED,2025-04-14 09:01:00,2025-04-16 08:19:00,623.34,633.36,10.02,1.61,160.6,47.3
963,T-101047,TXN7246577,20250414,20250415.0,3,RESOLVED,2025-04-14 09:15:00,2025-04-15 10:51:00,520.3,514.33,-5.97,-1.15,71.7,25.6
964,T-101050,TXN3737467,20250414,20250415.0,3,RESOLVED,2025-04-14 09:17:00,2025-04-15 12:37:00,397.01,362.65,-34.36,-8.65,49.6,27.33
965,T-101058,TXN3713796,20250414,20250415.0,3,RESOLVED,2025-04-14 09:19:00,2025-04-15 07:56:31,163.86,167.3,3.44,2.1,29.0,22.63
966,T-101075,TXN7468782,20250414,20250415.0,5,RESOLVED,2025-04-14 09:35:00,2025-04-15 23:14:42,1544.16,1643.26,99.1,6.42,400.0,37.66
967,T-101052,TXN4215929,20250414,20250416.0,3,RESOLVED,2025-04-14 09:36:00,2025-04-16 02:11:50,128.1,129.6,1.5,1.17,30.1,40.6
968,T-101060,TXN4854805,20250414,,4,OPEN,2025-04-14 09:58:00,,334.51,341.02,6.51,1.95,46.9,
969,T-101041,TXN3704995,20250414,20250415.0,2,RESOLVED,2025-04-14 10:26:00,2025-04-15 21:41:00,1149.42,1145.9,-3.52,-0.31,229.1,35.25
970,T-101059,TXN9237758,20250414,20250414.0,4,RESOLVED,2025-04-14 10:29:00,2025-04-14 22:47:24,488.86,480.55,-8.31,-1.7,52.4,12.31
971,T-101074,TXN7520125,20250414,20250415.0,5,RESOLVED,2025-04-14 10:39:00,2025-04-15 19:48:00,825.22,839.21,13.99,1.7,189.1,33.15
972,T-101067,TXN3210819,20250414,,5,IN_PROGRESS,2025-04-14 10:47:00,,418.17,406.15,-12.02,-2.87,93.0,
973,T-101043,TXN4968511,20250414,,2,IN_PROGRESS,2025-04-14 10:54:00,,249.76,244.83,-4.93,-1.97,49.8,
974,T-101044,TXN4812064,20250414,20250416.0,2,RESOLVED,2025-04-14 11:14:00,2025-04-16 03:10:00,911.66,910.55,-1.11,-0.12,122.6,39.93
975,T-101064,TXN6671203,20250414,20250415.0,5,RESOLVED,2025-04-14 11:25:00,2025-04-15 04:00:34,152.22,153.4,1.18,0.78,35.6,16.59
976,T-101051,TXN6027249,20250414,20250415.0,3,RESOLVED,2025-04-14 11:41:00,2025-04-15 05:12:22,264.22,263.59,-0.63,-0.24,56.7,17.52
977,T-101040,TXN7621351,20250414,20250415.0,1,RESOLVED,2025-04-14 12:07:00,2025-04-15 04:25:21,363.7,364.01,0.31,0.09,59.5,16.31
978,T-101071,TXN7306466,20250414,20250415.0,5,RESOLVED,2025-04-14 12:21:00,2025-04-15 08:03:00,917.45,930.72,13.27,1.45,372.2,19.7
979,T-101065,TXN9501120,20250414,20250418.0,5,RESOLVED,2025-04-14 12:54:00,2025-04-18 09:00:03,552.08,537.91,-14.17,-2.57,143.1,92.1
980,T-101066,TXN2040734,20250414,20250416.0,5,RESOLVED,2025-04-14 13:24:00,2025-04-16 19:09:00,258.41,256.78,-1.63,-0.63,59.5,53.75
981,T-101061,TXN5484041,20250414,20250415.0,4,RESOLVED,2025-04-14 13:25:00,2025-04-15 06:03:52,666.95,669.11,2.16,0.32,133.7,16.65
982,T-101049,TXN4278185,20250414,20250415.0,3,RESOLVED,2025-04-14 13:26:00,2025-04-15 10:50:09,1259.75,1264.17,4.42,0.35,151.2,21.4
983,T-101054,TXN8726902,20250414,20250415.0,3,RESOLVED,2025-04-14 13:33:00,2025-04-15 13:55:00,820.31,836.95,16.64,2.03,162.3,24.37
984,T-101039,TXN5044662,20250414,20250415.0,1,RESOLVED,2025-04-14 14:29:00,2025-04-15 03:42:34,235.56,236.2,0.64,0.27,41.8,13.23
985,T-101045,TXN8015242,20250414,,3,IN_PROGRESS,2025-04-14 14:44:00,,307.69,309.03,1.34,0.44,52.6,
986,T-101073,TXN5659027,20250414,20250414.0,5,RESOLVED,2025-04-14 15:25:00,2025-04-14 22:44:00,113.27,106.09,-7.18,-6.34,39.7,7.32
987,T-101056,TXN7231877,20250414,20250416.0,3,RESOLVED,2025-04-14 16:48:00,2025-04-16 06:55:19,1417.55,1394.3,-23.25,-1.64,262.0,38.12
988,T-101068,TXN2879395,20250414,20250416.0,5,RESOLVED,2025-04-14 16:53:00,2025-04-16 23:12:00,805.86,786.45,-19.41,-2.41,214.5,54.32
989,T-101048,TXN6679461,20250414,20250415.0,3,RESOLVED,2025-04-14 17:01:00,2025-04-15 12:57:53,361.24,360.13,-1.11,-0.31,69.9,19.95
990,T-101053,TXN7988726,20250414,20250415.0,3,RESOLVED,2025-04-14 17:09:00,2025-04-15 16:54:00,1787.75,1845.19,57.44,3.21,313.6,23.75
991,T-101072,TXN9169946,20250414,20250416.0,5,RESOLVED,2025-04-14 18:05:00,2025-04-16 15:31:09,308.2,304.99,-3.21,-1.04,107.8,45.44
992,T-101042,TXN7024511,20250414,20250417.0,2,RESOLVED,2025-04-14 18:21:00,2025-04-17 07:57:00,194.65,200.91,6.26,3.22,25.1,61.6
993,T-101093,TXN7088582,20250415,,4,IN_PROGRESS,2025-04-15 07:13:00,,508.87,499.76,-9.11,-1.79,57.1,
994,T-101095,TXN7667241,20250415,20250416.0,5,RESOLVED,2025-04-15 07:40:00,2025-04-16 06:18:19,1617.61,1580.14,-37.47,-2.32,413.1,22.64
995,T-101090,TXN1540978,20250415,20250415.0,4,RESOLVED,2025-04-15 07:44:00,2025-04-15 20:35:00,1083.44,1093.98,10.54,0.97,162.1,12.85
996,T-101107,TXN8855818,20250415,20250416.0,5,RESOLVED,2025-04-15 08:15:00,2025-04-16 23:42:00,636.71,634.25,-2.46,-0.39,258.8,39.45
997,T-101101,TXN1530249,20250415,20250420.0,5,RESOLVED,2025-04-15 08:24:00,2025-04-20 01:38:00,526.68,401.24,-125.44,-23.82,215.9,113.23
998,T-101078,TXN7064012,20250415,20250416.0,1,RESOLVED,2025-04-15 08:50:00,2025-04-16 21:56:00,274.25,276.61,2.36,0.86,53.2,37.1
999,T-101077,TXN3844395,20250415,20250415.0,1,RESOLVED,2025-04-15 08:53:00,2025-04-15 18:29:54,352.49,352.42,-0.07,-0.02,67.2,9.62
1000,T-101085,TXN5814986,20250415,20250415.0,3,RESOLVED,2025-04-15 08:53:00,2025-04-15 21:31:00,1552.53,1551.8,-0.73,-0.05,401.1,12.63
1001,T-101105,TXN3300359,20250415,20250416.0,5,RESOLVED,2025-04-15 08:54:00,2025-04-16 11:52:03,299.52,308.42,8.9,2.97,100.4,26.97
1002,T-101083,TXN2681150,20250415,20250416.0,2,RESOLVED,2025-04-15 09:43:00,2025-04-16 06:16:55,375.74,383.48,7.74,2.06,77.3,20.57
1003,T-101079,TXN8676947,20250415,20250416.0,1,RESOLVED,2025-04-15 10:59:00,2025-04-16 10:49:00,472.38,458.94,-13.44,-2.85,54.1,23.83
1004,T-101080,TXN3287897,20250415,20250417.0,2,RESOLVED,2025-04-15 11:17:00,2025-04-17 08:31:24,104.44,104.4,-0.04,-0.04,12.6,45.24
1005,T-101092,TXN8178683,20250415,20250415.0,4,RESOLVED,2025-04-15 11:51:00,2025-04-15 20:03:11,405.06,406.28,1.22,0.3,53.1,8.2
1006,T-101099,TXN6772811,20250415,20250416.0,5,RESOLVED,2025-04-15 11:59:00,2025-04-16 05:21:00,1014.82,1011.76,-3.06,-0.3,243.9,17.37
1007,T-101106,TXN3277038,20250415,20250417.0,5,RESOLVED,2025-04-15 12:01:00,2025-04-17 03:06:49,428.02,423.4,-4.62,-1.08,127.0,39.1
1008,T-101104,TXN6116781,20250415,20250416.0,5,RESOLVED,2025-04-15 12:05:00,2025-04-16 15:22:00,398.21,393.62,-4.59,-1.15,137.2,27.28
1009,T-101076,TXN7115125,20250415,20250416.0,1,RESOLVED,2025-04-15 12:05:00,2025-04-16 00:43:11,318.19,325.7,7.51,2.36,43.1,12.64
1010,T-101096,TXN1133979,20250415,20250416.0,5,RESOLVED,2025-04-15 12:36:00,2025-04-16 05:07:33,389.61,392.4,2.79,0.72,173.7,16.53
1011,T-101102,TXN4924020,20250415,20250416.0,5,RESOLVED,2025-04-15 12:40:00,2025-04-16 13:55:00,742.55,753.41,10.86,1.46,290.3,25.25
1012,T-101084,TXN2301663,20250415,20250416.0,2,RESOLVED,2025-04-15 12:41:00,2025-04-16 22:48:00,738.93,741.19,2.26,0.31,139.7,34.12
1013,T-101098,TXN6867161,20250415,,5,IN_PROGRESS,2025-04-15 13:32:00,,114.17,109.55,-4.62,-4.05,43.6,
1014,T-101086,TXN2276157,20250415,20250416.0,3,RESOLVED,2025-04-15 13:37:00,2025-04-16 00:54:00,198.55,203.83,5.28,2.66,37.4,11.28
1015,T-101100,TXN6438781,20250415,20250416.0,5,RESOLVED,2025-04-15 13:40:00,2025-04-16 16:53:00,318.88,312.1,-6.78,-2.13,93.5,27.22
1016,T-101094,TXN3066143,20250415,20250416.0,4,RESOLVED,2025-04-15 13:50:00,2025-04-16 11:44:16,96.73,99.98,3.25,3.36,15.3,21.9
1017,T-101082,TXN8196762,20250415,20250416.0,2,RESOLVED,2025-04-15 14:18:00,2025-04-16 13:38:00,281.81,288.31,6.5,2.31,29.3,23.33
1018,T-101087,TXN9964297,20250415,20250416.0,3,RESOLVED,2025-04-15 14:23:00,2025-04-16 08:27:00,189.38,187.83,-1.55,-0.82,41.1,18.07
1019,T-101108,TXN3447943,20250415,20250416.0,5,RESOLVED,2025-04-15 15:12:00,2025-04-16 21:13:00,842.12,826.2,-15.92,-1.89,263.3,30.02
1020,T-101097,TXN3345127,20250415,20250416.0,5,RESOLVED,2025-04-15 15:36:00,2025-04-16 04:43:40,783.94,800.0,16.06,2.05,206.2,13.13
1021,T-101081,TXN4618531,20250415,20250416.0,2,RESOLVED,2025-04-15 16:05:00,2025-04-16 17:01:13,665.21,667.58,2.37,0.36,116.7,24.94
1022,T-101088,TXN2980641,20250415,20250416.0,3,RESOLVED,2025-04-15 18:15:00,2025-04-16 04:02:00,333.25,328.96,-4.29,-1.29,52.9,9.78
1023,T-101110,TXN1668980,20250415,20250416.0,6,RESOLVED,2025-04-15 18:22:00,2025-04-16 14:02:00,177.76,177.09,-0.67,-0.38,74.2,19.67
1024,T-101109,TXN3110739,20250415,20250417.0,6,RESOLVED,2025-04-15 18:35:00,2025-04-17 16:14:00,77.23,77.34,0.11,0.14,16.6,45.65
1025,T-101103,TXN1596096,20250415,20250417.0,5,RESOLVED,2025-04-15 18:54:00,2025-04-17 08:28:00,126.55,130.24,3.69,2.92,38.3,37.57
1026,T-101115,TXN5757894,20250416,20250417.0,2,RESOLVED,2025-04-16 07:10:00,2025-04-17 01:35:00,142.59,141.47,-1.12,-0.79,26.4,18.42
1027,T-101130,TXN5077018,20250416,20250417.0,5,RESOLVED,2025-04-16 07:10:00,2025-04-17 10:50:28,544.79,544.12,-0.67,-0.12,184.1,27.67
1028,T-101123,TXN2174142,20250416,20250416.0,4,RESOLVED,2025-04-16 07:20:00,2025-04-16 18:31:00,443.08,446.7,3.62,0.82,50.8,11.18
1029,T-101127,TXN1435258,20250416,20250416.0,5,RESOLVED,2025-04-16 07:36:00,2025-04-16 21:16:00,351.8,359.25,7.45,2.12,148.6,13.67
1030,T-101137,TXN9006963,20250416,20250417.0,6,RESOLVED,2025-04-16 07:49:00,2025-04-17 06:30:00,537.44,521.4,-16.04,-2.98,157.2,22.68
1031,T-101125,TXN6587001,20250416,20250417.0,5,RESOLVED,2025-04-16 08:54:00,2025-04-17 07:51:00,294.73,348.04,53.31,18.09,93.5,22.95
1032,T-101132,TXN7275030,20250416,20250416.0,5,RESOLVED,2025-04-16 09:23:00,2025-04-16 23:13:07,335.83,342.28,6.45,1.92,98.2,13.84
1033,T-101126,TXN8325297,20250416,20250419.0,5,RESOLVED,2025-04-16 10:25:00,2025-04-19 14:01:00,342.93,341.14,-1.79,-0.52,94.1,75.6
1034,T-101118,TXN1229011,20250416,20250416.0,3,RESOLVED,2025-04-16 10:31:00,2025-04-16 23:35:20,287.5,297.12,9.62,3.35,59.8,13.07
1035,T-101117,TXN3018190,20250416,20250416.0,3,RESOLVED,2025-04-16 10:45:00,2025-04-16 21:58:32,1038.87,1009.79,-29.08,-2.8,256.4,11.23
1036,T-101121,TXN3440829,20250416,20250417.0,4,RESOLVED,2025-04-16 11:20:00,2025-04-17 04:52:00,821.88,806.61,-15.27,-1.86,126.5,17.53
1037,T-101124,TXN7098665,20250416,20250416.0,4,RESOLVED,2025-04-16 13:10:00,2025-04-16 21:47:00,1151.69,1118.7,-32.99,-2.86,184.7,8.62
1038,T-101122,TXN2697396,20250416,20250417.0,4,RESOLVED,2025-04-16 13:43:00,2025-04-17 05:16:00,707.64,705.52,-2.12,-0.3,146.1,15.55
1039,T-101119,TXN3579432,20250416,20250417.0,3,RESOLVED,2025-04-16 14:15:00,2025-04-17 15:39:16,144.05,146.71,2.66,1.85,39.6,25.4
1040,T-101128,TXN7434680,20250416,20250419.0,5,RESOLVED,2025-04-16 14:19:00,2025-04-19 03:32:00,833.63,843.98,10.35,1.24,290.3,61.22
1041,T-101112,TXN2562642,20250416,20250417.0,1,RESOLVED,2025-04-16 15:04:00,2025-04-17 07:36:00,305.36,394.43,89.07,29.17,27.8,16.53
1042,T-101133,TXN2555589,20250416,20250418.0,5,RESOLVED,2025-04-16 15:33:00,2025-04-18 08:39:00,479.13,481.73,2.6,0.54,119.1,41.1
1043,T-101136,TXN7196210,20250416,20250417.0,6,RESOLVED,2025-04-16 15:53:00,2025-04-17 14:57:00,368.87,378.26,9.39,2.55,133.6,23.07
1044,T-101120,TXN2956806,20250416,20250417.0,3,RESOLVED,2025-04-16 16:12:00,2025-04-17 14:35:00,217.8,196.76,-21.04,-9.66,31.5,22.38
1045,T-101114,TXN4115593,20250416,20250417.0,1,RESOLVED,2025-04-16 16:28:00,2025-04-17 21:41:29,926.15,922.85,-3.3,-0.36,140.5,29.22
1046,T-101111,TXN5436645,20250416,20250417.0,1,RESOLVED,2025-04-16 16:37:00,2025-04-17 07:01:00,122.73,122.37,-0.36,-0.29,23.8,14.4
1047,T-101135,TXN5758044,20250416,20250417.0,5,RESOLVED,2025-04-16 17:09:00,2025-04-17 22:33:00,220.45,217.79,-2.66,-1.21,61.2,29.4
1048,T-101134,TXN4187482,20250416,20250417.0,5,RESOLVED,2025-04-16 17:34:00,2025-04-17 18:10:24,559.61,564.76,5.15,0.92,149.9,24.61
1049,T-101113,TXN2216279,20250416,20250417.0,1,RESOLVED,2025-04-16 17:47:00,2025-04-17 07:22:00,155.73,155.02,-0.71,-0.46,22.5,13.58
1050,T-101116,TXN5857517,20250416,20250417.0,2,RESOLVED,2025-04-16 18:30:00,2025-04-17 11:31:00,417.47,419.93,2.46,0.59,72.5,17.02
1051,T-101129,TXN9996402,20250416,20250417.0,5,RESOLVED,2025-04-16 18:57:00,2025-04-17 11:10:09,85.9,84.97,-0.93,-1.08,17.7,16.22
1052,T-101131,TXN7227289,20250416,,5,IN_PROGRESS,2025-04-16 18:59:00,,88.39,90.97,2.58,2.92,17.8,
1053,T-101167,TXN9026826,20250417,20250418.0,6,RESOLVED,2025-04-17 07:37:00,2025-04-18 16:43:32,268.09,268.58,0.49,0.18,110.0,33.11
1054,T-101145,TXN1148312,20250417,20250418.0,3,RESOLVED,2025-04-17 07:44:00,2025-04-18 00:29:00,506.67,506.06,-0.61,-0.12,84.2,16.75
1055,T-101161,TXN2919568,20250417,20250418.0,5,RESOLVED,2025-04-17 08:59:00,2025-04-18 13:34:41,466.27,454.27,-12.0,-2.57,119.3,28.59
1056,T-101163,TXN6139918,20250417,20250419.0,5,RESOLVED,2025-04-17 09:46:00,2025-04-19 06:26:59,777.31,769.62,-7.69,-0.99,163.9,44.68
1057,T-101142,TXN3214355,20250417,20250417.0,2,RESOLVED,2025-04-17 09:47:00,2025-04-17 16:38:00,217.62,221.31,3.69,1.7,33.6,6.85
1058,T-101149,TXN2744638,20250417,20250418.0,3,RESOLVED,2025-04-17 10:24:00,2025-04-18 10:11:56,88.32,86.35,-1.97,-2.23,21.5,23.8
1059,T-101158,TXN9778684,20250417,20250418.0,5,RESOLVED,2025-04-17 10:41:00,2025-04-18 00:09:48,1827.33,1823.79,-3.54,-0.19,542.7,13.48
1060,T-101166,TXN8884428,20250417,20250418.0,6,RESOLVED,2025-04-17 10:49:00,2025-04-18 05:48:31,482.51,497.64,15.13,3.14,190.9,18.99
1061,T-101141,TXN3179988,20250417,20250418.0,1,RESOLVED,2025-04-17 10:55:00,2025-04-18 16:06:45,1233.09,1191.86,-41.23,-3.34,209.5,29.2
1062,T-101139,TXN7028060,20250417,20250417.0,1,RESOLVED,2025-04-17 11:07:00,2025-04-17 20:45:00,286.33,298.1,11.77,4.11,32.4,9.63
1063,T-101147,TXN9011031,20250417,20250418.0,3,RESOLVED,2025-04-17 11:31:00,2025-04-18 13:50:00,328.64,315.4,-13.24,-4.03,43.0,26.32
1064,T-101144,TXN5879458,20250417,20250418.0,2,RESOLVED,2025-04-17 11:39:00,2025-04-18 00:26:07,257.02,253.88,-3.14,-1.22,36.2,12.79
1065,T-101138,TXN8356698,20250417,20250418.0,1,RESOLVED,2025-04-17 11:41:00,2025-04-18 03:44:00,1075.51,1051.81,-23.7,-2.2,115.0,16.05
1066,T-101154,TXN6045929,20250417,20250417.0,4,RESOLVED,2025-04-17 11:50:00,2025-04-17 21:47:00,379.17,381.87,2.7,0.71,57.8,9.95
1067,T-101140,TXN8280836,20250417,20250417.0,1,RESOLVED,2025-04-17 12:22:00,2025-04-17 23:39:50,784.3,787.93,3.63,0.46,90.8,11.3
1068,T-101162,TXN1951820,20250417,20250419.0,5,RESOLVED,2025-04-17 12:48:00,2025-04-19 07:59:06,1098.04,1100.53,2.49,0.23,294.4,43.18
1069,T-101151,TXN5122835,20250417,20250418.0,3,RESOLVED,2025-04-17 13:24:00,2025-04-18 13:59:00,816.04,656.99,-159.05,-19.49,151.5,24.58
1070,T-101152,TXN1459195,20250417,20250418.0,4,RESOLVED,2025-04-17 13:43:00,2025-04-18 15:59:36,193.56,188.11,-5.45,-2.82,20.7,26.28
1071,T-101168,TXN8601277,20250417,20250418.0,6,RESOLVED,2025-04-17 15:41:00,2025-04-18 21:26:21,152.89,148.54,-4.35,-2.85,63.3,29.76
1072,T-101160,TXN3934084,20250417,20250418.0,5,RESOLVED,2025-04-17 15:41:00,2025-04-18 12:45:58,711.02,713.44,2.42,0.34,282.5,21.08
1073,T-101153,TXN2091331,20250417,,4,IN_PROGRESS,2025-04-17 15:56:00,,1402.19,1428.18,25.99,1.85,179.8,
1074,T-101148,TXN4596225,20250417,20250417.0,3,RESOLVED,2025-04-17 16:42:00,2025-04-17 22:52:00,385.84,328.35,-57.49,-14.9,91.5,6.17
1075,T-101150,TXN2816718,20250417,20250418.0,3,RESOLVED,2025-04-17 16:44:00,2025-04-18 21:26:00,174.94,174.08,-0.86,-0.49,34.9,28.7
1076,T-101146,TXN5181492,20250417,20250418.0,3,RESOLVED,2025-04-17 17:05:00,2025-04-18 00:13:09,288.87,292.43,3.56,1.23,77.5,7.14
1077,T-101164,TXN9476311,20250417,20250418.0,5,RESOLVED,2025-04-17 18:09:00,2025-04-18 18:04:00,271.31,272.79,1.48,0.55,67.6,23.92
1078,T-101165,TXN5205727,20250417,20250418.0,6,RESOLVED,2025-04-17 18:13:00,2025-04-18 14:26:00,491.39,478.3,-13.09,-2.66,157.9,20.22
1079,T-101157,TXN2282672,20250417,20250418.0,5,RESOLVED,2025-04-17 18:16:00,2025-04-18 11:24:00,504.54,506.55,2.01,0.4,194.2,17.13
1080,T-101159,TXN8358109,20250417,20250418.0,5,RESOLVED,2025-04-17 18:31:00,2025-04-18 13:01:16,313.11,312.38,-0.73,-0.23,100.2,18.5
1081,T-101189,TXN4819826,20250418,20250419.0,5,RESOLVED,2025-04-18 08:10:00,2025-04-19 01:49:00,517.69,519.52,1.83,0.35,202.6,17.65
1082,T-101183,TXN9795598,20250418,20250420.0,5,RESOLVED,2025-04-18 08:47:00,2025-04-20 03:36:00,607.86,615.96,8.1,1.33,125.2,42.82
1083,T-101171,TXN4829001,20250418,20250418.0,2,RESOLVED,2025-04-18 09:21:00,2025-04-18 22:24:20,157.99,164.02,6.03,3.82,30.4,13.06
1084,T-101185,TXN6395902,20250418,20250419.0,5,RESOLVED,2025-04-18 09:38:00,2025-04-19 03:23:00,341.4,340.09,-1.31,-0.38,69.3,17.75
1085,T-101191,TXN5921664,20250418,20250419.0,5,RESOLVED,2025-04-18 10:02:00,2025-04-19 18:43:04,373.12,367.1,-6.02,-1.61,138.0,32.68
1086,T-101173,TXN1166231,20250418,20250419.0,2,RESOLVED,2025-04-18 10:27:00,2025-04-19 15:08:00,639.1,650.8,11.7,1.83,94.2,28.68
1087,T-101187,TXN8821773,20250418,20250419.0,5,RESOLVED,2025-04-18 11:10:00,2025-04-19 18:50:00,158.35,163.7,5.35,3.38,64.2,31.67
1088,T-101174,TXN8867226,20250418,20250421.0,2,RESOLVED,2025-04-18 11:12:00,2025-04-21 07:54:00,183.76,183.32,-0.44,-0.24,35.7,68.7
1089,T-101175,TXN1025333,20250418,20250419.0,3,RESOLVED,2025-04-18 11:26:00,2025-04-19 10:51:00,256.29,253.34,-2.95,-1.15,69.5,23.42
1090,T-101179,TXN4267009,20250418,20250419.0,4,RESOLVED,2025-04-18 11:28:00,2025-04-19 02:54:31,638.01,629.31,-8.7,-1.36,96.7,15.44
1091,T-101169,TXN6523690,20250418,20250418.0,1,RESOLVED,2025-04-18 12:06:00,2025-04-18 19:35:00,243.19,245.13,1.94,0.8,31.9,7.48
1092,T-101186,TXN1002939,20250418,20250419.0,5,RESOLVED,2025-04-18 12:36:00,2025-04-19 15:49:00,143.73,144.1,0.37,0.26,37.6,27.22
1093,T-101172,TXN3492183,20250418,,2,IN_PROGRESS,2025-04-18 12:36:00,,1540.6,1559.83,19.23,1.25,235.4,
1094,T-101177,TXN2731005,20250418,20250418.0,3,RESOLVED,2025-04-18 13:17:00,2025-04-18 23:14:26,358.96,354.44,-4.52,-1.26,59.3,9.96
1095,T-101192,TXN1618724,20250418,20250420.0,5,RESOLVED,2025-04-18 13:43:00,2025-04-20 11:22:35,1420.85,1378.02,-42.83,-3.01,608.7,45.66
1096,T-101184,TXN8931605,20250418,20250420.0,5,RESOLVED,2025-04-18 13:59:00,2025-04-20 20:02:00,266.58,268.07,1.49,0.56,62.3,54.05
1097,T-101181,TXN7893720,20250418,20250420.0,4,RESOLVED,2025-04-18 14:46:00,2025-04-20 04:26:00,512.97,519.37,6.4,1.25,71.4,37.67
1098,T-101176,TXN8347517,20250418,20250419.0,3,RESOLVED,2025-04-18 14:49:00,2025-04-19 09:50:00,1809.7,1841.47,31.77,1.76,315.6,19.02
1099,T-101180,TXN7704275,20250418,20250419.0,4,RESOLVED,2025-04-18 15:14:00,2025-04-19 18:06:00,414.97,427.75,12.78,3.08,47.9,26.87
1100,T-101170,TXN5305453,20250418,,2,OPEN,2025-04-18 15:58:00,,1132.11,1132.18,0.07,0.01,235.5,
1101,T-101194,TXN3019555,20250418,20250419.0,6,RESOLVED,2025-04-18 16:35:00,2025-04-19 11:22:36,1541.79,1639.31,97.52,6.33,350.0,18.79
1102,T-101188,TXN4291990,20250418,20250419.0,5,RESOLVED,2025-04-18 17:35:00,2025-04-19 08:26:30,971.6,982.0,10.4,1.07,315.2,14.86
1103,T-101190,TXN6173226,20250418,20250421.0,5,RESOLVED,2025-04-18 17:54:00,2025-04-21 03:17:00,329.13,323.4,-5.73,-1.74,82.0,57.38
1104,T-101178,TXN3116153,20250418,20250419.0,3,RESOLVED,2025-04-18 18:43:00,2025-04-19 12:42:21,324.17,313.85,-10.32,-3.18,85.5,17.99
1105,T-101182,TXN5521030,20250418,20250419.0,4,RESOLVED,2025-04-18 18:48:00,2025-04-19 10:06:32,732.94,723.12,-9.82,-1.34,112.5,15.31
1106,T-101218,TXN5975819,20250421,20250423.0,5,RESOLVED,2025-04-21 07:15:00,2025-04-23 01:58:00,309.39,313.15,3.76,1.22,92.6,42.72
1107,T-101198,TXN4860671,20250421,20250422.0,1,RESOLVED,2025-04-21 07:58:00,2025-04-22 00:24:00,736.67,804.33,67.66,9.18,129.7,16.43
1108,T-101207,TXN9698655,20250421,20250421.0,3,RESOLVED,2025-04-21 08:12:00,2025-04-21 17:57:00,363.34,357.28,-6.06,-1.67,49.5,9.75
1109,T-101205,TXN1536999,20250421,20250421.0,2,RESOLVED,2025-04-21 08:17:00,2025-04-21 18:35:00,2198.53,2227.93,29.4,1.34,312.5,10.3
1110,T-101223,TXN6696254,20250421,20250422.0,5,RESOLVED,2025-04-21 08:29:00,2025-04-22 12:54:00,709.94,713.73,3.79,0.53,246.5,28.42
1111,T-101206,TXN1212480,20250421,20250422.0,2,RESOLVED,2025-04-21 08:43:00,2025-04-22 04:16:00,490.65,470.96,-19.69,-4.01,82.2,19.55
1112,T-101221,TXN5621349,20250421,20250423.0,5,RESOLVED,2025-04-21 08:52:00,2025-04-23 03:51:00,285.37,283.6,-1.77,-0.62,59.4,42.98
1113,T-101210,TXN1938383,20250421,20250422.0,3,RESOLVED,2025-04-21 08:56:00,2025-04-22 09:33:29,595.31,596.05,0.74,0.12,149.2,24.62
1114,T-101228,TXN4049009,20250421,20250422.0,6,RESOLVED,2025-04-21 09:28:00,2025-04-22 15:17:00,108.63,111.07,2.44,2.25,23.6,29.82
1115,T-101226,TXN5579472,20250421,,6,IN_PROGRESS,2025-04-21 09:40:00,,1471.86,1597.06,125.2,8.51,497.5,
1116,T-101220,TXN5093193,20250421,20250424.0,5,RESOLVED,2025-04-21 10:00:00,2025-04-24 06:54:41,103.74,102.77,-0.97,-0.94,26.7,68.91
1117,T-101202,TXN5459954,20250421,20250422.0,2,RESOLVED,2025-04-21 10:34:00,2025-04-22 13:22:10,563.22,552.28,-10.94,-1.94,70.5,26.8
1118,T-101197,TXN9104381,20250421,20250422.0,1,RESOLVED,2025-04-21 11:05:00,2025-04-22 02:51:00,333.32,333.63,0.31,0.09,55.1,15.77
1119,T-101213,TXN2054534,20250421,20250421.0,4,RESOLVED,2025-04-21 11:14:00,2025-04-21 17:17:32,184.33,183.58,-0.75,-0.41,23.0,6.06
1120,T-101225,TXN9255881,20250421,20250423.0,6,RESOLVED,2025-04-21 11:15:00,2025-04-23 21:56:00,445.1,393.48,-51.62,-11.6,96.2,58.68
1121,T-101215,TXN2230060,20250421,20250422.0,5,RESOLVED,2025-04-21 12:26:00,2025-04-22 04:20:29,201.92,202.28,0.36,0.18,81.8,15.91
1122,T-101203,TXN4780687,20250421,20250422.0,2,RESOLVED,2025-04-21 13:44:00,2025-04-22 14:26:00,1077.18,1074.04,-3.14,-0.29,108.1,24.7
1123,T-101208,TXN5613441,20250421,20250422.0,3,RESOLVED,2025-04-21 13:51:00,2025-04-22 13:18:00,558.31,558.83,0.52,0.09,82.1,23.45
1124,T-101216,TXN7726765,20250421,20250422.0,5,RESOLVED,2025-04-21 13:55:00,2025-04-22 14:58:04,1009.26,1027.11,17.85,1.77,355.9,25.05
1125,T-101212,TXN8904537,20250421,20250422.0,4,RESOLVED,2025-04-21 14:01:00,2025-04-22 19:08:00,73.47,69.09,-4.38,-5.96,12.5,29.12
1126,T-101201,TXN7792496,20250421,20250422.0,2,RESOLVED,2025-04-21 14:10:00,2025-04-22 02:04:00,203.82,199.57,-4.25,-2.09,27.4,11.9
1127,T-101224,TXN3785185,20250421,20250423.0,5,RESOLVED,2025-04-21 14:14:00,2025-04-23 16:11:26,336.56,338.91,2.35,0.7,127.7,49.96
1128,T-101227,TXN9456321,20250421,20250423.0,6,RESOLVED,2025-04-21 15:14:00,2025-04-23 15:09:18,128.6,96.58,-32.02,-24.9,29.7,47.92
1129,T-101219,TXN6189361,20250421,20250422.0,5,RESOLVED,2025-04-21 15:23:00,2025-04-22 22:02:00,663.66,685.5,21.84,3.29,158.5,30.65
1130,T-101199,TXN4066057,20250421,20250423.0,1,RESOLVED,2025-04-21 15:25:00,2025-04-23 02:37:00,592.42,590.05,-2.37,-0.4,67.4,35.2
1131,T-101204,TXN7632703,20250421,20250422.0,2,RESOLVED,2025-04-21 15:42:00,2025-04-22 21:40:39,282.48,276.25,-6.23,-2.21,62.3,29.98
1132,T-101211,TXN7017164,20250421,20250422.0,3,RESOLVED,2025-04-21 15:45:00,2025-04-22 10:35:00,655.33,675.35,20.02,3.05,106.7,18.83
1133,T-101200,TXN1097974,20250421,20250422.0,2,RESOLVED,2025-04-21 17:04:00,2025-04-22 19:34:00,856.5,856.6,0.1,0.01,130.7,26.5
1134,T-101222,TXN2939739,20250421,20250422.0,5,RESOLVED,2025-04-21 18:23:00,2025-04-22 17:48:00,887.23,880.6,-6.63,-0.75,295.8,23.42
1135,T-101214,TXN8132111,20250421,20250422.0,5,RESOLVED,2025-04-21 18:33:00,2025-04-22 14:09:29,737.77,732.39,-5.38,-0.73,203.1,19.61
1136,T-101209,TXN1790278,20250421,20250421.0,3,RESOLVED,2025-04-21 18:55:00,2025-04-21 23:48:00,1068.8,1183.01,114.21,10.69,215.7,4.88
1137,T-101247,TXN8520678,20250422,20250422.0,4,RESOLVED,2025-04-22 07:19:00,2025-04-22 21:42:00,527.54,431.56,-95.98,-18.19,88.7,14.38
1138,T-101230,TXN2804403,20250422,20250424.0,1,RESOLVED,2025-04-22 07:24:00,2025-04-24 07:51:29,920.08,776.56,-143.52,-15.6,78.5,48.46
1139,T-101260,TXN6696097,20250422,20250422.0,5,RESOLVED,2025-04-22 07:27:00,2025-04-22 12:42:00,741.26,765.44,24.18,3.26,193.1,5.25
1140,T-101246,TXN9309148,20250422,20250423.0,4,RESOLVED,2025-04-22 07:28:00,2025-04-23 21:09:00,676.49,689.05,12.56,1.86,69.7,37.68
1141,T-101250,TXN5487104,20250422,20250423.0,4,RESOLVED,2025-04-22 07:32:00,2025-04-23 22:04:00,227.77,220.97,-6.8,-2.99,45.9,38.53
1142,T-101252,TXN2254122,20250422,20250423.0,4,RESOLVED,2025-04-22 07:59:00,2025-04-23 00:55:00,714.54,705.92,-8.62,-1.21,99.1,16.93
1143,T-101232,TXN5574620,20250422,20250423.0,1,RESOLVED,2025-04-22 08:15:00,2025-04-23 16:53:00,155.51,150.28,-5.23,-3.36,13.5,32.63
1144,T-101249,TXN7792907,20250422,20250423.0,4,RESOLVED,2025-04-22 08:28:00,2025-04-23 00:10:00,354.85,357.86,3.01,0.85,57.3,15.7
1145,T-101255,TXN8060736,20250422,20250425.0,5,RESOLVED,2025-04-22 08:42:00,2025-04-25 13:18:00,179.7,180.38,0.68,0.38,50.2,76.6
1146,T-101244,TXN3618135,20250422,20250423.0,3,RESOLVED,2025-04-22 09:15:00,2025-04-23 19:28:00,280.89,286.34,5.45,1.94,61.1,34.22
1147,T-101257,TXN4858395,20250422,20250426.0,5,RESOLVED,2025-04-22 09:16:00,2025-04-26 19:59:00,443.39,426.53,-16.86,-3.8,154.2,106.72
1148,T-101258,TXN5040794,20250422,20250423.0,5,RESOLVED,2025-04-22 09:44:00,2025-04-23 12:04:42,266.04,261.01,-5.03,-1.89,78.3,26.34
1149,T-101236,TXN6709115,20250422,20250423.0,2,RESOLVED,2025-04-22 10:08:00,2025-04-23 13:44:27,657.04,633.53,-23.51,-3.58,66.8,27.61
1150,T-101242,TXN4164942,20250422,20250422.0,3,RESOLVED,2025-04-22 10:16:00,2025-04-22 17:49:20,136.56,139.98,3.42,2.5,30.0,7.56
1151,T-101261,TXN5599353,20250422,20250423.0,5,RESOLVED,2025-04-22 10:23:00,2025-04-23 07:10:00,780.28,777.12,-3.16,-0.4,271.7,20.78
1152,T-101254,TXN7546110,20250422,20250424.0,5,RESOLVED,2025-04-22 10:30:00,2025-04-24 09:09:04,380.91,372.04,-8.87,-2.33,140.2,46.65
1153,T-101234,TXN5239781,20250422,20250423.0,1,RESOLVED,2025-04-22 12:06:00,2025-04-23 10:07:00,1003.6,1001.47,-2.13,-0.21,177.6,22.02
1154,T-101259,TXN5026928,20250422,20250423.0,5,RESOLVED,2025-04-22 12:20:00,2025-04-23 14:48:00,282.26,279.93,-2.33,-0.83,83.0,26.47
1155,T-101264,TXN3768292,20250422,20250423.0,6,RESOLVED,2025-04-22 12:46:00,2025-04-23 05:31:29,389.85,385.99,-3.86,-0.99,157.9,16.76
1156,T-101243,TXN2048780,20250422,20250423.0,3,RESOLVED,2025-04-22 13:22:00,2025-04-23 06:49:33,334.27,326.9,-7.37,-2.2,44.9,17.46
1157,T-101248,TXN5350029,20250422,20250422.0,4,RESOLVED,2025-04-22 13:32:00,2025-04-22 23:20:00,64.1,64.03,-0.07,-0.11,8.0,9.8
1158,T-101240,TXN1926920,20250422,20250423.0,3,RESOLVED,2025-04-22 14:09:00,2025-04-23 06:07:18,133.24,130.58,-2.66,-2.0,26.3,15.97
1159,T-101263,TXN7433477,20250422,20250423.0,5,RESOLVED,2025-04-22 14:11:00,2025-04-23 07:37:43,167.86,165.83,-2.03,-1.21,72.0,17.45
1160,T-101231,TXN4492770,20250422,20250423.0,1,RESOLVED,2025-04-22 14:21:00,2025-04-23 16:52:00,1261.36,1223.34,-38.02,-3.01,131.7,26.52
1161,T-101245,TXN2436652,20250422,20250423.0,3,RESOLVED,2025-04-22 14:22:00,2025-04-23 11:45:50,454.87,452.96,-1.91,-0.42,106.3,21.4
1162,T-101235,TXN3883958,20250422,20250423.0,2,RESOLVED,2025-04-22 14:36:00,2025-04-23 22:01:47,150.53,148.18,-2.35,-1.56,29.0,31.43
1163,T-101253,TXN1913481,20250422,20250423.0,4,RESOLVED,2025-04-22 15:02:00,2025-04-23 03:20:00,159.24,162.58,3.34,2.1,18.2,12.3
1164,T-101262,TXN8235745,20250422,20250425.0,5,RESOLVED,2025-04-22 15:38:00,2025-04-25 03:55:03,1253.3,1267.03,13.73,1.1,287.0,60.28
1165,T-101237,TXN8281540,20250422,20250424.0,2,RESOLVED,2025-04-22 16:00:00,2025-04-24 20:20:00,445.42,437.6,-7.82,-1.76,66.0,52.33
1166,T-101239,TXN2208946,20250422,20250423.0,3,RESOLVED,2025-04-22 17:06:00,2025-04-23 13:43:00,133.02,123.45,-9.57,-7.19,29.5,20.62
1167,T-101251,TXN2218362,20250422,20250423.0,4,RESOLVED,2025-04-22 17:35:00,2025-04-23 02:24:51,2369.94,2357.5,-12.44,-0.52,362.9,8.83
1168,T-101229,TXN8326448,20250422,20250424.0,1,RESOLVED,2025-04-22 18:14:00,2025-04-24 21:13:08,380.02,395.0,14.98,3.94,74.3,50.99
1169,T-101241,TXN7982993,20250422,20250424.0,3,RESOLVED,2025-04-22 18:19:00,2025-04-24 02:20:13,486.27,488.75,2.48,0.51,88.3,32.02
1170,T-101282,TXN4352995,20250423,20250423.0,5,RESOLVED,2025-04-23 08:03:00,2025-04-23 23:38:00,82.74,84.45,1.71,2.07,28.6,15.58
1171,T-101283,TXN1006543,20250423,20250424.0,5,RESOLVED,2025-04-23 08:54:00,2025-04-24 13:46:00,421.12,414.25,-6.87,-1.63,151.4,28.87
1172,T-101275,TXN1212664,20250423,20250424.0,4,RESOLVED,2025-04-23 10:15:00,2025-04-24 03:57:04,810.96,796.94,-14.02,-1.73,136.1,17.7
1173,T-101286,TXN1802096,20250423,20250424.0,5,RESOLVED,2025-04-23 10:38:00,2025-04-24 01:56:00,308.44,307.02,-1.42,-0.46,132.8,15.3
1174,T-101273,TXN9543142,20250423,20250423.0,3,RESOLVED,2025-04-23 10:41:00,2025-04-23 21:04:46,136.8,146.52,9.72,7.11,27.6,10.4
1175,T-101272,TXN7713572,20250423,20250423.0,3,RESOLVED,2025-04-23 11:11:00,2025-04-23 23:32:21,756.91,758.14,1.23,0.16,128.5,12.36
1176,T-101285,TXN2960552,20250423,20250424.0,5,RESOLVED,2025-04-23 11:45:00,2025-04-24 08:21:00,504.88,526.79,21.91,4.34,148.8,20.6
1177,T-101288,TXN1857645,20250423,20250425.0,6,RESOLVED,2025-04-23 11:55:00,2025-04-25 20:24:00,419.86,468.72,48.86,11.64,78.7,56.48
1178,T-101277,TXN1337639,20250423,20250424.0,4,RESOLVED,2025-04-23 12:03:00,2025-04-24 02:06:00,802.27,634.27,-168.0,-20.94,110.1,14.05
1179,T-101265,TXN1693397,20250423,20250424.0,1,RESOLVED,2025-04-23 12:28:00,2025-04-24 09:01:00,632.63,634.72,2.09,0.33,73.5,20.55
1180,T-101268,TXN5723150,20250423,20250428.0,2,RESOLVED,2025-04-23 12:51:00,2025-04-28 02:45:00,737.24,739.58,2.34,0.32,104.1,109.9
1181,T-101271,TXN5299523,20250423,20250423.0,3,RESOLVED,2025-04-23 14:23:00,2025-04-23 20:51:04,287.21,288.55,1.34,0.47,68.3,6.47
1182,T-101270,TXN1132383,20250423,20250424.0,2,RESOLVED,2025-04-23 15:45:00,2025-04-24 23:50:00,595.64,598.47,2.83,0.48,66.7,32.08
1183,T-101266,TXN5448713,20250423,20250425.0,2,RESOLVED,2025-04-23 16:14:00,2025-04-25 04:14:34,105.7,105.29,-0.41,-0.39,13.3,36.01
1184,T-101269,TXN9811137,20250423,20250424.0,2,RESOLVED,2025-04-23 16:37:00,2025-04-24 21:05:00,329.6,330.37,0.77,0.23,66.0,28.47
1185,T-101279,TXN5164081,20250423,20250425.0,4,RESOLVED,2025-04-23 16:50:00,2025-04-25 20:34:04,485.39,492.94,7.55,1.56,101.9,51.73
1186,T-101281,TXN7068682,20250423,20250425.0,5,RESOLVED,2025-04-23 17:05:00,2025-04-25 02:26:51,1335.17,1325.95,-9.22,-0.69,512.4,33.36
1187,T-101267,TXN6650115,20250423,20250425.0,2,RESOLVED,2025-04-23 17:20:00,2025-04-25 01:48:44,1233.99,1246.2,12.21,0.99,231.0,32.48
1188,T-101280,TXN7958384,20250423,20250426.0,5,RESOLVED,2025-04-23 17:30:00,2025-04-26 15:27:00,124.09,123.37,-0.72,-0.58,39.8,69.95
1189,T-101287,TXN6760115,20250423,20250424.0,6,RESOLVED,2025-04-23 18:46:00,2025-04-24 23:53:25,284.15,293.38,9.23,3.25,79.5,29.12
1190,T-101278,TXN3226697,20250423,20250424.0,4,RESOLVED,2025-04-23 18:47:00,2025-04-24 11:28:00,680.21,656.49,-23.72,-3.49,119.1,16.68
1191,T-101276,TXN5342815,20250423,20250423.0,4,RESOLVED,2025-04-23 18:58:00,2025-04-23 23:03:00,332.19,333.11,0.92,0.28,58.1,4.08
1192,T-101315,TXN6767625,20250424,20250427.0,5,RESOLVED,2025-04-24 07:04:00,2025-04-27 06:27:15,465.46,454.24,-11.22,-2.41,170.8,71.39
1193,T-101303,TXN1998238,20250424,20250425.0,3,RESOLVED,2025-04-24 07:51:00,2025-04-25 07:38:00,308.91,285.25,-23.66,-7.66,69.1,23.78
1194,T-101302,TXN2558415,20250424,20250424.0,3,RESOLVED,2025-04-24 08:02:00,2025-04-24 18:07:00,138.71,142.0,3.29,2.37,29.8,10.08
1195,T-101322,TXN2833999,20250424,,5,OPEN,2025-04-24 08:18:00,,334.57,317.29,-17.28,-5.16,144.6,
1196,T-101301,TXN1111823,20250424,20250424.0,3,RESOLVED,2025-04-24 08:28:00,2025-04-24 19:50:26,226.21,231.02,4.81,2.13,59.8,11.37
1197,T-101298,TXN5876033,20250424,20250426.0,3,RESOLVED,2025-04-24 08:39:00,2025-04-26 05:42:00,2137.62,2057.56,-80.06,-3.75,483.9,45.05
1198,T-101304,TXN1415771,20250424,20250424.0,3,RESOLVED,2025-04-24 08:58:00,2025-04-24 16:27:00,560.11,563.27,3.16,0.56,151.1,7.48
1199,T-101326,TXN3652423,20250424,20250425.0,6,RESOLVED,2025-04-24 09:07:00,2025-04-25 01:24:10,271.52,278.74,7.22,2.66,62.7,16.29
1200,T-101290,TXN5781285,20250424,20250424.0,1,RESOLVED,2025-04-24 09:22:00,2025-04-24 23:35:00,329.07,332.71,3.64,1.11,35.3,14.22
1201,T-101291,TXN9598444,20250424,20250424.0,1,RESOLVED,2025-04-24 09:56:00,2025-04-24 23:44:53,575.51,558.88,-16.63,-2.89,63.7,13.81
1202,T-101318,TXN2761808,20250424,20250424.0,5,RESOLVED,2025-04-24 10:27:00,2025-04-24 22:01:34,184.43,183.1,-1.33,-0.72,48.7,11.58
1203,T-101313,TXN3960601,20250424,20250424.0,5,RESOLVED,2025-04-24 11:03:00,2025-04-24 23:15:40,620.86,611.41,-9.45,-1.52,274.1,12.21
1204,T-101325,TXN7320768,20250424,20250426.0,6,RESOLVED,2025-04-24 11:38:00,2025-04-26 12:36:52,838.68,852.98,14.3,1.71,352.2,48.98
1205,T-101314,TXN9132296,20250424,20250425.0,5,RESOLVED,2025-04-24 11:51:00,2025-04-25 03:12:14,850.76,985.03,134.27,15.78,293.0,15.35
1206,T-101305,TXN2049323,20250424,20250425.0,4,RESOLVED,2025-04-24 12:26:00,2025-04-25 07:21:00,559.44,558.97,-0.47,-0.08,96.6,18.92
1207,T-101323,TXN4913838,20250424,20250426.0,5,RESOLVED,2025-04-24 12:45:00,2025-04-26 07:38:00,578.5,614.03,35.53,6.14,231.2,42.88
1208,T-101308,TXN6209696,20250424,20250425.0,4,RESOLVED,2025-04-24 12:45:00,2025-04-25 08:24:00,407.3,409.74,2.44,0.6,65.9,19.65
1209,T-101293,TXN9325565,20250424,20250427.0,2,RESOLVED,2025-04-24 13:23:00,2025-04-27 08:06:00,436.44,450.37,13.93,3.19,88.7,66.72
1210,T-101307,TXN5798646,20250424,20250425.0,4,RESOLVED,2025-04-24 13:26:00,2025-04-25 03:52:18,891.48,876.23,-15.25,-1.71,107.0,14.44
1211,T-101312,TXN1329650,20250424,20250425.0,5,RESOLVED,2025-04-24 13:29:00,2025-04-25 22:14:17,77.84,75.97,-1.87,-2.4,25.2,32.75
1212,T-101324,TXN6257900,20250424,20250426.0,6,RESOLVED,2025-04-24 13:36:00,2025-04-26 04:03:00,250.62,249.78,-0.84,-0.34,85.8,38.45
1213,T-101317,TXN2442525,20250424,20250425.0,5,RESOLVED,2025-04-24 13:40:00,2025-04-25 23:12:00,109.38,108.13,-1.25,-1.14,44.1,33.53
1214,T-101299,TXN1575718,20250424,20250425.0,3,RESOLVED,2025-04-24 13:58:00,2025-04-25 09:11:51,136.12,137.0,0.88,0.65,33.1,19.23
1215,T-101295,TXN5885967,20250424,,2,OPEN,2025-04-24 14:15:00,,181.17,186.62,5.45,3.01,19.0,
1216,T-101320,TXN8410035,20250424,20250426.0,5,RESOLVED,2025-04-24 14:25:00,2025-04-26 05:33:00,317.68,308.72,-8.96,-2.82,87.8,39.13
1217,T-101292,TXN9257572,20250424,20250425.0,1,RESOLVED,2025-04-24 14:34:00,2025-04-25 14:09:02,644.77,638.09,-6.68,-1.04,99.7,23.58
1218,T-101296,TXN5930197,20250424,20250425.0,2,RESOLVED,2025-04-24 14:58:00,2025-04-25 00:54:00,422.1,422.82,0.72,0.17,92.2,9.93
1219,T-101328,TXN5391236,20250424,20250426.0,6,RESOLVED,2025-04-24 15:16:00,2025-04-26 05:50:00,309.64,305.9,-3.74,-1.21,107.8,38.57
1220,T-101309,TXN7747941,20250424,20250424.0,4,RESOLVED,2025-04-24 15:18:00,2025-04-24 20:28:00,366.59,364.59,-2.0,-0.55,61.5,5.17
1221,T-101297,TXN7934454,20250424,,2,IN_PROGRESS,2025-04-24 15:24:00,,217.96,219.29,1.33,0.61,42.1,
1222,T-101321,TXN6188443,20250424,20250425.0,5,RESOLVED,2025-04-24 15:27:00,2025-04-25 06:38:00,419.41,419.37,-0.04,-0.01,166.3,15.18
1223,T-101319,TXN9059680,20250424,20250425.0,5,RESOLVED,2025-04-24 15:42:00,2025-04-25 12:16:52,169.11,171.93,2.82,1.67,66.1,20.58
1224,T-101294,TXN9203768,20250424,20250425.0,2,RESOLVED,2025-04-24 16:25:00,2025-04-25 10:30:18,851.31,847.92,-3.39,-0.4,171.5,18.09
1225,T-101316,TXN9676130,20250424,20250426.0,5,RESOLVED,2025-04-24 16:32:00,2025-04-26 01:59:00,347.14,348.85,1.71,0.49,76.2,33.45
1226,T-101306,TXN1998920,20250424,20250425.0,4,RESOLVED,2025-04-24 16:44:00,2025-04-25 06:31:00,560.37,562.12,1.75,0.31,66.4,13.78
1227,T-101310,TXN3487521,20250424,20250425.0,4,RESOLVED,2025-04-24 17:26:00,2025-04-25 08:46:00,127.32,126.55,-0.77,-0.6,22.6,15.33
1228,T-101300,TXN9554078,20250424,20250425.0,3,RESOLVED,2025-04-24 17:49:00,2025-04-25 20:13:00,210.51,211.98,1.47,0.7,36.2,26.4
1229,T-101289,TXN8789274,20250424,20250426.0,1,RESOLVED,2025-04-24 18:40:00,2025-04-26 19:25:00,266.5,270.31,3.81,1.43,40.5,48.75
1230,T-101359,TXN9529174,20250425,,6,OPEN,2025-04-25 07:06:00,,1847.0,1852.3,5.3,0.29,666.5,
1231,T-101331,TXN9586254,20250425,20250426.0,1,RESOLVED,2025-04-25 07:13:00,2025-04-26 08:35:00,205.45,198.29,-7.16,-3.49,27.2,25.37
1232,T-101356,TXN9927843,20250425,20250427.0,5,RESOLVED,2025-04-25 07:25:00,2025-04-27 01:46:00,94.59,117.75,23.16,24.48,20.9,42.35
1233,T-101357,TXN6555670,20250425,20250426.0,5,RESOLVED,2025-04-25 07:49:00,2025-04-26 22:37:00,425.84,437.72,11.88,2.79,133.0,38.8
1234,T-101333,TXN1998105,20250425,20250425.0,1,RESOLVED,2025-04-25 08:31:00,2025-04-25 17:21:00,411.31,395.6,-15.71,-3.82,68.9,8.83
1235,T-101336,TXN7798468,20250425,20250426.0,1,RESOLVED,2025-04-25 09:32:00,2025-04-26 07:43:29,494.51,488.95,-5.56,-1.12,89.4,22.19
1236,T-101352,TXN9586900,20250425,20250426.0,4,RESOLVED,2025-04-25 10:17:00,2025-04-26 21:10:21,203.53,205.74,2.21,1.09,34.5,34.89
1237,T-101329,TXN1577760,20250425,20250426.0,1,RESOLVED,2025-04-25 10:32:00,2025-04-26 05:25:08,596.93,592.71,-4.22,-0.71,90.9,18.89
1238,T-101332,TXN9097392,20250425,20250425.0,1,RESOLVED,2025-04-25 10:54:00,2025-04-25 22:54:51,637.77,631.01,-6.76,-1.06,108.4,12.01
1239,T-101351,TXN2444057,20250425,20250426.0,4,RESOLVED,2025-04-25 10:56:00,2025-04-26 09:43:30,320.26,322.56,2.3,0.72,35.8,22.79
1240,T-101335,TXN9381006,20250425,20250426.0,1,RESOLVED,2025-04-25 11:30:00,2025-04-26 04:30:03,396.37,391.87,-4.5,-1.14,37.1,17.0
1241,T-101353,TXN8568119,20250425,20250427.0,5,RESOLVED,2025-04-25 12:03:00,2025-04-27 00:49:19,575.52,584.84,9.32,1.62,118.2,36.77
1242,T-101349,TXN5066063,20250425,20250426.0,3,RESOLVED,2025-04-25 12:14:00,2025-04-26 18:42:00,833.7,813.58,-20.12,-2.41,210.9,30.47
1243,T-101340,TXN8197965,20250425,20250426.0,2,RESOLVED,2025-04-25 12:14:00,2025-04-26 19:16:00,790.39,758.51,-31.88,-4.03,114.6,31.03
1244,T-101343,TXN6092759,20250425,20250426.0,2,RESOLVED,2025-04-25 12:38:00,2025-04-26 21:05:00,173.03,169.36,-3.67,-2.12,17.8,32.45
1245,T-101337,TXN9063900,20250425,20250426.0,1,RESOLVED,2025-04-25 12:53:00,2025-04-26 03:56:00,495.59,499.4,3.81,0.77,41.9,15.05
1246,T-101334,TXN6130517,20250425,20250426.0,1,RESOLVED,2025-04-25 13:31:00,2025-04-26 08:38:41,439.78,431.91,-7.87,-1.79,69.6,19.13
1247,T-101345,TXN5105357,20250425,20250426.0,2,RESOLVED,2025-04-25 14:07:00,2025-04-26 05:14:06,1160.18,1145.02,-15.16,-1.31,249.5,15.12
1248,T-101348,TXN6612437,20250425,20250427.0,3,RESOLVED,2025-04-25 14:31:00,2025-04-27 12:43:28,390.83,386.25,-4.58,-1.17,52.3,46.21
1249,T-101358,TXN7937274,20250425,20250426.0,5,RESOLVED,2025-04-25 15:28:00,2025-04-26 21:21:00,286.09,292.7,6.61,2.31,61.0,29.88
1250,T-101346,TXN2290163,20250425,20250426.0,3,RESOLVED,2025-04-25 15:57:00,2025-04-26 04:12:00,652.57,653.67,1.1,0.17,154.8,12.25
1251,T-101350,TXN6662031,20250425,20250426.0,4,RESOLVED,2025-04-25 16:19:00,2025-04-26 15:27:36,443.06,402.84,-40.22,-9.08,55.7,23.14
1252,T-101339,TXN5012851,20250425,20250427.0,2,RESOLVED,2025-04-25 17:11:00,2025-04-27 15:30:00,95.44,96.82,1.38,1.45,19.7,46.32
1253,T-101338,TXN6804879,20250425,20250426.0,1,RESOLVED,2025-04-25 17:16:00,2025-04-26 10:30:00,3282.45,3239.58,-42.87,-1.31,501.1,17.23
1254,T-101347,TXN8034795,20250425,20250426.0,3,RESOLVED,2025-04-25 17:59:00,2025-04-26 06:04:17,1864.99,1911.58,46.59,2.5,405.5,12.09
1255,T-101344,TXN7756779,20250425,20250426.0,2,RESOLVED,2025-04-25 18:30:00,2025-04-26 21:52:00,365.15,358.78,-6.37,-1.74,74.5,27.37
1256,T-101330,TXN4515313,20250425,20250426.0,1,RESOLVED,2025-04-25 18:49:00,2025-04-26 04:34:00,1067.98,1080.41,12.43,1.16,115.7,9.75
1257,T-101383,TXN7952571,20250428,20250429.0,3,RESOLVED,2025-04-28 07:28:00,2025-04-29 08:40:53,349.93,340.35,-9.58,-2.74,82.1,25.21
1258,T-101386,TXN6193468,20250428,,4,IN_PROGRESS,2025-04-28 07:30:00,,164.55,161.86,-2.69,-1.63,27.3,
1259,T-101365,TXN8095328,20250428,20250429.0,1,RESOLVED,2025-04-28 07:35:00,2025-04-29 00:36:30,4043.27,2849.5,-1193.77,-29.52,766.3,17.02
1260,T-101399,TXN1328591,20250428,20250430.0,6,RESOLVED,2025-04-28 07:37:00,2025-04-30 06:31:27,589.11,596.59,7.48,1.27,115.7,46.91
1261,T-101400,TXN1802075,20250428,20250502.0,6,RESOLVED,2025-04-28 07:41:00,2025-05-02 19:11:00,208.34,213.24,4.9,2.35,81.4,107.5
1262,T-101373,TXN6189811,20250428,20250428.0,3,RESOLVED,2025-04-28 08:49:00,2025-04-28 23:48:54,604.51,618.44,13.93,2.3,113.6,15.0
1263,T-101370,TXN9995713,20250428,20250429.0,2,RESOLVED,2025-04-28 08:52:00,2025-04-29 06:07:57,404.64,393.63,-11.01,-2.72,74.7,21.27
1264,T-101385,TXN4374906,20250428,20250429.0,4,RESOLVED,2025-04-28 09:03:00,2025-04-29 04:15:00,805.12,813.76,8.64,1.07,124.6,19.2
1265,T-101398,TXN7069299,20250428,20250501.0,6,RESOLVED,2025-04-28 09:34:00,2025-05-01 08:00:00,366.21,364.63,-1.58,-0.43,118.9,70.43
1266,T-101394,TXN4701045,20250428,20250429.0,5,RESOLVED,2025-04-28 10:01:00,2025-04-29 06:46:00,461.97,476.72,14.75,3.19,172.6,20.75
1267,T-101368,TXN2496515,20250428,20250428.0,2,RESOLVED,2025-04-28 10:08:00,2025-04-28 22:11:00,713.39,718.64,5.25,0.74,102.5,12.05
1268,T-101376,TXN1175488,20250428,20250428.0,3,RESOLVED,2025-04-28 10:09:00,2025-04-28 19:45:00,1065.58,1072.02,6.44,0.6,203.7,9.6
1269,T-101392,TXN8501900,20250428,,5,OPEN,2025-04-28 10:40:00,,344.1,338.73,-5.37,-1.56,106.3,
1270,T-101375,TXN3438121,20250428,20250429.0,3,RESOLVED,2025-04-28 11:11:00,2025-04-29 06:49:00,593.74,600.81,7.07,1.19,91.6,19.63
1271,T-101369,TXN2192798,20250428,20250501.0,2,RESOLVED,2025-04-28 11:41:00,2025-05-01 12:41:31,695.27,685.72,-9.55,-1.37,150.1,73.01
1272,T-101389,TXN1186295,20250428,20250429.0,5,RESOLVED,2025-04-28 11:51:00,2025-04-29 03:38:21,315.18,226.48,-88.7,-28.14,77.8,15.79
1273,T-101361,TXN4081577,20250428,20250429.0,1,RESOLVED,2025-04-28 12:21:00,2025-04-29 00:00:00,1286.73,1295.47,8.74,0.68,221.8,11.65
1274,T-101379,TXN1636660,20250428,,3,IN_PROGRESS,2025-04-28 12:56:00,,167.41,163.7,-3.71,-2.22,29.4,
1275,T-101377,TXN4926410,20250428,20250429.0,3,RESOLVED,2025-04-28 12:56:00,2025-04-29 00:03:00,419.53,427.2,7.67,1.83,66.9,11.12
1276,T-101380,TXN5432498,20250428,20250429.0,3,RESOLVED,2025-04-28 13:12:00,2025-04-29 05:45:00,951.23,820.42,-130.81,-13.75,234.4,16.55
1277,T-101364,TXN8731502,20250428,20250429.0,1,RESOLVED,2025-04-28 13:17:00,2025-04-29 12:55:00,432.55,440.84,8.29,1.92,76.1,23.63
1278,T-101371,TXN5959446,20250428,20250429.0,2,RESOLVED,2025-04-28 13:33:00,2025-04-29 09:39:00,673.76,659.77,-13.99,-2.08,130.7,20.1
1279,T-101360,TXN4027980,20250428,20250430.0,1,RESOLVED,2025-04-28 13:55:00,2025-04-30 10:45:39,104.66,103.49,-1.17,-1.12,10.2,44.84
1280,T-101366,TXN1195051,20250428,20250501.0,2,RESOLVED,2025-04-28 14:44:00,2025-05-01 11:24:18,466.34,468.55,2.21,0.47,92.3,68.67
1281,T-101393,TXN5415469,20250428,20250429.0,5,RESOLVED,2025-04-28 15:13:00,2025-04-29 21:13:00,296.97,298.55,1.58,0.53,96.1,30.0
1282,T-101363,TXN2784753,20250428,,1,IN_PROGRESS,2025-04-28 15:18:00,,172.17,163.12,-9.05,-5.26,32.4,
1283,T-101374,TXN7691899,20250428,20250429.0,3,RESOLVED,2025-04-28 15:31:00,2025-04-29 00:12:00,713.1,708.42,-4.68,-0.66,135.4,8.68
1284,T-101387,TXN8759270,20250428,20250429.0,4,RESOLVED,2025-04-28 15:38:00,2025-04-29 01:08:35,690.79,707.75,16.96,2.46,116.9,9.51
1285,T-101372,TXN5471366,20250428,20250429.0,3,RESOLVED,2025-04-28 15:45:00,2025-04-29 22:01:00,134.53,139.12,4.59,3.41,30.3,30.27
1286,T-101390,TXN4180429,20250428,,5,IN_PROGRESS,2025-04-28 15:52:00,,1580.02,1616.4,36.38,2.3,519.4,
1287,T-101362,TXN4367412,20250428,20250429.0,1,RESOLVED,2025-04-28 15:58:00,2025-04-29 22:40:22,431.63,447.7,16.07,3.72,53.0,30.71
1288,T-101384,TXN4273298,20250428,20250429.0,3,RESOLVED,2025-04-28 16:00:00,2025-04-29 05:20:18,329.19,338.81,9.62,2.92,46.7,13.34
1289,T-101378,TXN5487727,20250428,20250429.0,3,RESOLVED,2025-04-28 16:10:00,2025-04-29 22:51:30,282.79,285.76,2.97,1.05,63.6,30.69
1290,T-101397,TXN3128935,20250428,20250504.0,6,RESOLVED,2025-04-28 16:32:00,2025-05-04 14:12:00,380.25,390.57,10.32,2.71,143.7,141.67
1291,T-101367,TXN4357540,20250428,20250429.0,2,RESOLVED,2025-04-28 16:48:00,2025-04-29 21:47:00,340.33,336.12,-4.21,-1.24,72.2,28.98
1292,T-101382,TXN1556472,20250428,20250429.0,3,RESOLVED,2025-04-28 17:14:00,2025-04-29 03:23:00,431.97,429.97,-2.0,-0.46,83.0,10.15
1293,T-101388,TXN5956690,20250428,20250429.0,4,RESOLVED,2025-04-28 17:27:00,2025-04-29 04:15:00,1464.76,1471.41,6.65,0.45,177.7,10.8
1294,T-101396,TXN7081076,20250428,20250430.0,6,RESOLVED,2025-04-28 17:49:00,2025-04-30 09:24:00,310.94,311.4,0.46,0.15,90.9,39.58
1295,T-101381,TXN5993487,20250428,20250430.0,3,RESOLVED,2025-04-28 18:19:00,2025-04-30 06:44:00,453.8,442.17,-11.63,-2.56,81.0,36.42
1296,T-101395,TXN9655170,20250428,20250429.0,6,RESOLVED,2025-04-28 18:55:00,2025-04-29 20:54:00,111.54,109.0,-2.54,-2.28,21.5,25.98
1297,T-101407,TXN5535607,20250429,20250430.0,2,RESOLVED,2025-04-29 07:16:00,2025-04-30 23:47:54,169.85,171.64,1.79,1.05,32.5,40.53
1298,T-101424,TXN5119093,20250429,20250429.0,4,RESOLVED,2025-04-29 07:21:00,2025-04-29 18:33:00,210.76,208.42,-2.34,-1.11,42.0,11.2
1299,T-101436,TXN9852584,20250429,20250430.0,5,RESOLVED,2025-04-29 07:32:00,2025-04-30 07:29:44,330.27,323.36,-6.91,-2.09,136.9,23.96
1300,T-101431,TXN1516807,20250429,20250430.0,5,RESOLVED,2025-04-29 07:33:00,2025-04-30 06:46:59,258.53,263.01,4.48,1.73,104.8,23.23
1301,T-101425,TXN4593868,20250429,20250429.0,4,RESOLVED,2025-04-29 07:40:00,2025-04-29 20:03:28,424.54,432.04,7.5,1.77,44.7,12.39
1302,T-101410,TXN7371781,20250429,20250430.0,2,RESOLVED,2025-04-29 07:50:00,2025-04-30 23:46:00,679.74,675.12,-4.62,-0.68,87.6,39.93
1303,T-101419,TXN4180887,20250429,20250429.0,3,RESOLVED,2025-04-29 08:01:00,2025-04-29 21:57:00,377.87,377.02,-0.85,-0.22,85.7,13.93
1304,T-101401,TXN3232444,20250429,20250430.0,1,RESOLVED,2025-04-29 08:46:00,2025-04-30 10:41:00,244.93,243.61,-1.32,-0.54,36.2,25.92
1305,T-101428,TXN5887820,20250429,20250501.0,5,RESOLVED,2025-04-29 09:41:00,2025-05-01 00:55:00,274.31,266.31,-8.0,-2.92,118.3,39.23
1306,T-101434,TXN6992041,20250429,20250430.0,5,RESOLVED,2025-04-29 11:03:00,2025-04-30 21:24:00,2477.79,2494.41,16.62,0.67,615.8,34.35
1307,T-101404,TXN7860800,20250429,20250429.0,1,RESOLVED,2025-04-29 12:21:00,2025-04-29 21:58:00,527.65,529.99,2.34,0.44,102.1,9.62
1308,T-101412,TXN1313726,20250429,20250430.0,2,RESOLVED,2025-04-29 12:21:00,2025-04-30 05:29:00,159.36,159.07,-0.29,-0.18,21.2,17.13
1309,T-101426,TXN6719624,20250429,20250430.0,5,RESOLVED,2025-04-29 12:26:00,2025-04-30 17:01:00,789.83,963.74,173.91,22.02,233.9,28.58
1310,T-101440,TXN6162865,20250429,20250430.0,6,RESOLVED,2025-04-29 12:40:00,2025-04-30 07:24:00,648.06,673.46,25.4,3.92,234.3,18.73
1311,T-101439,TXN8990646,20250429,20250430.0,6,RESOLVED,2025-04-29 12:43:00,2025-04-30 06:53:00,331.31,338.18,6.87,2.07,123.0,18.17
1312,T-101416,TXN4517649,20250429,20250430.0,3,RESOLVED,2025-04-29 12:54:00,2025-04-30 03:10:00,461.4,460.92,-0.48,-0.1,62.9,14.27
1313,T-101420,TXN3109793,20250429,20250430.0,3,RESOLVED,2025-04-29 13:37:00,2025-04-30 02:06:37,194.2,196.91,2.71,1.4,37.5,12.49
1314,T-101406,TXN4140940,20250429,,2,IN_PROGRESS,2025-04-29 14:05:00,,267.25,277.65,10.4,3.89,52.5,
1315,T-101418,TXN9781365,20250429,20250430.0,3,RESOLVED,2025-04-29 14:08:00,2025-04-30 08:55:00,198.75,196.23,-2.52,-1.27,33.2,18.78
1316,T-101409,TXN8802491,20250429,20250430.0,2,RESOLVED,2025-04-29 14:14:00,2025-04-30 08:41:21,784.46,773.35,-11.11,-1.42,142.2,18.46
1317,T-101430,TXN5324360,20250429,20250430.0,5,RESOLVED,2025-04-29 14:52:00,2025-04-30 21:16:00,414.09,425.46,11.37,2.75,135.8,30.4
1318,T-101413,TXN2656581,20250429,20250430.0,3,RESOLVED,2025-04-29 15:06:00,2025-04-30 01:40:57,188.89,190.38,1.49,0.79,25.5,10.58
1319,T-101432,TXN2432895,20250429,20250430.0,5,RESOLVED,2025-04-29 15:09:00,2025-04-30 13:48:00,775.72,771.35,-4.37,-0.56,323.3,22.65
1320,T-101403,TXN6115348,20250429,20250502.0,1,RESOLVED,2025-04-29 15:30:00,2025-05-02 12:47:59,400.9,409.64,8.74,2.18,62.4,69.3
1321,T-101405,TXN4739044,20250429,20250430.0,2,RESOLVED,2025-04-29 15:47:00,2025-04-30 15:15:14,552.57,563.47,10.9,1.97,61.8,23.47
1322,T-101427,TXN1788847,20250429,20250430.0,5,RESOLVED,2025-04-29 16:05:00,2025-04-30 22:44:38,104.6,105.37,0.77,0.74,23.3,30.66
1323,T-101414,TXN5147484,20250429,20250430.0,3,RESOLVED,2025-04-29 16:30:00,2025-04-30 01:54:00,674.9,689.61,14.71,2.18,87.6,9.4
1324,T-101438,TXN9307930,20250429,20250501.0,6,RESOLVED,2025-04-29 16:31:00,2025-05-01 01:05:54,1300.43,1284.81,-15.62,-1.2,523.9,32.58
1325,T-101435,TXN7005011,20250429,20250430.0,5,RESOLVED,2025-04-29 17:32:00,2025-04-30 20:23:00,787.21,793.51,6.3,0.8,252.9,26.85
1326,T-101415,TXN5223577,20250429,20250430.0,3,RESOLVED,2025-04-29 17:38:00,2025-04-30 02:44:00,173.99,176.03,2.04,1.17,29.3,9.1
1327,T-101411,TXN5857273,20250429,20250430.0,2,RESOLVED,2025-04-29 17:42:00,2025-04-30 14:54:00,640.99,750.89,109.9,17.15,122.2,21.2
1328,T-101429,TXN7208215,20250429,20250501.0,5,RESOLVED,2025-04-29 17:47:00,2025-05-01 02:25:52,1364.99,1345.67,-19.32,-1.42,555.9,32.65
1329,T-101417,TXN1312826,20250429,20250429.0,3,RESOLVED,2025-04-29 17:52:00,2025-04-29 23:10:00,1600.43,1614.3,13.87,0.87,249.0,5.3
1330,T-101408,TXN4242929,20250429,20250501.0,2,RESOLVED,2025-04-29 17:59:00,2025-05-01 10:38:00,223.67,220.17,-3.5,-1.56,32.1,40.65
1331,T-101441,TXN6058762,20250429,20250430.0,6,RESOLVED,2025-04-29 18:22:00,2025-04-30 05:50:00,471.69,470.77,-0.92,-0.2,174.5,11.47
1332,T-101421,TXN1381556,20250429,20250430.0,3,RESOLVED,2025-04-29 18:22:00,2025-04-30 09:50:00,1312.45,1319.83,7.38,0.56,317.9,15.47
1333,T-101423,TXN9831626,20250429,20250430.0,4,RESOLVED,2025-04-29 18:44:00,2025-04-30 05:14:51,279.12,240.41,-38.71,-13.87,31.9,10.51
1334,T-101433,TXN7542775,20250429,20250502.0,5,RESOLVED,2025-04-29 18:48:00,2025-05-02 01:21:00,814.91,801.74,-13.17,-1.62,343.3,54.55
1335,T-101459,TXN9516609,20250430,20250501.0,4,RESOLVED,2025-04-30 07:35:00,2025-05-01 06:25:00,834.47,832.59,-1.88,-0.23,126.0,22.83
1336,T-101451,TXN8552775,20250430,20250502.0,3,RESOLVED,2025-04-30 07:43:00,2025-05-02 11:24:00,208.45,214.27,5.82,2.79,32.6,51.68
1337,T-101467,TXN7602859,20250430,20250501.0,5,RESOLVED,2025-04-30 07:44:00,2025-05-01 07:37:35,711.4,700.01,-11.39,-1.6,247.1,23.89
1338,T-101452,TXN8541824,20250430,,3,IN_PROGRESS,2025-04-30 08:19:00,,422.49,421.13,-1.36,-0.32,86.2,
1339,T-101446,TXN7440124,20250430,20250501.0,2,RESOLVED,2025-04-30 08:33:00,2025-05-01 21:52:56,418.19,410.44,-7.75,-1.85,84.6,37.33
1340,T-101468,TXN2875239,20250430,20250501.0,5,RESOLVED,2025-04-30 08:43:00,2025-05-01 11:13:00,865.18,869.89,4.71,0.54,299.8,26.5
1341,T-101470,TXN4032614,20250430,20250501.0,6,RESOLVED,2025-04-30 09:12:00,2025-05-01 05:20:00,90.23,90.21,-0.02,-0.02,18.1,20.13
1342,T-101448,TXN5644872,20250430,,2,OPEN,2025-04-30 09:14:00,,641.87,642.3,0.43,0.07,117.6,
1343,T-101444,TXN1744874,20250430,20250505.0,1,RESOLVED,2025-04-30 09:17:00,2025-05-05 06:29:00,124.5,136.02,11.52,9.25,16.7,117.2
1344,T-101457,TXN2935312,20250430,20250501.0,4,RESOLVED,2025-04-30 09:44:00,2025-05-01 12:35:00,1339.43,1310.22,-29.21,-2.18,134.5,26.85
1345,T-101445,TXN8664291,20250430,20250430.0,1,RESOLVED,2025-04-30 09:53:00,2025-04-30 19:47:00,541.14,533.72,-7.42,-1.37,54.8,9.9
1346,T-101463,TXN8505035,20250430,20250501.0,5,RESOLVED,2025-04-30 10:05:00,2025-05-01 21:52:00,290.04,344.5,54.46,18.78,86.9,35.78
1347,T-101454,TXN6405457,20250430,20250430.0,3,RESOLVED,2025-04-30 10:46:00,2025-04-30 19:42:00,191.39,192.11,0.72,0.38,35.4,8.93
1348,T-101462,TXN1301258,20250430,20250502.0,5,RESOLVED,2025-04-30 11:27:00,2025-05-02 06:07:00,177.95,182.08,4.13,2.32,76.9,42.67
1349,T-101458,TXN4863793,20250430,20250502.0,4,RESOLVED,2025-04-30 11:39:00,2025-05-02 04:10:00,225.78,223.08,-2.7,-1.2,23.8,40.52
1350,T-101464,TXN1667984,20250430,20250501.0,5,RESOLVED,2025-04-30 12:25:00,2025-05-01 21:32:00,3461.58,3471.39,9.81,0.28,687.1,33.12
1351,T-101469,TXN1937927,20250430,,5,OPEN,2025-04-30 12:42:00,,679.63,682.63,3.0,0.44,266.4,
1352,T-101443,TXN5255931,20250430,,1,IN_PROGRESS,2025-04-30 12:59:00,,672.99,681.32,8.33,1.24,117.2,
1353,T-101449,TXN3429706,20250430,20250501.0,2,RESOLVED,2025-04-30 13:16:00,2025-05-01 10:05:00,205.34,206.07,0.73,0.36,40.5,20.82
1354,T-101447,TXN9819105,20250430,20250502.0,2,RESOLVED,2025-04-30 13:36:00,2025-05-02 17:39:56,890.45,880.96,-9.49,-1.07,104.9,52.07
1355,T-101455,TXN4954851,20250430,20250501.0,3,RESOLVED,2025-04-30 14:19:00,2025-05-01 07:12:00,815.67,814.11,-1.56,-0.19,130.2,16.88
1356,T-101456,TXN8066832,20250430,20250501.0,3,RESOLVED,2025-04-30 14:21:00,2025-05-01 21:04:00,291.11,301.27,10.16,3.49,57.7,30.72
1357,T-101466,TXN1982569,20250430,20250501.0,5,RESOLVED,2025-04-30 15:17:00,2025-05-01 16:08:00,886.79,885.15,-1.64,-0.18,234.7,24.85
1358,T-101442,TXN5766038,20250430,20250501.0,1,RESOLVED,2025-04-30 15:51:00,2025-05-01 06:37:00,1317.51,1300.81,-16.7,-1.27,195.6,14.77
1359,T-101465,TXN7156142,20250430,20250501.0,5,RESOLVED,2025-04-30 16:19:00,2025-05-01 12:32:57,472.27,473.98,1.71,0.36,119.3,20.23
1360,T-101460,TXN4039253,20250430,20250501.0,4,RESOLVED,2025-04-30 17:57:00,2025-05-01 13:01:00,297.33,293.65,-3.68,-1.24,34.6,19.07
1361,T-101450,TXN4408989,20250430,,2,IN_PROGRESS,2025-04-30 17:57:00,,636.68,650.43,13.75,2.16,91.2,
1362,T-101503,TXN3941527,20250501,20250503.0,5,RESOLVED,2025-05-01 07:02:00,2025-05-03 01:28:00,970.83,987.9,17.07,1.76,223.1,42.43
1363,T-101501,TXN3656388,20250501,20250501.0,5,RESOLVED,2025-05-01 07:08:00,2025-05-01 19:17:00,523.37,510.43,-12.94,-2.47,226.1,12.15
1364,T-101494,TXN9131094,20250501,20250501.0,4,RESOLVED,2025-05-01 07:12:00,2025-05-01 23:46:49,1353.29,1371.9,18.61,1.38,162.5,16.58
1365,T-101493,TXN8374635,20250501,20250502.0,3,RESOLVED,2025-05-01 07:22:00,2025-05-02 04:50:31,704.67,696.17,-8.5,-1.21,113.5,21.48
1366,T-101507,TXN5620941,20250501,20250502.0,6,RESOLVED,2025-05-01 07:24:00,2025-05-02 21:58:49,288.24,258.51,-29.73,-10.31,53.8,38.58
1367,T-101506,TXN6614242,20250501,20250504.0,6,RESOLVED,2025-05-01 07:37:00,2025-05-04 01:20:23,146.86,149.18,2.32,1.58,54.7,65.72
1368,T-101489,TXN7390667,20250501,20250501.0,3,RESOLVED,2025-05-01 07:39:00,2025-05-01 18:59:00,1015.1,1000.9,-14.2,-1.4,256.2,11.33
1369,T-101490,TXN8663133,20250501,20250502.0,3,RESOLVED,2025-05-01 08:16:00,2025-05-02 23:26:00,680.94,667.05,-13.89,-2.04,154.2,39.17
1370,T-101478,TXN8015446,20250501,20250502.0,1,RESOLVED,2025-05-01 08:17:00,2025-05-02 04:40:00,213.53,211.75,-1.78,-0.83,19.7,20.38
1371,T-101477,TXN3687355,20250501,,1,IN_PROGRESS,2025-05-01 08:22:00,,98.61,99.07,0.46,0.47,10.5,
1372,T-101497,TXN4708920,20250501,20250502.0,4,RESOLVED,2025-05-01 08:45:00,2025-05-02 02:35:08,142.92,143.75,0.83,0.58,19.5,17.84
1373,T-101482,TXN8676839,20250501,20250504.0,2,RESOLVED,2025-05-01 10:08:00,2025-05-04 10:35:00,519.5,517.81,-1.69,-0.33,110.2,72.45
1374,T-101473,TXN3991685,20250501,20250502.0,1,RESOLVED,2025-05-01 10:09:00,2025-05-02 03:25:21,413.85,412.13,-1.72,-0.42,70.2,17.27
1375,T-101496,TXN9060811,20250501,20250503.0,4,RESOLVED,2025-05-01 10:48:00,2025-05-03 14:28:44,386.64,385.71,-0.93,-0.24,47.5,51.68
1376,T-101474,TXN7252743,20250501,20250502.0,1,RESOLVED,2025-05-01 11:03:00,2025-05-02 12:14:00,240.53,242.93,2.4,1.0,20.8,25.18
1377,T-101483,TXN5043094,20250501,20250502.0,2,RESOLVED,2025-05-01 12:36:00,2025-05-02 12:40:00,204.52,206.05,1.53,0.75,44.3,24.07
1378,T-101485,TXN1648833,20250501,20250505.0,2,RESOLVED,2025-05-01 12:41:00,2025-05-05 00:17:14,52.71,52.09,-0.62,-1.18,5.8,83.6
1379,T-101508,TXN1844336,20250501,20250504.0,6,RESOLVED,2025-05-01 12:52:00,2025-05-04 05:40:14,546.01,551.15,5.14,0.94,209.6,64.8
1380,T-101495,TXN4838089,20250501,20250501.0,4,RESOLVED,2025-05-01 13:10:00,2025-05-01 22:53:19,62.27,62.38,0.11,0.18,7.6,9.72
1381,T-101475,TXN8827374,20250501,20250502.0,1,RESOLVED,2025-05-01 13:28:00,2025-05-02 02:16:00,912.1,924.45,12.35,1.35,132.0,12.8
1382,T-101481,TXN1810392,20250501,20250501.0,1,RESOLVED,2025-05-01 13:58:00,2025-05-01 23:24:00,400.36,398.92,-1.44,-0.36,35.6,9.43
1383,T-101486,TXN6252840,20250501,20250502.0,3,RESOLVED,2025-05-01 14:00:00,2025-05-02 09:06:00,114.7,117.99,3.29,2.87,30.2,19.1
1384,T-101472,TXN5228545,20250501,20250502.0,1,RESOLVED,2025-05-01 14:02:00,2025-05-02 04:48:10,191.75,183.99,-7.76,-4.05,36.0,14.77
1385,T-101471,TXN7777856,20250501,20250502.0,1,RESOLVED,2025-05-01 14:27:00,2025-05-02 01:18:29,525.87,543.22,17.35,3.3,53.0,10.86
1386,T-101479,TXN9510186,20250501,20250502.0,1,RESOLVED,2025-05-01 14:28:00,2025-05-02 12:23:52,325.74,319.14,-6.6,-2.03,31.1,21.93
1387,T-101491,TXN9358689,20250501,,3,IN_PROGRESS,2025-05-01 14:30:00,,266.84,267.25,0.41,0.15,40.2,
1388,T-101484,TXN7893380,20250501,20250502.0,2,RESOLVED,2025-05-01 15:32:00,2025-05-02 16:49:00,1086.48,1062.86,-23.62,-2.17,184.7,25.28
1389,T-101499,TXN5830844,20250501,20250503.0,5,RESOLVED,2025-05-01 15:50:00,2025-05-03 12:45:20,975.26,984.98,9.72,1.0,405.7,44.92
1390,T-101498,TXN3774333,20250501,20250502.0,4,RESOLVED,2025-05-01 16:08:00,2025-05-02 13:52:05,737.45,726.1,-11.35,-1.54,79.2,21.73
1391,T-101505,TXN5606332,20250501,20250502.0,5,RESOLVED,2025-05-01 16:09:00,2025-05-02 00:34:00,2044.11,2114.21,70.1,3.43,474.1,8.42
1392,T-101500,TXN4787856,20250501,20250503.0,5,RESOLVED,2025-05-01 16:13:00,2025-05-03 01:47:39,1827.42,1864.82,37.4,2.05,682.5,33.58
1393,T-101476,TXN1894324,20250501,,1,OPEN,2025-05-01 16:31:00,,688.89,679.23,-9.66,-1.4,116.4,
1394,T-101502,TXN8110776,20250501,20250504.0,5,RESOLVED,2025-05-01 17:24:00,2025-05-04 23:07:00,237.29,239.2,1.91,0.8,90.3,77.72
1395,T-101504,TXN5311626,20250501,20250503.0,5,RESOLVED,2025-05-01 18:19:00,2025-05-03 03:06:34,763.72,750.27,-13.45,-1.76,322.0,32.79
1396,T-101492,TXN7979427,20250501,20250502.0,3,RESOLVED,2025-05-01 18:29:00,2025-05-02 15:37:00,1124.14,1158.02,33.88,3.01,175.9,21.13
1397,T-101487,TXN6048341,20250501,20250502.0,3,RESOLVED,2025-05-01 18:50:00,2025-05-02 03:37:00,713.84,700.15,-13.69,-1.92,142.6,8.78
1398,T-101531,TXN7057195,20250502,20250503.0,5,RESOLVED,2025-05-02 07:10:00,2025-05-03 02:50:00,466.87,524.63,57.76,12.37,198.6,19.67
1399,T-101536,TXN8664677,20250502,20250502.0,5,RESOLVED,2025-05-02 07:17:00,2025-05-02 21:20:00,1798.55,1744.65,-53.9,-3.0,690.8,14.05
1400,T-101545,TXN1639488,20250502,20250505.0,6,RESOLVED,2025-05-02 07:25:00,2025-05-05 23:25:00,48.97,49.68,0.71,1.45,14.1,88.0
1401,T-101530,TXN3731055,20250502,20250503.0,5,RESOLVED,2025-05-02 07:38:00,2025-05-03 19:30:00,194.41,197.12,2.71,1.39,41.6,35.87
1402,T-101540,TXN8186485,20250502,20250503.0,5,RESOLVED,2025-05-02 07:49:00,2025-05-03 17:00:00,512.57,523.08,10.51,2.05,126.6,33.18
1403,T-101514,TXN6276549,20250502,20250503.0,2,RESOLVED,2025-05-02 07:59:00,2025-05-03 21:52:02,1388.58,1373.05,-15.53,-1.12,147.5,37.88
1404,T-101510,TXN2752439,20250502,20250503.0,1,RESOLVED,2025-05-02 08:05:00,2025-05-03 04:36:35,235.53,242.12,6.59,2.8,30.0,20.53
1405,T-101543,TXN2368081,20250502,20250507.0,6,RESOLVED,2025-05-02 08:10:00,2025-05-07 04:35:00,407.05,394.69,-12.36,-3.04,165.8,116.42
1406,T-101524,TXN9262170,20250502,20250503.0,3,RESOLVED,2025-05-02 09:00:00,2025-05-03 10:28:00,469.46,453.68,-15.78,-3.36,81.5,25.47
1407,T-101515,TXN2161721,20250502,20250504.0,2,RESOLVED,2025-05-02 09:04:00,2025-05-04 03:31:45,433.2,432.3,-0.9,-0.21,47.0,42.46
1408,T-101525,TXN7251359,20250502,20250503.0,4,RESOLVED,2025-05-02 09:05:00,2025-05-03 20:33:00,349.54,401.95,52.41,14.99,59.2,35.47
1409,T-101513,TXN3424835,20250502,20250502.0,2,RESOLVED,2025-05-02 09:39:00,2025-05-02 21:51:11,1295.57,1297.49,1.92,0.15,251.2,12.2
1410,T-101516,TXN8224081,20250502,20250504.0,2,RESOLVED,2025-05-02 09:47:00,2025-05-04 04:55:00,400.56,370.61,-29.95,-7.48,70.1,43.13
1411,T-101527,TXN3844601,20250502,20250503.0,4,RESOLVED,2025-05-02 10:38:00,2025-05-03 06:36:00,332.5,335.02,2.52,0.76,34.2,19.97
1412,T-101541,TXN2662783,20250502,20250503.0,5,RESOLVED,2025-05-02 10:59:00,2025-05-03 15:52:00,276.48,266.04,-10.44,-3.78,96.6,28.88
1413,T-101544,TXN7582678,20250502,20250505.0,6,RESOLVED,2025-05-02 11:20:00,2025-05-05 07:44:19,420.32,408.2,-12.12,-2.88,172.7,68.41
1414,T-101535,TXN2699067,20250502,20250503.0,5,RESOLVED,2025-05-02 12:12:00,2025-05-03 09:14:54,339.98,344.31,4.33,1.27,93.5,21.05
1415,T-101522,TXN8855024,20250502,20250503.0,3,RESOLVED,2025-05-02 12:46:00,2025-05-03 09:58:43,913.32,900.46,-12.86,-1.41,241.4,21.21
1416,T-101546,TXN4398175,20250502,20250503.0,6,RESOLVED,2025-05-02 13:09:00,2025-05-03 20:14:37,827.2,841.43,14.23,1.72,275.9,31.09
1417,T-101512,TXN1905421,20250502,20250505.0,2,RESOLVED,2025-05-02 13:21:00,2025-05-05 04:07:00,939.41,943.42,4.01,0.43,195.7,62.77
1418,T-101537,TXN2540693,20250502,20250503.0,5,RESOLVED,2025-05-02 14:02:00,2025-05-03 12:37:00,591.95,588.42,-3.53,-0.6,125.4,22.58
1419,T-101528,TXN4350185,20250502,20250503.0,4,RESOLVED,2025-05-02 14:20:00,2025-05-03 04:25:45,337.09,337.34,0.25,0.07,32.6,14.1
1420,T-101523,TXN2083043,20250502,20250503.0,3,RESOLVED,2025-05-02 14:22:00,2025-05-03 03:22:00,344.71,356.04,11.33,3.29,52.6,13.0
1421,T-101547,TXN1356034,20250502,20250506.0,6,RESOLVED,2025-05-02 14:30:00,2025-05-06 06:13:00,333.87,348.53,14.66,4.39,139.5,87.72
1422,T-101538,TXN8931886,20250502,20250503.0,5,RESOLVED,2025-05-02 14:33:00,2025-05-03 23:08:00,227.04,222.55,-4.49,-1.98,56.7,32.58
1423,T-101509,TXN4172726,20250502,20250503.0,1,RESOLVED,2025-05-02 15:09:00,2025-05-03 05:16:00,235.11,202.73,-32.38,-13.77,35.8,14.12
1424,T-101517,TXN7399855,20250502,,2,IN_PROGRESS,2025-05-02 15:09:00,,425.55,412.98,-12.57,-2.95,52.5,
1425,T-101519,TXN1548671,20250502,20250503.0,2,RESOLVED,2025-05-02 15:26:00,2025-05-03 03:12:00,294.16,280.58,-13.58,-4.62,29.6,11.77
1426,T-101539,TXN4237344,20250502,20250503.0,5,RESOLVED,2025-05-02 15:36:00,2025-05-03 20:23:00,494.2,503.6,9.4,1.9,106.2,28.78
1427,T-101511,TXN6942802,20250502,20250504.0,1,RESOLVED,2025-05-02 16:18:00,2025-05-04 11:14:10,397.98,404.22,6.24,1.57,76.3,42.94
1428,T-101534,TXN7170298,20250502,20250503.0,5,RESOLVED,2025-05-02 17:02:00,2025-05-03 19:11:00,932.14,963.72,31.58,3.39,208.9,26.15
1429,T-101521,TXN7044924,20250502,20250502.0,3,RESOLVED,2025-05-02 17:30:00,2025-05-02 23:41:00,278.09,284.69,6.6,2.37,69.0,6.18
1430,T-101526,TXN1876538,20250502,20250503.0,4,RESOLVED,2025-05-02 17:38:00,2025-05-03 05:25:00,794.67,927.29,132.62,16.69,122.8,11.78
1431,T-101532,TXN7087057,20250502,20250506.0,5,RESOLVED,2025-05-02 18:42:00,2025-05-06 22:13:29,866.14,841.94,-24.2,-2.79,307.9,99.52
1432,T-101520,TXN7786557,20250502,20250504.0,2,RESOLVED,2025-05-02 18:51:00,2025-05-04 05:40:00,319.68,319.52,-0.16,-0.05,45.2,34.82
1433,T-101569,TXN8009739,20250505,,3,IN_PROGRESS,2025-05-05 07:12:00,,579.58,593.07,13.49,2.33,123.4,
1434,T-101561,TXN6216613,20250505,20250506.0,3,RESOLVED,2025-05-05 07:31:00,2025-05-06 04:40:27,453.67,455.88,2.21,0.49,104.2,21.16
1435,T-101559,TXN7047209,20250505,20250507.0,2,RESOLVED,2025-05-05 07:34:00,2025-05-07 12:11:00,343.86,342.52,-1.34,-0.39,49.3,52.62
1436,T-101551,TXN9473740,20250505,20250506.0,1,RESOLVED,2025-05-05 07:41:00,2025-05-06 21:24:00,839.66,819.23,-20.43,-2.43,70.9,37.72
1437,T-101567,TXN8723037,20250505,20250506.0,3,RESOLVED,2025-05-05 07:56:00,2025-05-06 07:38:00,986.92,983.22,-3.7,-0.37,203.9,23.7
1438,T-101558,TXN9604589,20250505,20250506.0,2,RESOLVED,2025-05-05 07:59:00,2025-05-06 01:38:00,191.54,188.98,-2.56,-1.34,33.6,17.65
1439,T-101574,TXN6881074,20250505,20250506.0,4,RESOLVED,2025-05-05 08:04:00,2025-05-06 00:28:31,861.23,835.02,-26.21,-3.04,164.9,16.41
1440,T-101582,TXN1257762,20250505,20250506.0,5,RESOLVED,2025-05-05 08:13:00,2025-05-06 22:00:00,259.16,255.25,-3.91,-1.51,59.3,37.78
1441,T-101553,TXN2949693,20250505,20250506.0,1,RESOLVED,2025-05-05 08:17:00,2025-05-06 01:33:00,360.69,353.74,-6.95,-1.93,55.3,17.27
1442,T-101573,TXN7563443,20250505,20250506.0,4,RESOLVED,2025-05-05 09:02:00,2025-05-06 06:26:00,84.71,83.59,-1.12,-1.32,16.9,21.4
1443,T-101587,TXN2652888,20250505,20250506.0,6,RESOLVED,2025-05-05 09:02:00,2025-05-06 14:24:00,233.81,237.29,3.48,1.49,72.9,29.37
1444,T-101549,TXN1352460,20250505,20250505.0,1,RESOLVED,2025-05-05 09:04:00,2025-05-05 23:35:58,157.2,157.66,0.46,0.29,21.2,14.53
1445,T-101578,TXN8065004,20250505,20250505.0,5,RESOLVED,2025-05-05 09:15:00,2025-05-05 17:23:42,503.94,495.09,-8.85,-1.76,187.0,8.14
1446,T-101565,TXN4079544,20250505,20250506.0,3,RESOLVED,2025-05-05 09:15:00,2025-05-06 20:55:03,438.78,449.86,11.08,2.53,110.3,35.67
1447,T-101577,TXN7585171,20250505,20250506.0,5,RESOLVED,2025-05-05 09:23:00,2025-05-06 16:48:52,549.75,557.55,7.8,1.42,216.8,31.43
1448,T-101552,TXN3055121,20250505,20250505.0,1,RESOLVED,2025-05-05 09:48:00,2025-05-05 15:13:27,469.82,467.34,-2.48,-0.53,75.6,5.42
1449,T-101581,TXN2116796,20250505,20250506.0,5,RESOLVED,2025-05-05 10:00:00,2025-05-06 18:23:19,900.19,916.16,15.97,1.77,289.5,32.39
1450,T-101554,TXN9927879,20250505,20250506.0,2,RESOLVED,2025-05-05 10:52:00,2025-05-06 14:56:56,424.06,436.22,12.16,2.87,65.7,28.08
1451,T-101548,TXN9250785,20250505,20250505.0,1,RESOLVED,2025-05-05 11:23:00,2025-05-05 18:21:00,146.21,142.27,-3.94,-2.69,18.0,6.97
1452,T-101589,TXN5988956,20250505,20250506.0,6,RESOLVED,2025-05-05 11:26:00,2025-05-06 15:19:00,790.18,805.12,14.94,1.89,228.8,27.88
1453,T-101557,TXN8033827,20250505,20250506.0,2,RESOLVED,2025-05-05 11:49:00,2025-05-06 03:06:00,945.86,951.6,5.74,0.61,121.5,15.28
1454,T-101580,TXN8045509,20250505,20250506.0,5,RESOLVED,2025-05-05 11:56:00,2025-05-06 00:58:15,810.86,798.7,-12.16,-1.5,196.9,13.04
1455,T-101563,TXN2637484,20250505,20250506.0,3,RESOLVED,2025-05-05 12:13:00,2025-05-06 01:38:00,1166.97,1151.11,-15.86,-1.36,285.5,13.42
1456,T-101583,TXN9363840,20250505,20250506.0,5,RESOLVED,2025-05-05 12:26:00,2025-05-06 20:15:15,74.37,92.02,17.65,23.73,25.2,31.82
1457,T-101575,TXN6503575,20250505,20250506.0,5,RESOLVED,2025-05-05 13:15:00,2025-05-06 05:46:00,216.25,218.17,1.92,0.89,94.5,16.52
1458,T-101585,TXN6625317,20250505,20250506.0,6,RESOLVED,2025-05-05 13:24:00,2025-05-06 17:05:00,107.4,105.14,-2.26,-2.1,40.3,27.68
1459,T-101555,TXN8080015,20250505,20250507.0,2,RESOLVED,2025-05-05 13:42:00,2025-05-07 05:50:00,618.25,613.46,-4.79,-0.77,98.2,40.13
1460,T-101586,TXN6198824,20250505,20250506.0,6,RESOLVED,2025-05-05 13:42:00,2025-05-06 23:19:00,467.39,464.55,-2.84,-0.61,188.4,33.62
1461,T-101564,TXN5166047,20250505,20250506.0,3,RESOLVED,2025-05-05 14:20:00,2025-05-06 03:37:00,710.33,692.35,-17.98,-2.53,135.8,13.28
1462,T-101579,TXN2872862,20250505,20250507.0,5,RESOLVED,2025-05-05 14:48:00,2025-05-07 00:46:00,603.02,604.09,1.07,0.18,222.2,33.97
1463,T-101588,TXN8140763,20250505,20250507.0,6,RESOLVED,2025-05-05 14:48:00,2025-05-07 03:13:26,430.15,437.97,7.82,1.82,92.5,36.42
1464,T-101560,TXN6528283,20250505,20250507.0,2,RESOLVED,2025-05-05 15:07:00,2025-05-07 00:01:02,842.54,832.24,-10.3,-1.22,108.9,32.9
1465,T-101572,TXN5634249,20250505,20250506.0,4,RESOLVED,2025-05-05 15:14:00,2025-05-06 04:19:00,399.01,403.73,4.72,1.18,50.9,13.08
1466,T-101562,TXN3435492,20250505,20250506.0,3,RESOLVED,2025-05-05 15:15:00,2025-05-06 07:19:00,217.89,217.2,-0.69,-0.32,45.0,16.07
1467,T-101584,TXN7185018,20250505,20250506.0,5,RESOLVED,2025-05-05 15:22:00,2025-05-06 14:57:48,752.07,757.72,5.65,0.75,269.1,23.6
1468,T-101590,TXN1402146,20250505,,6,IN_PROGRESS,2025-05-05 15:55:00,,671.85,675.98,4.13,0.61,232.0,
1469,T-101566,TXN9313763,20250505,20250508.0,3,RESOLVED,2025-05-05 16:00:00,2025-05-08 00:23:00,302.71,306.54,3.83,1.27,81.6,56.38
1470,T-101570,TXN3042534,20250505,20250506.0,3,RESOLVED,2025-05-05 16:36:00,2025-05-06 03:16:00,303.8,302.61,-1.19,-0.39,38.0,10.67
1471,T-101550,TXN3478278,20250505,20250506.0,1,RESOLVED,2025-05-05 16:41:00,2025-05-06 13:01:20,128.89,129.48,0.59,0.46,22.4,20.34
1472,T-101576,TXN1358032,20250505,20250506.0,5,RESOLVED,2025-05-05 17:36:00,2025-05-06 03:33:00,358.11,364.63,6.52,1.82,124.0,9.95
1473,T-101568,TXN6793242,20250505,20250506.0,3,RESOLVED,2025-05-05 18:35:00,2025-05-06 08:51:47,286.17,279.19,-6.98,-2.44,59.0,14.28
1474,T-101595,TXN3630205,20250506,,2,OPEN,2025-05-06 07:54:00,,1860.45,1906.12,45.67,2.45,241.2,
1475,T-101617,TXN4864764,20250506,20250510.0,5,RESOLVED,2025-05-06 07:56:00,2025-05-10 03:54:10,1443.56,1469.17,25.61,1.77,379.9,91.97
1476,T-101594,TXN1342825,20250506,20250507.0,2,RESOLVED,2025-05-06 08:13:00,2025-05-07 15:14:00,3131.37,3189.15,57.78,1.85,575.7,31.02
1477,T-101619,TXN5206931,20250506,20250507.0,5,RESOLVED,2025-05-06 08:27:00,2025-05-07 16:38:02,297.5,301.45,3.95,1.33,77.4,32.18
1478,T-101620,TXN2651647,20250506,20250508.0,5,RESOLVED,2025-05-06 08:58:00,2025-05-08 17:37:28,389.91,390.46,0.55,0.14,108.1,56.66
1479,T-101611,TXN8772693,20250506,20250507.0,5,RESOLVED,2025-05-06 09:47:00,2025-05-07 13:14:13,329.15,343.02,13.87,4.21,121.5,27.45
1480,T-101612,TXN4953696,20250506,20250509.0,5,RESOLVED,2025-05-06 10:39:00,2025-05-09 06:14:38,258.47,254.47,-4.0,-1.55,86.2,67.59
1481,T-101601,TXN8574853,20250506,20250506.0,2,RESOLVED,2025-05-06 10:50:00,2025-05-06 23:11:00,683.01,677.82,-5.19,-0.76,127.0,12.35
1482,T-101598,TXN3874050,20250506,20250507.0,2,RESOLVED,2025-05-06 10:55:00,2025-05-07 18:41:56,588.82,603.35,14.53,2.47,93.3,31.78
1483,T-101592,TXN5332523,20250506,20250507.0,1,RESOLVED,2025-05-06 10:57:00,2025-05-07 13:49:00,114.72,115.92,1.2,1.05,21.1,26.87
1484,T-101599,TXN1931679,20250506,20250509.0,2,RESOLVED,2025-05-06 11:21:00,2025-05-09 02:38:42,318.48,331.78,13.3,4.18,38.5,63.3
1485,T-101597,TXN1938071,20250506,,2,OPEN,2025-05-06 12:19:00,,313.05,303.19,-9.86,-3.15,42.0,
1486,T-101614,TXN3880373,20250506,20250507.0,5,RESOLVED,2025-05-06 12:35:00,2025-05-07 17:20:00,770.13,753.98,-16.15,-2.1,282.0,28.75
1487,T-101602,TXN9629930,20250506,20250507.0,2,RESOLVED,2025-05-06 12:37:00,2025-05-07 18:10:02,293.63,309.82,16.19,5.51,38.6,29.55
1488,T-101616,TXN9526767,20250506,20250508.0,5,RESOLVED,2025-05-06 12:53:00,2025-05-08 16:44:10,165.14,169.16,4.02,2.43,50.4,51.85
1489,T-101603,TXN7677008,20250506,20250508.0,2,RESOLVED,2025-05-06 13:05:00,2025-05-08 21:17:46,532.51,539.64,7.13,1.34,65.4,56.21
1490,T-101610,TXN3781062,20250506,20250507.0,5,RESOLVED,2025-05-06 13:07:00,2025-05-07 10:06:08,1501.11,1477.68,-23.43,-1.56,642.3,20.99
1491,T-101606,TXN6181409,20250506,20250509.0,3,RESOLVED,2025-05-06 13:13:00,2025-05-09 07:19:45,260.85,270.2,9.35,3.58,56.9,66.11
1492,T-101600,TXN1160569,20250506,20250507.0,2,RESOLVED,2025-05-06 13:47:00,2025-05-07 18:59:00,419.64,421.39,1.75,0.42,83.9,29.2
1493,T-101608,TXN3552176,20250506,20250507.0,4,RESOLVED,2025-05-06 14:53:00,2025-05-07 05:22:48,505.67,507.09,1.42,0.28,84.8,14.5
1494,T-101607,TXN7348513,20250506,20250507.0,4,RESOLVED,2025-05-06 15:33:00,2025-05-07 09:07:00,174.71,176.83,2.12,1.21,34.9,17.57
1495,T-101613,TXN1708018,20250506,20250507.0,5,RESOLVED,2025-05-06 16:10:00,2025-05-07 11:24:00,439.09,445.11,6.02,1.37,182.3,19.23
1496,T-101596,TXN7531471,20250506,20250507.0,2,RESOLVED,2025-05-06 16:24:00,2025-05-07 15:20:59,445.52,425.29,-20.23,-4.54,79.3,22.95
1497,T-101591,TXN5173347,20250506,20250507.0,1,RESOLVED,2025-05-06 16:27:00,2025-05-07 21:56:00,841.75,843.88,2.13,0.25,122.4,29.48
1498,T-101618,TXN4295390,20250506,20250508.0,5,RESOLVED,2025-05-06 17:04:00,2025-05-08 19:20:00,1467.38,1463.01,-4.37,-0.3,321.4,50.27
1499,T-101593,TXN5153544,20250506,20250507.0,1,RESOLVED,2025-05-06 17:39:00,2025-05-07 03:18:10,604.51,616.33,11.82,1.96,87.6,9.65
1500,T-101609,TXN7124252,20250506,20250508.0,4,RESOLVED,2025-05-06 17:56:00,2025-05-08 02:07:37,341.08,346.27,5.19,1.52,70.3,32.19
1501,T-101615,TXN1849040,20250506,20250507.0,5,RESOLVED,2025-05-06 18:16:00,2025-05-07 12:02:19,392.1,391.91,-0.19,-0.05,98.3,17.77
1502,T-101605,TXN8524338,20250506,20250507.0,3,RESOLVED,2025-05-06 18:16:00,2025-05-07 08:02:00,613.59,617.22,3.63,0.59,119.4,13.77
1503,T-101604,TXN3632012,20250506,20250507.0,3,RESOLVED,2025-05-06 18:36:00,2025-05-07 09:55:05,940.89,934.35,-6.54,-0.7,148.7,15.32
1504,T-101639,TXN7712988,20250507,20250508.0,5,RESOLVED,2025-05-07 07:05:00,2025-05-08 09:40:00,157.31,154.64,-2.67,-1.7,63.3,26.58
1505,T-101636,TXN8532055,20250507,20250508.0,5,RESOLVED,2025-05-07 07:55:00,2025-05-08 13:34:00,1487.21,1501.26,14.05,0.94,530.0,29.65
1506,T-101630,TXN9446439,20250507,20250507.0,4,RESOLVED,2025-05-07 08:00:00,2025-05-07 17:57:00,792.3,814.4,22.1,2.79,94.4,9.95
1507,T-101641,TXN4209523,20250507,20250508.0,5,RESOLVED,2025-05-07 08:56:00,2025-05-08 05:31:00,202.83,204.11,1.28,0.63,64.9,20.58
1508,T-101635,TXN5063726,20250507,20250509.0,5,RESOLVED,2025-05-07 09:44:00,2025-05-09 08:42:00,747.12,757.23,10.11,1.35,186.3,46.97
1509,T-101626,TXN6662406,20250507,20250508.0,3,RESOLVED,2025-05-07 10:05:00,2025-05-08 03:08:00,677.3,503.3,-174.0,-25.69,100.7,17.05
1510,T-101625,TXN5788530,20250507,20250511.0,2,RESOLVED,2025-05-07 10:54:00,2025-05-11 04:11:00,367.95,370.01,2.06,0.56,56.0,89.28
1511,T-101622,TXN1482231,20250507,20250508.0,2,RESOLVED,2025-05-07 10:56:00,2025-05-08 16:55:09,197.81,197.26,-0.55,-0.28,21.3,29.99
1512,T-101632,TXN7525980,20250507,20250508.0,4,RESOLVED,2025-05-07 11:23:00,2025-05-08 07:37:54,590.31,587.13,-3.18,-0.54,80.5,20.25
1513,T-101640,TXN7439804,20250507,20250508.0,5,RESOLVED,2025-05-07 12:15:00,2025-05-08 15:15:45,309.11,316.47,7.36,2.38,81.0,27.01
1514,T-101628,TXN6241927,20250507,20250509.0,3,RESOLVED,2025-05-07 12:52:00,2025-05-09 01:41:00,205.17,200.22,-4.95,-2.41,36.2,36.82
1515,T-101631,TXN6368748,20250507,20250508.0,4,RESOLVED,2025-05-07 13:20:00,2025-05-08 12:53:40,499.79,494.8,-4.99,-1.0,83.8,23.56
1516,T-101621,TXN3625000,20250507,20250508.0,2,RESOLVED,2025-05-07 14:36:00,2025-05-08 04:11:00,205.87,209.92,4.05,1.97,34.4,13.58
1517,T-101633,TXN9745464,20250507,20250509.0,4,RESOLVED,2025-05-07 15:04:00,2025-05-09 22:57:00,280.34,269.63,-10.71,-3.82,30.2,55.88
1518,T-101643,TXN6591963,20250507,20250510.0,6,RESOLVED,2025-05-07 15:43:00,2025-05-10 19:13:23,477.52,491.0,13.48,2.82,108.0,75.51
1519,T-101637,TXN8193447,20250507,20250508.0,5,RESOLVED,2025-05-07 15:58:00,2025-05-08 11:49:00,756.04,767.4,11.36,1.5,172.1,19.85
1520,T-101638,TXN3603560,20250507,20250509.0,5,RESOLVED,2025-05-07 16:13:00,2025-05-09 02:25:58,594.04,590.14,-3.9,-0.66,208.7,34.22
1521,T-101629,TXN4957636,20250507,20250508.0,3,RESOLVED,2025-05-07 16:19:00,2025-05-08 07:38:00,452.37,463.92,11.55,2.55,116.2,15.32
1522,T-101642,TXN8489729,20250507,20250508.0,5,RESOLVED,2025-05-07 17:29:00,2025-05-08 22:09:51,1610.12,1628.91,18.79,1.17,436.5,28.68
1523,T-101623,TXN1112054,20250507,20250508.0,2,RESOLVED,2025-05-07 18:10:00,2025-05-08 10:12:58,227.78,228.32,0.54,0.24,43.7,16.05
1524,T-101634,TXN7691560,20250507,20250508.0,5,RESOLVED,2025-05-07 18:51:00,2025-05-08 05:05:00,392.4,392.69,0.29,0.07,100.1,10.23
1525,T-101624,TXN8996751,20250507,20250509.0,2,RESOLVED,2025-05-07 18:58:00,2025-05-09 18:48:00,158.13,159.04,0.91,0.58,18.6,47.83
1526,T-101650,TXN5922735,20250508,20250510.0,2,RESOLVED,2025-05-08 07:28:00,2025-05-10 09:01:00,761.57,774.73,13.16,1.73,154.8,49.55
1527,T-101646,TXN2229254,20250508,20250509.0,1,RESOLVED,2025-05-08 07:58:00,2025-05-09 08:10:18,187.05,182.57,-4.48,-2.4,34.3,24.2
1528,T-101655,TXN6538722,20250508,20250508.0,3,RESOLVED,2025-05-08 08:24:00,2025-05-08 18:43:00,410.7,430.21,19.51,4.75,110.4,10.32
1529,T-101660,TXN2085820,20250508,20250509.0,3,RESOLVED,2025-05-08 08:25:00,2025-05-09 10:12:00,1368.24,1345.73,-22.51,-1.65,170.1,25.78
1530,T-101666,TXN5842749,20250508,20250509.0,5,RESOLVED,2025-05-08 08:55:00,2025-05-09 19:01:04,417.95,413.01,-4.94,-1.18,186.5,34.1
1531,T-101649,TXN9257183,20250508,20250509.0,2,RESOLVED,2025-05-08 09:56:00,2025-05-09 22:30:00,1019.34,991.59,-27.75,-2.72,119.8,36.57
1532,T-101659,TXN5993815,20250508,20250509.0,3,RESOLVED,2025-05-08 10:29:00,2025-05-09 03:08:00,232.25,228.83,-3.42,-1.47,53.2,16.65
1533,T-101671,TXN8529505,20250508,20250509.0,6,RESOLVED,2025-05-08 10:31:00,2025-05-09 04:16:37,160.38,157.42,-2.96,-1.85,34.6,17.76
1534,T-101656,TXN7556710,20250508,20250509.0,3,RESOLVED,2025-05-08 10:35:00,2025-05-09 03:47:00,530.91,527.56,-3.35,-0.63,87.1,17.2
1535,T-101663,TXN5606169,20250508,20250509.0,5,RESOLVED,2025-05-08 11:11:00,2025-05-09 07:51:46,365.97,358.15,-7.82,-2.14,149.7,20.68
1536,T-101664,TXN6307037,20250508,20250509.0,5,RESOLVED,2025-05-08 11:13:00,2025-05-09 19:56:00,195.18,194.07,-1.11,-0.57,69.9,32.72
1537,T-101667,TXN8522338,20250508,20250509.0,5,RESOLVED,2025-05-08 11:28:00,2025-05-09 03:29:36,552.11,462.16,-89.95,-16.29,227.1,16.03
1538,T-101662,TXN6048149,20250508,20250509.0,5,RESOLVED,2025-05-08 12:05:00,2025-05-09 16:16:15,716.79,723.65,6.86,0.96,186.6,28.19
1539,T-101644,TXN4534732,20250508,20250509.0,1,RESOLVED,2025-05-08 12:13:00,2025-05-09 09:09:00,351.7,356.49,4.79,1.36,63.5,20.93
1540,T-101654,TXN6025861,20250508,,3,IN_PROGRESS,2025-05-08 12:32:00,,464.02,466.65,2.63,0.57,117.7,
1541,T-101658,TXN8275269,20250508,20250509.0,3,RESOLVED,2025-05-08 13:24:00,2025-05-09 08:10:00,237.0,225.01,-11.99,-5.06,34.4,18.77
1542,T-101665,TXN8027835,20250508,20250511.0,5,RESOLVED,2025-05-08 14:34:00,2025-05-11 04:28:00,1601.24,1563.91,-37.33,-2.33,381.0,61.9
1543,T-101670,TXN1689292,20250508,20250509.0,5,RESOLVED,2025-05-08 14:43:00,2025-05-09 19:11:00,405.44,397.66,-7.78,-1.92,177.9,28.47
1544,T-101651,TXN4246285,20250508,20250509.0,3,RESOLVED,2025-05-08 15:11:00,2025-05-09 04:16:00,370.06,376.04,5.98,1.62,98.4,13.08
1545,T-101653,TXN3968884,20250508,20250509.0,3,RESOLVED,2025-05-08 15:14:00,2025-05-09 07:31:00,521.13,525.19,4.06,0.78,116.0,16.28
1546,T-101668,TXN3795462,20250508,20250511.0,5,RESOLVED,2025-05-08 15:28:00,2025-05-11 22:12:00,146.68,146.66,-0.02,-0.01,36.9,78.73
1547,T-101648,TXN1915666,20250508,20250510.0,2,RESOLVED,2025-05-08 16:02:00,2025-05-10 04:58:00,264.97,264.58,-0.39,-0.15,45.5,36.93
1548,T-101657,TXN2223818,20250508,,3,OPEN,2025-05-08 16:04:00,,147.57,149.58,2.01,1.36,39.3,
1549,T-101652,TXN8032107,20250508,20250509.0,3,RESOLVED,2025-05-08 16:07:00,2025-05-09 09:10:16,179.68,181.39,1.71,0.95,23.3,17.05
1550,T-101645,TXN1422256,20250508,20250509.0,1,RESOLVED,2025-05-08 17:55:00,2025-05-09 09:55:00,303.5,368.64,65.14,21.46,52.7,16.0
1551,T-101672,TXN8964545,20250508,,6,IN_PROGRESS,2025-05-08 18:13:00,,186.37,199.65,13.28,7.13,47.3,
1552,T-101647,TXN5751963,20250508,20250509.0,1,RESOLVED,2025-05-08 18:15:00,2025-05-09 17:17:00,465.62,485.87,20.25,4.35,63.5,23.03
1553,T-101669,TXN4177970,20250508,20250511.0,5,RESOLVED,2025-05-08 18:15:00,2025-05-11 07:49:53,182.0,182.54,0.54,0.3,56.9,61.58
1554,T-101661,TXN4810078,20250508,20250510.0,4,RESOLVED,2025-05-08 18:54:00,2025-05-10 06:08:00,305.27,295.13,-10.14,-3.32,34.6,35.23
1555,T-101719,TXN4327767,20250509,20250510.0,5,RESOLVED,2025-05-09 07:10:00,2025-05-10 18:49:00,285.71,284.73,-0.98,-0.34,78.4,35.65
1556,T-101682,TXN6046650,20250509,20250512.0,2,RESOLVED,2025-05-09 07:13:00,2025-05-12 13:10:44,66.52,66.01,-0.51,-0.77,9.5,77.96
1557,T-101683,TXN6706076,20250509,20250511.0,2,RESOLVED,2025-05-09 07:26:00,2025-05-11 05:41:04,677.53,679.05,1.52,0.22,79.2,46.25
1558,T-101702,TXN3249332,20250509,,3,IN_PROGRESS,2025-05-09 07:36:00,,280.81,284.98,4.17,1.48,55.1,
1559,T-101707,TXN2809936,20250509,20250510.0,5,RESOLVED,2025-05-09 07:44:00,2025-05-10 08:02:00,240.78,297.27,56.49,23.46,59.1,24.3
1560,T-101690,TXN3193153,20250509,20250509.0,3,RESOLVED,2025-05-09 08:05:00,2025-05-09 21:55:00,1020.91,1041.78,20.87,2.04,258.9,13.83
1561,T-101703,TXN3509784,20250509,20250510.0,3,RESOLVED,2025-05-09 08:27:00,2025-05-10 13:03:00,1715.55,1617.48,-98.07,-5.72,256.9,28.6
1562,T-101696,TXN7173693,20250509,20250510.0,3,RESOLVED,2025-05-09 08:45:00,2025-05-10 18:14:00,167.74,167.88,0.14,0.08,40.3,33.48
1563,T-101693,TXN2170852,20250509,20250509.0,3,RESOLVED,2025-05-09 08:57:00,2025-05-09 15:12:00,398.51,406.96,8.45,2.12,73.5,6.25
1564,T-101705,TXN1454102,20250509,20250510.0,4,RESOLVED,2025-05-09 09:21:00,2025-05-10 11:38:50,154.99,154.81,-0.18,-0.12,23.5,26.3
1565,T-101680,TXN4240253,20250509,20250511.0,2,RESOLVED,2025-05-09 09:28:00,2025-05-11 02:14:43,305.76,227.21,-78.55,-25.69,59.4,40.78
1566,T-101709,TXN1973506,20250509,20250511.0,5,RESOLVED,2025-05-09 09:38:00,2025-05-11 02:10:19,252.71,260.01,7.3,2.89,54.9,40.54
1567,T-101692,TXN9025023,20250509,20250510.0,3,RESOLVED,2025-05-09 09:43:00,2025-05-10 19:17:00,711.77,728.87,17.1,2.4,94.1,33.57
1568,T-101712,TXN4116221,20250509,20250509.0,5,RESOLVED,2025-05-09 09:48:00,2025-05-09 20:51:00,1100.02,1069.87,-30.15,-2.74,457.9,11.05
1569,T-101689,TXN1819788,20250509,20250509.0,3,RESOLVED,2025-05-09 10:00:00,2025-05-09 22:42:28,714.71,617.18,-97.53,-13.65,183.3,12.71
1570,T-101711,TXN8999045,20250509,20250511.0,5,RESOLVED,2025-05-09 10:12:00,2025-05-11 11:07:00,292.38,284.98,-7.4,-2.53,60.1,48.92
1571,T-101673,TXN4108269,20250509,20250510.0,1,RESOLVED,2025-05-09 10:23:00,2025-05-10 03:21:40,431.04,431.89,0.85,0.2,40.8,16.98
1572,T-101710,TXN3322962,20250509,20250512.0,5,RESOLVED,2025-05-09 10:52:00,2025-05-12 07:12:01,229.0,230.37,1.37,0.6,49.7,68.33
1573,T-101678,TXN1168200,20250509,20250511.0,1,RESOLVED,2025-05-09 11:30:00,2025-05-11 22:54:00,929.79,964.7,34.91,3.75,124.6,59.4
1574,T-101716,TXN5701917,20250509,20250510.0,5,RESOLVED,2025-05-09 12:02:00,2025-05-10 22:30:18,1629.21,1623.52,-5.69,-0.35,665.7,34.47
1575,T-101722,TXN6066087,20250509,20250513.0,6,RESOLVED,2025-05-09 12:32:00,2025-05-13 00:26:00,263.97,264.73,0.76,0.29,72.4,83.9
1576,T-101695,TXN8050339,20250509,20250510.0,3,RESOLVED,2025-05-09 12:53:00,2025-05-10 19:24:56,740.09,734.21,-5.88,-0.79,163.8,30.53
1577,T-101684,TXN5991491,20250509,20250510.0,2,RESOLVED,2025-05-09 13:23:00,2025-05-10 14:07:00,313.06,315.8,2.74,0.88,39.8,24.73
1578,T-101688,TXN1291064,20250509,20250510.0,2,RESOLVED,2025-05-09 13:35:00,2025-05-10 20:00:14,588.79,597.9,9.11,1.55,105.0,30.42
1579,T-101676,TXN8040716,20250509,20250512.0,1,RESOLVED,2025-05-09 14:32:00,2025-05-12 12:02:00,890.13,884.18,-5.95,-0.67,107.4,69.5
1580,T-101675,TXN4447209,20250509,20250510.0,1,RESOLVED,2025-05-09 14:47:00,2025-05-10 23:24:07,302.41,297.15,-5.26,-1.74,44.9,32.62
1581,T-101701,TXN3816108,20250509,20250509.0,3,RESOLVED,2025-05-09 15:15:00,2025-05-09 23:45:00,243.62,246.64,3.02,1.24,46.3,8.5
1582,T-101714,TXN6975528,20250509,20250510.0,5,RESOLVED,2025-05-09 15:27:00,2025-05-10 23:23:39,346.12,349.25,3.13,0.9,98.7,31.94
1583,T-101687,TXN4932845,20250509,20250510.0,2,RESOLVED,2025-05-09 15:37:00,2025-05-10 04:41:00,268.4,267.7,-0.7,-0.26,44.9,13.07
1584,T-101718,TXN6913356,20250509,20250510.0,5,RESOLVED,2025-05-09 16:00:00,2025-05-10 05:20:00,348.35,332.33,-16.02,-4.6,116.7,13.33
1585,T-101698,TXN9829520,20250509,20250510.0,3,RESOLVED,2025-05-09 16:22:00,2025-05-10 10:49:19,113.96,114.17,0.21,0.18,24.5,18.46
1586,T-101717,TXN8028592,20250509,20250510.0,5,RESOLVED,2025-05-09 16:38:00,2025-05-10 20:17:47,720.95,720.79,-0.16,-0.02,200.9,27.66
1587,T-101699,TXN1732329,20250509,20250509.0,3,RESOLVED,2025-05-09 16:44:00,2025-05-09 23:45:40,756.89,748.14,-8.75,-1.16,95.8,7.03
1588,T-101697,TXN8078683,20250509,20250510.0,3,RESOLVED,2025-05-09 16:48:00,2025-05-10 01:44:00,104.22,103.33,-0.89,-0.85,17.1,8.93
1589,T-101700,TXN6515865,20250509,20250509.0,3,RESOLVED,2025-05-09 16:52:00,2025-05-09 23:03:00,273.13,273.77,0.64,0.23,55.4,6.18
1590,T-101674,TXN4283432,20250509,20250511.0,1,RESOLVED,2025-05-09 17:06:00,2025-05-11 01:01:00,344.92,345.23,0.31,0.09,30.1,31.92
1591,T-101686,TXN9473829,20250509,20250510.0,2,RESOLVED,2025-05-09 17:08:00,2025-05-10 17:26:49,188.47,190.79,2.32,1.23,37.0,24.31
1592,T-101681,TXN6734240,20250509,20250510.0,2,RESOLVED,2025-05-09 17:21:00,2025-05-10 14:55:57,1653.91,1675.37,21.46,1.3,352.2,21.58
1593,T-101720,TXN3481518,20250509,20250511.0,6,RESOLVED,2025-05-09 17:36:00,2025-05-11 01:00:00,618.5,711.6,93.1,15.05,187.8,31.4
1594,T-101677,TXN2014585,20250509,20250510.0,1,RESOLVED,2025-05-09 17:37:00,2025-05-10 23:18:00,281.66,276.81,-4.85,-1.72,47.6,29.68
1595,T-101706,TXN2868163,20250509,20250511.0,5,RESOLVED,2025-05-09 18:11:00,2025-05-11 00:48:07,212.95,219.71,6.76,3.17,66.2,30.62
1596,T-101713,TXN5850292,20250509,20250513.0,5,RESOLVED,2025-05-09 18:14:00,2025-05-13 06:17:00,2624.66,2616.92,-7.74,-0.29,867.7,84.05
1597,T-101704,TXN1549516,20250509,20250510.0,4,RESOLVED,2025-05-09 18:26:00,2025-05-10 22:40:25,558.22,685.98,127.76,22.89,86.8,28.24
1598,T-101721,TXN1502029,20250509,20250512.0,6,RESOLVED,2025-05-09 18:29:00,2025-05-12 05:01:00,499.03,500.1,1.07,0.21,176.2,58.53
1599,T-101685,TXN2950176,20250509,20250510.0,2,RESOLVED,2025-05-09 18:42:00,2025-05-10 21:35:00,208.17,146.39,-61.78,-29.68,44.7,26.88
1600,T-101679,TXN1240942,20250509,20250510.0,2,RESOLVED,2025-05-09 18:58:00,2025-05-10 04:20:00,687.59,686.33,-1.26,-0.18,94.4,9.37
1601,T-101723,TXN2666101,20250512,20250513.0,1,RESOLVED,2025-05-12 07:27:00,2025-05-13 02:24:00,216.52,268.64,52.12,24.07,36.9,18.95
1602,T-101759,TXN1544837,20250512,20250513.0,5,RESOLVED,2025-05-12 07:27:00,2025-05-13 16:09:00,556.87,569.35,12.48,2.24,170.4,32.7
1603,T-101753,TXN3831458,20250512,20250514.0,5,RESOLVED,2025-05-12 07:33:00,2025-05-14 20:22:00,459.06,462.04,2.98,0.65,141.2,60.82
1604,T-101764,TXN5586287,20250512,20250515.0,6,RESOLVED,2025-05-12 07:52:00,2025-05-15 16:54:00,668.17,660.98,-7.19,-1.08,220.1,81.03
1605,T-101728,TXN8067037,20250512,20250513.0,2,RESOLVED,2025-05-12 07:57:00,2025-05-13 07:41:00,241.44,242.37,0.93,0.39,47.6,23.73
1606,T-101733,TXN3041400,20250512,20250513.0,2,RESOLVED,2025-05-12 08:06:00,2025-05-13 10:19:34,218.89,219.35,0.46,0.21,23.4,26.23
1607,T-101756,TXN2510988,20250512,20250513.0,5,RESOLVED,2025-05-12 08:24:00,2025-05-13 02:33:00,645.39,646.4,1.01,0.16,162.7,18.15
1608,T-101745,TXN4261375,20250512,20250513.0,3,RESOLVED,2025-05-12 08:39:00,2025-05-13 01:26:00,363.5,360.11,-3.39,-0.93,93.9,16.78
1609,T-101762,TXN2450091,20250512,20250513.0,6,RESOLVED,2025-05-12 09:14:00,2025-05-13 13:24:26,1030.9,1012.35,-18.55,-1.8,286.8,28.17
1610,T-101731,TXN6368381,20250512,20250512.0,2,RESOLVED,2025-05-12 09:27:00,2025-05-12 21:23:00,290.78,280.15,-10.63,-3.66,40.0,11.93
1611,T-101726,TXN5513942,20250512,20250512.0,1,RESOLVED,2025-05-12 09:44:00,2025-05-12 22:54:28,225.32,233.99,8.67,3.85,37.6,13.17
1612,T-101727,TXN5925230,20250512,20250513.0,2,RESOLVED,2025-05-12 10:03:00,2025-05-13 11:52:35,534.67,530.79,-3.88,-0.73,78.8,25.83
1613,T-101758,TXN2531652,20250512,20250513.0,5,RESOLVED,2025-05-12 10:09:00,2025-05-13 04:38:05,245.57,237.97,-7.6,-3.09,98.8,18.48
1614,T-101766,TXN9678715,20250512,20250515.0,6,RESOLVED,2025-05-12 10:34:00,2025-05-15 08:55:00,237.13,238.66,1.53,0.65,78.3,70.35
1615,T-101729,TXN1029420,20250512,20250513.0,2,RESOLVED,2025-05-12 11:21:00,2025-05-13 19:21:08,1111.99,1141.03,29.04,2.61,177.9,32.0
1616,T-101742,TXN9887798,20250512,20250514.0,3,RESOLVED,2025-05-12 11:32:00,2025-05-14 07:15:00,2824.32,2755.51,-68.81,-2.44,531.3,43.72
1617,T-101755,TXN3042390,20250512,20250513.0,5,RESOLVED,2025-05-12 11:49:00,2025-05-13 17:57:11,475.96,477.41,1.45,0.3,99.5,30.14
1618,T-101743,TXN4060681,20250512,20250512.0,3,RESOLVED,2025-05-12 12:11:00,2025-05-12 18:31:00,961.85,949.03,-12.82,-1.33,178.4,6.33
1619,T-101732,TXN2799901,20250512,20250513.0,2,RESOLVED,2025-05-12 12:14:00,2025-05-13 06:38:53,163.78,164.44,0.66,0.4,24.3,18.41
1620,T-101752,TXN4073870,20250512,20250513.0,5,RESOLVED,2025-05-12 12:15:00,2025-05-13 18:41:09,572.69,571.87,-0.82,-0.14,140.3,30.44
1621,T-101741,TXN1770985,20250512,20250513.0,3,RESOLVED,2025-05-12 12:29:00,2025-05-13 07:58:00,219.6,217.25,-2.35,-1.07,35.9,19.48
1622,T-101730,TXN9657798,20250512,20250513.0,2,RESOLVED,2025-05-12 12:43:00,2025-05-13 18:04:00,748.44,749.92,1.48,0.2,127.2,29.35
1623,T-101746,TXN5490016,20250512,20250513.0,3,RESOLVED,2025-05-12 12:51:00,2025-05-13 00:35:00,192.73,195.24,2.51,1.3,49.4,11.73
1624,T-101750,TXN2232398,20250512,,4,IN_PROGRESS,2025-05-12 13:02:00,,447.66,581.81,134.15,29.97,53.9,
1625,T-101763,TXN4382711,20250512,20250513.0,6,RESOLVED,2025-05-12 13:05:00,2025-05-13 22:27:13,951.56,946.6,-4.96,-0.52,358.8,33.37
1626,T-101739,TXN4577448,20250512,20250513.0,3,RESOLVED,2025-05-12 13:53:00,2025-05-13 17:57:00,228.23,224.99,-3.24,-1.42,28.4,28.07
1627,T-101754,TXN8564667,20250512,20250517.0,5,RESOLVED,2025-05-12 14:16:00,2025-05-17 03:34:39,207.84,210.74,2.9,1.4,86.2,109.31
1628,T-101749,TXN7448965,20250512,20250513.0,4,RESOLVED,2025-05-12 14:20:00,2025-05-13 05:30:00,592.14,608.43,16.29,2.75,80.9,15.17
1629,T-101765,TXN6060437,20250512,20250513.0,6,RESOLVED,2025-05-12 14:25:00,2025-05-13 04:50:31,268.54,266.11,-2.43,-0.9,100.1,14.43
1630,T-101734,TXN4026110,20250512,20250515.0,2,RESOLVED,2025-05-12 15:25:00,2025-05-15 01:55:00,113.85,110.66,-3.19,-2.8,19.4,58.5
1631,T-101744,TXN2483950,20250512,20250513.0,3,RESOLVED,2025-05-12 15:37:00,2025-05-13 04:14:00,174.33,173.77,-0.56,-0.32,23.1,12.62
1632,T-101735,TXN8718888,20250512,20250514.0,2,RESOLVED,2025-05-12 15:43:00,2025-05-14 03:50:00,485.15,474.57,-10.58,-2.18,54.4,36.12
1633,T-101751,TXN9631504,20250512,20250513.0,5,RESOLVED,2025-05-12 16:11:00,2025-05-13 07:10:00,1350.96,1352.27,1.31,0.1,453.3,14.98
1634,T-101737,TXN6361262,20250512,20250514.0,3,RESOLVED,2025-05-12 16:49:00,2025-05-14 02:56:00,75.42,75.03,-0.39,-0.52,19.5,34.12
1635,T-101767,TXN2451521,20250512,20250514.0,6,RESOLVED,2025-05-12 16:55:00,2025-05-14 03:03:00,1189.99,1197.31,7.32,0.62,457.9,34.13
1636,T-101757,TXN2247980,20250512,20250514.0,5,RESOLVED,2025-05-12 17:11:00,2025-05-14 19:39:57,349.85,362.0,12.15,3.47,91.6,50.48
1637,T-101740,TXN6694820,20250512,20250514.0,3,RESOLVED,2025-05-12 17:12:00,2025-05-14 04:17:00,99.43,101.17,1.74,1.75,27.4,35.08
1638,T-101736,TXN9517487,20250512,20250514.0,2,RESOLVED,2025-05-12 17:16:00,2025-05-14 11:53:00,46.6,46.75,0.15,0.32,8.8,42.62
1639,T-101725,TXN7090318,20250512,20250515.0,1,RESOLVED,2025-05-12 17:50:00,2025-05-15 20:22:56,247.76,248.04,0.28,0.11,39.5,74.55
1640,T-101748,TXN3200237,20250512,20250513.0,4,RESOLVED,2025-05-12 17:52:00,2025-05-13 10:28:00,292.61,294.9,2.29,0.78,31.5,16.6
1641,T-101747,TXN8994756,20250512,20250513.0,3,RESOLVED,2025-05-12 18:45:00,2025-05-13 08:43:17,748.0,742.25,-5.75,-0.77,207.8,13.97
1642,T-101768,TXN8402816,20250513,20250513.0,1,RESOLVED,2025-05-13 07:32:00,2025-05-13 13:44:00,909.64,904.37,-5.27,-0.58,153.0,6.2
1643,T-101784,TXN3309569,20250513,20250513.0,3,RESOLVED,2025-05-13 08:00:00,2025-05-13 18:31:56,572.35,549.67,-22.68,-3.96,117.5,10.53
1644,T-101778,TXN9711132,20250513,20250513.0,2,RESOLVED,2025-05-13 09:02:00,2025-05-13 23:57:57,274.79,273.14,-1.65,-0.6,58.3,14.93
1645,T-101781,TXN6806320,20250513,20250514.0,3,RESOLVED,2025-05-13 09:21:00,2025-05-14 00:55:28,1206.1,1195.85,-10.25,-0.85,156.4,15.57
1646,T-101769,TXN7921658,20250513,20250514.0,1,RESOLVED,2025-05-13 09:38:00,2025-05-14 20:31:00,447.1,453.52,6.42,1.44,44.6,34.88
1647,T-101774,TXN2822519,20250513,20250515.0,2,RESOLVED,2025-05-13 09:59:00,2025-05-15 23:15:00,776.5,774.39,-2.11,-0.27,164.3,61.27
1648,T-101780,TXN3022926,20250513,20250513.0,3,RESOLVED,2025-05-13 10:11:00,2025-05-13 16:14:43,654.53,645.81,-8.72,-1.33,162.5,6.06
1649,T-101796,TXN8478052,20250513,20250515.0,6,RESOLVED,2025-05-13 10:36:00,2025-05-15 11:44:00,235.56,239.87,4.31,1.83,45.9,49.13
1650,T-101782,TXN1085643,20250513,20250513.0,3,RESOLVED,2025-05-13 10:55:00,2025-05-13 19:53:00,255.21,253.54,-1.67,-0.65,43.3,8.97
1651,T-101775,TXN1113228,20250513,20250515.0,2,RESOLVED,2025-05-13 11:01:00,2025-05-15 21:59:20,245.18,260.85,15.67,6.39,47.0,58.97
1652,T-101788,TXN8437072,20250513,20250514.0,4,RESOLVED,2025-05-13 11:40:00,2025-05-14 04:05:20,1055.88,1093.59,37.71,3.57,206.3,16.42
1653,T-101794,TXN5135449,20250513,20250514.0,5,RESOLVED,2025-05-13 11:56:00,2025-05-14 20:45:00,799.89,779.8,-20.09,-2.51,207.1,32.82
1654,T-101791,TXN3395282,20250513,20250514.0,5,RESOLVED,2025-05-13 12:55:00,2025-05-14 07:26:00,204.85,206.89,2.04,1.0,47.9,18.52
1655,T-101776,TXN4416544,20250513,20250514.0,2,RESOLVED,2025-05-13 13:03:00,2025-05-14 15:27:00,1641.38,1632.44,-8.94,-0.54,328.2,26.4
1656,T-101773,TXN9559684,20250513,20250517.0,2,RESOLVED,2025-05-13 13:58:00,2025-05-17 10:01:46,337.3,339.56,2.26,0.67,73.2,92.06
1657,T-101779,TXN8067932,20250513,20250514.0,2,RESOLVED,2025-05-13 14:12:00,2025-05-14 16:38:00,830.53,853.69,23.16,2.79,142.1,26.43
1658,T-101789,TXN7584737,20250513,20250514.0,4,RESOLVED,2025-05-13 14:31:00,2025-05-14 19:24:00,536.52,522.16,-14.36,-2.68,106.3,28.88
1659,T-101770,TXN5192437,20250513,20250514.0,1,RESOLVED,2025-05-13 14:37:00,2025-05-14 19:07:48,119.98,120.66,0.68,0.57,15.4,28.51
1660,T-101771,TXN5285375,20250513,20250514.0,1,RESOLVED,2025-05-13 14:56:00,2025-05-14 19:27:00,103.42,102.46,-0.96,-0.93,9.0,28.52
1661,T-101777,TXN7760663,20250513,,2,IN_PROGRESS,2025-05-13 15:10:00,,1099.45,1071.11,-28.34,-2.58,177.2,
1662,T-101783,TXN5289761,20250513,20250514.0,3,RESOLVED,2025-05-13 15:10:00,2025-05-14 18:15:00,1113.2,1155.08,41.88,3.76,260.1,27.08
1663,T-101793,TXN2089593,20250513,20250515.0,5,RESOLVED,2025-05-13 15:33:00,2025-05-15 06:10:00,111.59,111.67,0.08,0.07,29.0,38.62
1664,T-101792,TXN3949997,20250513,20250515.0,5,RESOLVED,2025-05-13 16:19:00,2025-05-15 10:05:00,187.8,191.48,3.68,1.96,57.4,41.77
1665,T-101786,TXN7542309,20250513,20250514.0,4,RESOLVED,2025-05-13 17:14:00,2025-05-14 16:37:00,433.39,439.84,6.45,1.49,65.9,23.38
1666,T-101797,TXN5037165,20250513,20250514.0,6,RESOLVED,2025-05-13 17:36:00,2025-05-14 15:04:58,571.54,580.33,8.79,1.54,238.9,21.48
1667,T-101795,TXN7951644,20250513,20250516.0,5,RESOLVED,2025-05-13 17:47:00,2025-05-16 13:22:17,315.16,308.92,-6.24,-1.98,109.6,67.59
1668,T-101787,TXN4823745,20250513,20250514.0,4,RESOLVED,2025-05-13 18:16:00,2025-05-14 13:53:00,1010.63,994.13,-16.5,-1.63,200.3,19.62
1669,T-101785,TXN6349114,20250513,20250514.0,3,RESOLVED,2025-05-13 18:27:00,2025-05-14 05:37:35,228.08,232.66,4.58,2.01,56.1,11.18
1670,T-101772,TXN3545892,20250513,20250514.0,1,RESOLVED,2025-05-13 18:39:00,2025-05-14 15:35:00,1361.35,1352.74,-8.61,-0.63,164.6,20.93
1671,T-101790,TXN2617578,20250513,20250515.0,5,RESOLVED,2025-05-13 18:53:00,2025-05-15 22:02:25,415.01,421.54,6.53,1.57,103.6,51.16
1672,T-101817,TXN4616361,20250514,20250514.0,3,RESOLVED,2025-05-14 07:40:00,2025-05-14 21:52:27,403.98,402.79,-1.19,-0.29,87.3,14.21
1673,T-101812,TXN4470922,20250514,20250514.0,3,RESOLVED,2025-05-14 07:59:00,2025-05-14 17:16:52,616.36,622.67,6.31,1.02,103.1,9.3
1674,T-101819,TXN3430304,20250514,20250515.0,4,RESOLVED,2025-05-14 08:12:00,2025-05-15 00:46:00,415.65,423.72,8.07,1.94,74.8,16.57
1675,T-101798,TXN8904143,20250514,20250515.0,1,RESOLVED,2025-05-14 08:22:00,2025-05-15 02:45:00,512.5,517.95,5.45,1.06,57.5,18.38
1676,T-101808,TXN7825960,20250514,20250514.0,2,RESOLVED,2025-05-14 08:39:00,2025-05-14 21:39:00,158.5,164.15,5.65,3.56,16.6,13.0
1677,T-101818,TXN7436801,20250514,20250515.0,4,RESOLVED,2025-05-14 09:21:00,2025-05-15 02:49:45,234.06,229.13,-4.93,-2.11,31.1,17.48
1678,T-101823,TXN6403665,20250514,20250516.0,5,RESOLVED,2025-05-14 09:23:00,2025-05-16 06:27:00,541.47,535.86,-5.61,-1.04,140.1,45.07
1679,T-101821,TXN9062961,20250514,20250514.0,5,RESOLVED,2025-05-14 09:44:00,2025-05-14 22:02:48,259.56,266.89,7.33,2.82,59.0,12.31
1680,T-101800,TXN7571391,20250514,20250515.0,1,RESOLVED,2025-05-14 09:46:00,2025-05-15 10:03:42,213.94,212.6,-1.34,-0.63,36.6,24.3
1681,T-101815,TXN5572109,20250514,20250514.0,3,RESOLVED,2025-05-14 10:13:00,2025-05-14 21:03:02,388.64,463.66,75.02,19.3,67.2,10.83
1682,T-101824,TXN7175481,20250514,20250514.0,5,RESOLVED,2025-05-14 10:27:00,2025-05-14 23:52:47,340.57,344.67,4.1,1.2,119.6,13.43
1683,T-101799,TXN1027440,20250514,20250515.0,1,RESOLVED,2025-05-14 10:34:00,2025-05-15 02:32:00,425.58,433.3,7.72,1.81,49.8,15.97
1684,T-101807,TXN9489790,20250514,20250514.0,2,RESOLVED,2025-05-14 11:16:00,2025-05-14 17:45:55,261.7,239.41,-22.29,-8.52,38.6,6.5
1685,T-101820,TXN9157902,20250514,20250515.0,4,RESOLVED,2025-05-14 11:50:00,2025-05-15 02:01:29,1008.12,1007.54,-0.58,-0.06,194.6,14.19
1686,T-101810,TXN8780685,20250514,,2,IN_PROGRESS,2025-05-14 12:36:00,,349.42,351.12,1.7,0.49,43.3,
1687,T-101816,TXN2214946,20250514,,3,OPEN,2025-05-14 13:18:00,,330.23,318.72,-11.51,-3.49,70.0,
1688,T-101825,TXN9151120,20250514,20250516.0,5,RESOLVED,2025-05-14 14:31:00,2025-05-16 18:56:00,384.68,339.48,-45.2,-11.75,108.1,52.42
1689,T-101806,TXN9361054,20250514,20250516.0,2,RESOLVED,2025-05-14 14:31:00,2025-05-16 19:08:00,884.52,875.79,-8.73,-0.99,141.3,52.62
1690,T-101805,TXN8412890,20250514,20250516.0,2,RESOLVED,2025-05-14 14:37:00,2025-05-16 06:38:56,362.94,373.78,10.84,2.99,41.8,40.03
1691,T-101826,TXN3751564,20250514,20250516.0,6,RESOLVED,2025-05-14 14:38:00,2025-05-16 11:40:00,84.81,82.62,-2.19,-2.58,26.5,45.03
1692,T-101814,TXN4519110,20250514,20250515.0,3,RESOLVED,2025-05-14 14:56:00,2025-05-15 12:05:20,563.62,567.56,3.94,0.7,155.6,21.16
1693,T-101802,TXN2287681,20250514,20250517.0,2,RESOLVED,2025-05-14 15:34:00,2025-05-17 08:02:00,266.11,272.95,6.84,2.57,58.6,64.47
1694,T-101827,TXN9165031,20250514,20250516.0,6,RESOLVED,2025-05-14 16:37:00,2025-05-16 00:46:00,867.85,833.79,-34.06,-3.92,202.0,32.15
1695,T-101822,TXN1909427,20250514,20250515.0,5,RESOLVED,2025-05-14 17:29:00,2025-05-15 21:52:51,310.56,313.68,3.12,1.0,61.5,28.4
1696,T-101813,TXN2745537,20250514,20250515.0,3,RESOLVED,2025-05-14 17:40:00,2025-05-15 05:25:00,506.33,492.05,-14.28,-2.82,97.5,11.75
1697,T-101801,TXN7971267,20250514,,1,IN_PROGRESS,2025-05-14 17:49:00,,77.97,78.78,0.81,1.04,12.1,
1698,T-101809,TXN4106382,20250514,20250515.0,2,RESOLVED,2025-05-14 17:51:00,2025-05-15 12:56:00,39.97,39.91,-0.06,-0.15,7.1,19.08
1699,T-101803,TXN3287623,20250514,20250518.0,2,RESOLVED,2025-05-14 18:38:00,2025-05-18 01:50:00,1451.64,1440.91,-10.73,-0.74,319.6,79.2
1700,T-101831,TXN6781098,20250515,,1,IN_PROGRESS,2025-05-15 07:02:00,,635.37,650.5,15.13,2.38,75.5,
1701,T-101847,TXN4414111,20250515,20250515.0,3,RESOLVED,2025-05-15 07:10:00,2025-05-15 12:11:00,848.38,847.44,-0.94,-0.11,148.7,5.02
1702,T-101837,TXN7816501,20250515,20250517.0,2,RESOLVED,2025-05-15 07:19:00,2025-05-17 23:07:00,249.97,249.91,-0.06,-0.02,35.9,63.8
1703,T-101853,TXN9895784,20250515,20250516.0,5,RESOLVED,2025-05-15 08:03:00,2025-05-16 19:46:12,375.01,380.16,5.15,1.37,102.8,35.72
1704,T-101835,TXN4413091,20250515,,2,IN_PROGRESS,2025-05-15 08:38:00,,404.32,402.89,-1.43,-0.35,49.5,
1705,T-101839,TXN8376613,20250515,,2,IN_PROGRESS,2025-05-15 09:13:00,,203.43,203.18,-0.25,-0.12,39.1,
1706,T-101854,TXN3639075,20250515,20250516.0,5,RESOLVED,2025-05-15 09:14:00,2025-05-16 18:11:00,1042.75,1030.32,-12.43,-1.19,362.8,32.95
1707,T-101842,TXN2291002,20250515,20250516.0,2,RESOLVED,2025-05-15 09:18:00,2025-05-16 17:27:42,563.49,543.07,-20.42,-3.62,117.5,32.16
1708,T-101838,TXN1827216,20250515,,2,IN_PROGRESS,2025-05-15 09:31:00,,209.01,202.08,-6.93,-3.32,40.8,
1709,T-101851,TXN8678969,20250515,20250515.0,4,RESOLVED,2025-05-15 09:48:00,2025-05-15 18:32:19,712.67,699.72,-12.95,-1.82,108.4,8.74
1710,T-101828,TXN4434322,20250515,20250515.0,1,RESOLVED,2025-05-15 09:52:00,2025-05-15 14:38:00,187.05,186.48,-0.57,-0.3,15.9,4.77
1711,T-101857,TXN3316429,20250515,20250517.0,6,RESOLVED,2025-05-15 09:55:00,2025-05-17 00:44:00,588.53,602.11,13.58,2.31,111.0,38.82
1712,T-101840,TXN1977170,20250515,20250517.0,2,RESOLVED,2025-05-15 10:15:00,2025-05-17 11:05:40,130.92,134.32,3.4,2.6,15.6,48.84
1713,T-101848,TXN2987420,20250515,20250515.0,3,RESOLVED,2025-05-15 10:26:00,2025-05-15 19:57:37,236.21,245.74,9.53,4.03,57.4,9.53
1714,T-101829,TXN9944228,20250515,20250515.0,1,RESOLVED,2025-05-15 11:04:00,2025-05-15 17:36:53,156.95,159.77,2.82,1.8,28.7,6.55
1715,T-101834,TXN8790599,20250515,20250515.0,1,RESOLVED,2025-05-15 11:40:00,2025-05-15 19:35:00,426.46,423.51,-2.95,-0.69,55.8,7.92
1716,T-101849,TXN7683932,20250515,20250516.0,3,RESOLVED,2025-05-15 11:57:00,2025-05-16 01:14:00,2107.14,2160.5,53.36,2.53,472.4,13.28
1717,T-101833,TXN6632736,20250515,20250515.0,1,RESOLVED,2025-05-15 12:07:00,2025-05-15 18:34:10,5674.93,5704.47,29.54,0.52,761.8,6.45
1718,T-101856,TXN5870527,20250515,20250518.0,6,RESOLVED,2025-05-15 13:22:00,2025-05-18 04:29:00,643.69,651.91,8.22,1.28,177.9,63.12
1719,T-101832,TXN8199017,20250515,,1,OPEN,2025-05-15 13:40:00,,566.84,565.89,-0.95,-0.17,62.0,
1720,T-101843,TXN4934230,20250515,20250516.0,3,RESOLVED,2025-05-15 13:55:00,2025-05-16 00:41:00,2214.38,2249.42,35.04,1.58,361.3,10.77
1721,T-101852,TXN1089300,20250515,20250516.0,5,RESOLVED,2025-05-15 13:58:00,2025-05-16 03:49:00,499.36,507.13,7.77,1.56,115.3,13.85
1722,T-101846,TXN6795148,20250515,20250516.0,3,RESOLVED,2025-05-15 14:44:00,2025-05-16 03:23:30,571.8,564.11,-7.69,-1.34,149.6,12.66
1723,T-101830,TXN8515160,20250515,20250516.0,1,RESOLVED,2025-05-15 14:58:00,2025-05-16 21:53:00,766.12,767.54,1.42,0.19,78.1,30.92
1724,T-101836,TXN2826826,20250515,20250517.0,2,RESOLVED,2025-05-15 14:59:00,2025-05-17 05:07:00,369.35,375.67,6.32,1.71,51.2,38.13
1725,T-101844,TXN7704298,20250515,20250516.0,3,RESOLVED,2025-05-15 15:48:00,2025-05-16 10:02:00,442.95,428.2,-14.75,-3.33,115.5,18.23
1726,T-101841,TXN9858280,20250515,20250516.0,2,RESOLVED,2025-05-15 16:48:00,2025-05-16 10:33:34,569.73,577.67,7.94,1.39,66.8,17.76
1727,T-101850,TXN8506350,20250515,20250516.0,4,RESOLVED,2025-05-15 17:52:00,2025-05-16 05:30:00,506.48,517.25,10.77,2.13,98.5,11.63
1728,T-101864,TXN8796777,20250516,20250516.0,2,RESOLVED,2025-05-16 07:27:00,2025-05-16 18:16:00,220.83,216.35,-4.48,-2.03,32.6,10.82
1729,T-101875,TXN6461852,20250516,20250517.0,4,RESOLVED,2025-05-16 08:03:00,2025-05-17 07:45:00,77.64,78.62,0.98,1.26,13.4,23.7
1730,T-101867,TXN2549556,20250516,20250518.0,2,RESOLVED,2025-05-16 08:10:00,2025-05-18 15:59:00,687.62,688.85,1.23,0.18,114.9,55.82
1731,T-101869,TXN5693090,20250516,20250516.0,3,RESOLVED,2025-05-16 08:10:00,2025-05-16 21:36:50,1487.46,1495.73,8.27,0.56,259.1,13.45
1732,T-101888,TXN7831536,20250516,20250518.0,5,RESOLVED,2025-05-16 08:34:00,2025-05-18 18:44:00,775.87,799.22,23.35,3.01,292.4,58.17
1733,T-101878,TXN5386172,20250516,20250520.0,5,RESOLVED,2025-05-16 09:10:00,2025-05-20 23:18:00,679.8,694.95,15.15,2.23,166.8,110.13
1734,T-101891,TXN7389612,20250516,20250517.0,6,RESOLVED,2025-05-16 09:48:00,2025-05-17 14:55:39,163.05,159.39,-3.66,-2.24,33.4,29.13
1735,T-101861,TXN4966842,20250516,20250517.0,1,RESOLVED,2025-05-16 10:07:00,2025-05-17 01:47:00,50.09,50.62,0.53,1.06,8.6,15.67
1736,T-101883,TXN4706564,20250516,20250517.0,5,RESOLVED,2025-05-16 10:31:00,2025-05-17 14:43:00,361.5,341.8,-19.7,-5.45,114.0,28.2
1737,T-101882,TXN1743929,20250516,,5,IN_PROGRESS,2025-05-16 11:58:00,,402.96,389.03,-13.93,-3.46,83.2,
1738,T-101868,TXN1356193,20250516,20250517.0,2,RESOLVED,2025-05-16 12:55:00,2025-05-17 14:22:00,574.05,575.23,1.18,0.21,105.3,25.45
1739,T-101863,TXN1506338,20250516,20250519.0,2,RESOLVED,2025-05-16 13:36:00,2025-05-19 08:51:00,1666.64,1638.46,-28.18,-1.69,333.3,67.25
1740,T-101858,TXN1518925,20250516,20250517.0,1,RESOLVED,2025-05-16 13:43:00,2025-05-17 22:59:00,83.78,84.71,0.93,1.11,14.0,33.27
1741,T-101890,TXN9541721,20250516,20250517.0,6,RESOLVED,2025-05-16 13:53:00,2025-05-17 08:33:23,385.69,390.7,5.01,1.3,74.0,18.67
1742,T-101866,TXN2473209,20250516,20250517.0,2,RESOLVED,2025-05-16 14:09:00,2025-05-17 23:44:27,388.02,398.99,10.97,2.83,63.4,33.59
1743,T-101880,TXN6467642,20250516,20250518.0,5,RESOLVED,2025-05-16 14:58:00,2025-05-18 10:28:23,563.4,548.3,-15.1,-2.68,225.5,43.51
1744,T-101881,TXN4231593,20250516,20250517.0,5,RESOLVED,2025-05-16 15:08:00,2025-05-17 15:15:00,1488.95,1519.81,30.86,2.07,624.3,24.12
1745,T-101871,TXN6436178,20250516,20250517.0,3,RESOLVED,2025-05-16 15:35:00,2025-05-17 11:15:00,1010.35,978.83,-31.52,-3.12,181.0,19.67
1746,T-101889,TXN8732472,20250516,,6,OPEN,2025-05-16 15:59:00,,355.25,363.29,8.04,2.26,121.6,
1747,T-101870,TXN4026326,20250516,20250517.0,3,RESOLVED,2025-05-16 16:21:00,2025-05-17 11:25:00,251.62,249.24,-2.38,-0.95,30.9,19.07
1748,T-101865,TXN9527733,20250516,20250517.0,2,RESOLVED,2025-05-16 16:33:00,2025-05-17 09:31:00,306.53,311.66,5.13,1.67,66.9,16.97
1749,T-101859,TXN1791150,20250516,,1,OPEN,2025-05-16 16:38:00,,436.33,443.68,7.35,1.68,49.3,
1750,T-101872,TXN9748091,20250516,20250517.0,3,RESOLVED,2025-05-16 16:54:00,2025-05-17 15:14:00,384.89,322.52,-62.37,-16.2,90.0,22.33
1751,T-101862,TXN9262422,20250516,20250517.0,2,RESOLVED,2025-05-16 17:02:00,2025-05-17 04:30:00,1972.21,2436.21,464.0,23.53,425.1,11.47
1752,T-101886,TXN5467522,20250516,20250517.0,5,RESOLVED,2025-05-16 17:09:00,2025-05-17 20:29:22,580.58,578.95,-1.63,-0.28,125.2,27.34
1753,T-101879,TXN1910820,20250516,20250517.0,5,RESOLVED,2025-05-16 17:15:00,2025-05-17 17:57:32,521.84,524.56,2.72,0.52,160.5,24.71
1754,T-101876,TXN3997813,20250516,,5,OPEN,2025-05-16 17:21:00,,200.77,201.1,0.33,0.16,80.8,
1755,T-101884,TXN3781119,20250516,20250518.0,5,RESOLVED,2025-05-16 17:44:00,2025-05-18 08:23:00,412.48,450.58,38.1,9.24,101.6,38.65
1756,T-101860,TXN3929864,20250516,20250517.0,1,RESOLVED,2025-05-16 18:32:00,2025-05-17 05:24:00,95.68,81.7,-13.98,-14.61,17.3,10.87
1757,T-101885,TXN5650023,20250516,20250517.0,5,RESOLVED,2025-05-16 18:41:00,2025-05-17 18:13:24,51.74,53.13,1.39,2.69,11.1,23.54
1758,T-101873,TXN3287768,20250516,20250517.0,3,RESOLVED,2025-05-16 18:48:00,2025-05-17 20:28:00,178.54,176.96,-1.58,-0.88,24.6,25.67
1759,T-101887,TXN3552073,20250516,20250517.0,5,RESOLVED,2025-05-16 18:53:00,2025-05-17 20:43:00,595.75,585.96,-9.79,-1.64,233.0,25.83
1760,T-101912,TXN6300434,20250519,20250520.0,4,RESOLVED,2025-05-19 07:14:00,2025-05-20 04:07:00,2007.83,2097.39,89.56,4.46,351.9,20.88
1761,T-101917,TXN4687084,20250519,20250521.0,5,RESOLVED,2025-05-19 07:25:00,2025-05-21 22:03:00,276.83,280.59,3.76,1.36,110.7,62.63
1762,T-101892,TXN1673892,20250519,20250519.0,1,RESOLVED,2025-05-19 07:47:00,2025-05-19 14:11:56,1064.97,1122.35,57.38,5.39,109.8,6.42
1763,T-101915,TXN8364913,20250519,20250521.0,5,RESOLVED,2025-05-19 08:02:00,2025-05-21 16:40:02,501.9,499.61,-2.29,-0.46,203.4,56.63
1764,T-101924,TXN7982884,20250519,20250520.0,5,RESOLVED,2025-05-19 08:10:00,2025-05-20 03:09:00,144.05,177.94,33.89,23.53,39.5,18.98
1765,T-101923,TXN8891429,20250519,20250524.0,5,RESOLVED,2025-05-19 08:14:00,2025-05-24 00:31:22,207.13,205.98,-1.15,-0.56,53.4,112.29
1766,T-101908,TXN7754240,20250519,20250520.0,4,RESOLVED,2025-05-19 08:19:00,2025-05-20 01:13:00,971.33,938.67,-32.66,-3.36,125.8,16.9
1767,T-101895,TXN8470856,20250519,20250520.0,1,RESOLVED,2025-05-19 08:27:00,2025-05-20 09:36:00,401.89,397.61,-4.28,-1.06,76.2,25.15
1768,T-101903,TXN8988803,20250519,20250519.0,3,RESOLVED,2025-05-19 08:35:00,2025-05-19 19:07:00,834.64,828.22,-6.42,-0.77,148.7,10.53
1769,T-101902,TXN6402190,20250519,20250520.0,3,RESOLVED,2025-05-19 09:19:00,2025-05-20 01:37:00,39.7,40.16,0.46,1.16,9.9,16.3
1770,T-101919,TXN8628800,20250519,20250520.0,5,RESOLVED,2025-05-19 09:26:00,2025-05-20 19:21:29,867.42,888.14,20.72,2.39,174.4,33.92
1771,T-101910,TXN4830851,20250519,20250519.0,4,RESOLVED,2025-05-19 09:34:00,2025-05-19 17:30:00,84.5,83.38,-1.12,-1.33,9.3,7.93
1772,T-101914,TXN3422620,20250519,,5,IN_PROGRESS,2025-05-19 09:46:00,,163.78,159.8,-3.98,-2.43,42.7,
1773,T-101907,TXN3150530,20250519,20250520.0,3,RESOLVED,2025-05-19 10:42:00,2025-05-20 02:45:00,277.92,283.69,5.77,2.08,45.1,16.05
1774,T-101916,TXN9085873,20250519,20250520.0,5,RESOLVED,2025-05-19 11:27:00,2025-05-20 04:35:05,214.1,215.32,1.22,0.57,45.9,17.13
1775,T-101899,TXN4345732,20250519,20250520.0,2,RESOLVED,2025-05-19 11:50:00,2025-05-20 18:38:00,299.79,293.18,-6.61,-2.2,60.6,30.8
1776,T-101911,TXN9339780,20250519,20250520.0,4,RESOLVED,2025-05-19 12:24:00,2025-05-20 02:22:18,215.89,217.18,1.29,0.6,26.3,13.97
1777,T-101922,TXN1066410,20250519,20250520.0,5,RESOLVED,2025-05-19 12:34:00,2025-05-20 13:40:56,390.21,396.52,6.31,1.62,143.5,25.12
1778,T-101901,TXN8486573,20250519,,3,IN_PROGRESS,2025-05-19 12:35:00,,500.2,496.75,-3.45,-0.69,120.2,
1779,T-101913,TXN6332024,20250519,20250520.0,5,RESOLVED,2025-05-19 12:56:00,2025-05-20 19:13:00,145.46,146.49,1.03,0.71,43.2,30.28
1780,T-101898,TXN8565269,20250519,20250521.0,2,RESOLVED,2025-05-19 13:15:00,2025-05-21 07:36:00,886.8,868.31,-18.49,-2.09,145.6,42.35
1781,T-101920,TXN4532200,20250519,20250520.0,5,RESOLVED,2025-05-19 14:06:00,2025-05-20 19:37:12,1512.12,1421.49,-90.63,-5.99,637.4,29.52
1782,T-101893,TXN9185379,20250519,20250520.0,1,RESOLVED,2025-05-19 14:17:00,2025-05-20 10:32:24,792.6,891.94,99.34,12.53,115.5,20.26
1783,T-101896,TXN7128397,20250519,20250520.0,1,RESOLVED,2025-05-19 14:18:00,2025-05-20 04:27:37,178.45,177.59,-0.86,-0.48,21.7,14.16
1784,T-101904,TXN4738162,20250519,,3,IN_PROGRESS,2025-05-19 14:29:00,,81.08,80.62,-0.46,-0.57,12.3,
1785,T-101926,TXN8764525,20250519,20250520.0,5,RESOLVED,2025-05-19 15:10:00,2025-05-20 22:59:00,719.41,702.15,-17.26,-2.4,321.5,31.82
1786,T-101909,TXN4461531,20250519,20250519.0,4,RESOLVED,2025-05-19 15:31:00,2025-05-19 21:45:00,667.85,663.88,-3.97,-0.59,64.0,6.23
1787,T-101905,TXN5918757,20250519,20250520.0,3,RESOLVED,2025-05-19 15:49:00,2025-05-20 08:33:23,316.16,300.48,-15.68,-4.96,44.2,16.74
1788,T-101925,TXN7588857,20250519,20250522.0,5,RESOLVED,2025-05-19 16:08:00,2025-05-22 08:53:25,1380.91,1086.0,-294.91,-21.36,497.2,64.76
1789,T-101894,TXN5904091,20250519,20250520.0,1,RESOLVED,2025-05-19 16:41:00,2025-05-20 06:28:48,411.35,412.92,1.57,0.38,73.5,13.8
1790,T-101921,TXN5697254,20250519,20250520.0,5,RESOLVED,2025-05-19 17:12:00,2025-05-20 11:56:00,562.78,578.43,15.65,2.78,236.0,18.73
1791,T-101897,TXN3237243,20250519,20250521.0,2,RESOLVED,2025-05-19 17:20:00,2025-05-21 01:30:00,159.14,156.88,-2.26,-1.42,30.7,32.17
1792,T-101900,TXN1382606,20250519,20250520.0,3,RESOLVED,2025-05-19 17:39:00,2025-05-20 10:54:00,516.07,517.98,1.91,0.37,111.7,17.25
1793,T-101918,TXN1765383,20250519,20250520.0,5,RESOLVED,2025-05-19 17:59:00,2025-05-20 10:24:00,175.6,174.11,-1.49,-0.85,66.8,16.42
1794,T-101906,TXN4500383,20250519,20250520.0,3,RESOLVED,2025-05-19 18:53:00,2025-05-20 09:45:00,190.14,240.6,50.46,26.54,29.0,14.87
1795,T-101957,TXN3675494,20250520,20250521.0,6,RESOLVED,2025-05-20 07:18:00,2025-05-21 22:06:00,543.93,560.52,16.59,3.05,188.8,38.8
1796,T-101953,TXN8866007,20250520,20250521.0,5,RESOLVED,2025-05-20 07:38:00,2025-05-21 06:47:19,185.5,182.81,-2.69,-1.45,52.8,23.16
1797,T-101947,TXN2068225,20250520,,5,IN_PROGRESS,2025-05-20 07:58:00,,597.73,577.5,-20.23,-3.38,239.0,
1798,T-101927,TXN8730597,20250520,20250520.0,1,RESOLVED,2025-05-20 08:11:00,2025-05-20 23:06:58,82.12,82.36,0.24,0.29,8.4,14.93
1799,T-101930,TXN1359469,20250520,,2,IN_PROGRESS,2025-05-20 08:43:00,,502.63,489.45,-13.18,-2.62,90.1,
1800,T-101928,TXN2136309,20250520,20250521.0,1,RESOLVED,2025-05-20 09:12:00,2025-05-21 07:09:00,418.98,481.92,62.94,15.02,55.5,21.95
1801,T-101942,TXN4485601,20250520,20250521.0,5,RESOLVED,2025-05-20 09:25:00,2025-05-21 08:44:00,816.25,817.47,1.22,0.15,233.0,23.32
1802,T-101956,TXN8637197,20250520,20250523.0,6,RESOLVED,2025-05-20 09:38:00,2025-05-23 11:37:16,915.45,930.55,15.1,1.65,310.6,73.99
1803,T-101952,TXN8901862,20250520,20250522.0,5,RESOLVED,2025-05-20 09:53:00,2025-05-22 10:25:00,383.56,378.25,-5.31,-1.38,128.6,48.53
1804,T-101939,TXN1836570,20250520,,3,OPEN,2025-05-20 10:45:00,,259.92,335.08,75.16,28.92,44.0,
1805,T-101941,TXN2322828,20250520,,4,OPEN,2025-05-20 10:46:00,,464.95,496.5,31.55,6.79,90.5,
1806,T-101944,TXN2148066,20250520,20250522.0,5,RESOLVED,2025-05-20 10:54:00,2025-05-22 11:00:00,249.91,247.66,-2.25,-0.9,104.4,48.1
1807,T-101929,TXN2072157,20250520,20250522.0,2,RESOLVED,2025-05-20 11:25:00,2025-05-22 01:02:19,57.79,48.76,-9.03,-15.63,9.2,37.62
1808,T-101948,TXN3762191,20250520,20250521.0,5,RESOLVED,2025-05-20 11:39:00,2025-05-21 19:15:00,284.19,287.94,3.75,1.32,80.7,31.6
1809,T-101950,TXN9064340,20250520,20250521.0,5,RESOLVED,2025-05-20 11:40:00,2025-05-21 16:47:00,500.56,510.19,9.63,1.92,223.8,29.12
1810,T-101938,TXN9944019,20250520,,3,OPEN,2025-05-20 13:59:00,,2273.93,2232.36,-41.57,-1.83,437.2,
1811,T-101951,TXN9298642,20250520,,5,OPEN,2025-05-20 14:12:00,,261.14,268.89,7.75,2.97,89.1,
1812,T-101932,TXN6792887,20250520,20250520.0,2,RESOLVED,2025-05-20 14:41:00,2025-05-20 23:05:00,1267.65,1323.58,55.93,4.41,165.3,8.4
1813,T-101940,TXN9264490,20250520,20250522.0,4,RESOLVED,2025-05-20 15:02:00,2025-05-22 05:07:01,504.49,515.02,10.53,2.09,93.2,38.08
1814,T-101934,TXN7940600,20250520,20250521.0,3,RESOLVED,2025-05-20 15:22:00,2025-05-21 12:07:00,1301.29,1274.02,-27.27,-2.1,176.7,20.75
1815,T-101931,TXN2364081,20250520,20250522.0,2,RESOLVED,2025-05-20 15:24:00,2025-05-22 04:04:00,1853.8,1802.39,-51.41,-2.77,398.0,36.67
1816,T-101949,TXN4841882,20250520,20250521.0,5,RESOLVED,2025-05-20 15:42:00,2025-05-21 22:00:00,1848.22,1758.51,-89.71,-4.85,558.4,30.3
1817,T-101955,TXN2411541,20250520,20250521.0,6,RESOLVED,2025-05-20 15:50:00,2025-05-21 22:28:55,202.76,209.07,6.31,3.11,76.1,30.65
1818,T-101946,TXN7314092,20250520,20250525.0,5,RESOLVED,2025-05-20 15:50:00,2025-05-25 19:39:00,292.42,293.44,1.02,0.35,65.7,123.82
1819,T-101937,TXN1266860,20250520,20250521.0,3,RESOLVED,2025-05-20 16:47:00,2025-05-21 12:56:34,439.47,432.7,-6.77,-1.54,55.8,20.16
1820,T-101936,TXN3287994,20250520,20250521.0,3,RESOLVED,2025-05-20 16:58:00,2025-05-21 00:57:00,419.21,428.29,9.08,2.17,116.8,7.98
1821,T-101935,TXN5381363,20250520,20250521.0,3,RESOLVED,2025-05-20 17:33:00,2025-05-21 01:36:00,567.46,579.81,12.35,2.18,84.3,8.05
1822,T-101945,TXN4644361,20250520,20250522.0,5,RESOLVED,2025-05-20 18:11:00,2025-05-22 06:42:00,227.59,236.46,8.87,3.9,76.3,36.52
1823,T-101978,TXN2906588,20250521,20250522.0,3,RESOLVED,2025-05-21 07:08:00,2025-05-22 02:22:00,298.6,387.72,89.12,29.85,58.2,19.23
1824,T-101960,TXN8749176,20250521,,1,OPEN,2025-05-21 08:03:00,,234.04,233.14,-0.9,-0.38,19.9,
1825,T-101991,TXN4272957,20250521,20250521.0,5,RESOLVED,2025-05-21 08:05:00,2025-05-21 21:40:18,1974.21,1960.86,-13.35,-0.68,413.2,13.59
1826,T-101976,TXN1167780,20250521,20250522.0,3,RESOLVED,2025-05-21 08:23:00,2025-05-22 12:00:00,396.88,397.31,0.43,0.11,108.6,27.62
1827,T-101962,TXN2055331,20250521,20250523.0,1,RESOLVED,2025-05-21 09:01:00,2025-05-23 23:18:00,1057.05,1034.6,-22.45,-2.12,174.8,62.28
1828,T-101967,TXN2771146,20250521,20250522.0,2,RESOLVED,2025-05-21 09:06:00,2025-05-22 20:56:00,2564.44,2896.7,332.26,12.96,400.9,35.83
1829,T-101966,TXN4970283,20250521,20250523.0,2,RESOLVED,2025-05-21 09:46:00,2025-05-23 06:15:39,453.01,461.61,8.6,1.9,80.0,44.49
1830,T-101999,TXN9900432,20250521,20250522.0,6,RESOLVED,2025-05-21 09:55:00,2025-05-22 08:16:05,177.53,173.65,-3.88,-2.19,54.8,22.35
1831,T-101970,TXN7845841,20250521,20250521.0,3,RESOLVED,2025-05-21 10:04:00,2025-05-21 21:55:00,234.67,301.33,66.66,28.41,43.4,11.85
1832,T-101959,TXN8752284,20250521,20250522.0,1,RESOLVED,2025-05-21 10:06:00,2025-05-22 00:39:00,609.86,609.68,-0.18,-0.03,101.0,14.55
1833,T-101993,TXN2080205,20250521,,5,OPEN,2025-05-21 11:09:00,,224.72,219.47,-5.25,-2.34,50.6,
1834,T-102000,TXN5052016,20250521,20250522.0,6,RESOLVED,2025-05-21 11:21:00,2025-05-22 16:41:22,88.15,64.89,-23.26,-26.39,33.9,29.34
1835,T-101963,TXN3707441,20250521,20250523.0,1,RESOLVED,2025-05-21 11:35:00,2025-05-23 19:26:00,101.86,102.24,0.38,0.37,17.9,55.85
1836,T-101998,TXN1154240,20250521,20250524.0,5,RESOLVED,2025-05-21 11:47:00,2025-05-24 05:10:00,710.61,686.94,-23.67,-3.33,162.8,65.38
1837,T-101981,TXN1137867,20250521,20250521.0,4,RESOLVED,2025-05-21 11:49:00,2025-05-21 20:22:00,332.77,332.03,-0.74,-0.22,60.6,8.55
1838,T-101990,TXN4640663,20250521,,5,IN_PROGRESS,2025-05-21 11:55:00,,166.48,168.42,1.94,1.17,56.4,
1839,T-101965,TXN3237335,20250521,20250522.0,2,RESOLVED,2025-05-21 11:56:00,2025-05-22 02:23:00,871.67,864.09,-7.58,-0.87,131.4,14.45
1840,T-101988,TXN4832274,20250521,20250525.0,5,RESOLVED,2025-05-21 12:01:00,2025-05-25 06:30:00,384.39,388.35,3.96,1.03,88.4,90.48
1841,T-101968,TXN8921161,20250521,20250522.0,3,RESOLVED,2025-05-21 12:13:00,2025-05-22 08:08:07,248.4,252.79,4.39,1.77,31.9,19.92
1842,T-101983,TXN3676046,20250521,20250522.0,4,RESOLVED,2025-05-21 12:20:00,2025-05-22 13:06:00,90.18,89.96,-0.22,-0.24,16.3,24.77
1843,T-101989,TXN3184343,20250521,,5,IN_PROGRESS,2025-05-21 13:19:00,,419.68,427.62,7.94,1.89,157.0,
1844,T-101984,TXN4220752,20250521,,4,IN_PROGRESS,2025-05-21 13:23:00,,142.31,145.78,3.47,2.44,29.8,
1845,T-101972,TXN7461091,20250521,20250521.0,3,RESOLVED,2025-05-21 13:32:00,2025-05-21 20:20:00,1089.57,1063.27,-26.3,-2.41,183.9,6.8
1846,T-101969,TXN9440781,20250521,20250522.0,3,RESOLVED,2025-05-21 13:38:00,2025-05-22 03:19:00,3524.83,3420.36,-104.47,-2.96,432.8,13.68
1847,T-101997,TXN2905565,20250521,20250522.0,5,RESOLVED,2025-05-21 13:45:00,2025-05-22 05:27:00,330.3,326.21,-4.09,-1.24,107.4,15.7
1848,T-101977,TXN1077883,20250521,20250521.0,3,RESOLVED,2025-05-21 13:52:00,2025-05-21 17:45:00,203.46,200.16,-3.3,-1.62,36.5,3.88
1849,T-101987,TXN9516456,20250521,20250522.0,5,RESOLVED,2025-05-21 13:55:00,2025-05-22 01:24:11,3901.79,3917.49,15.7,0.4,1545.0,11.49
1850,T-101961,TXN1532628,20250521,20250522.0,1,RESOLVED,2025-05-21 14:52:00,2025-05-22 09:28:00,342.66,348.27,5.61,1.64,52.3,18.6
1851,T-101980,TXN1197233,20250521,20250522.0,3,RESOLVED,2025-05-21 15:16:00,2025-05-22 01:29:00,76.74,79.76,3.02,3.94,17.0,10.22
1852,T-101958,TXN4215410,20250521,20250522.0,1,RESOLVED,2025-05-21 15:17:00,2025-05-22 08:09:00,233.53,238.82,5.29,2.27,27.4,16.87
1853,T-101971,TXN2594326,20250521,20250522.0,3,RESOLVED,2025-05-21 15:25:00,2025-05-22 06:00:25,383.36,378.39,-4.97,-1.3,48.8,14.59
1854,T-101985,TXN7310446,20250521,20250522.0,4,RESOLVED,2025-05-21 15:37:00,2025-05-22 11:30:44,197.12,157.96,-39.16,-19.87,28.7,19.9
1855,T-101974,TXN3803648,20250521,,3,IN_PROGRESS,2025-05-21 16:03:00,,758.89,772.73,13.84,1.82,100.2,
1856,T-101973,TXN6590074,20250521,20250523.0,3,RESOLVED,2025-05-21 16:56:00,2025-05-23 01:35:18,136.5,143.85,7.35,5.38,33.6,32.66
1857,T-101964,TXN1570548,20250521,20250522.0,2,RESOLVED,2025-05-21 17:05:00,2025-05-22 00:38:53,565.99,559.51,-6.48,-1.14,60.0,7.56
1858,T-101979,TXN8958914,20250521,20250522.0,3,RESOLVED,2025-05-21 17:26:00,2025-05-22 05:34:00,226.03,172.02,-54.01,-23.9,49.7,12.13
1859,T-101992,TXN6900098,20250521,20250523.0,5,RESOLVED,2025-05-21 17:53:00,2025-05-23 11:10:41,320.27,320.06,-0.21,-0.07,85.4,41.29
1860,T-101986,TXN6056638,20250521,20250522.0,4,RESOLVED,2025-05-21 18:22:00,2025-05-22 00:25:00,709.35,709.82,0.47,0.07,87.4,6.05
1861,T-102010,TXN9723805,20250522,20250522.0,2,RESOLVED,2025-05-22 07:15:00,2025-05-22 23:02:00,721.9,717.86,-4.04,-0.56,72.7,15.78
1862,T-102024,TXN5965568,20250522,20250523.0,4,RESOLVED,2025-05-22 07:18:00,2025-05-23 22:37:51,1909.24,1958.59,49.35,2.58,288.4,39.33
1863,T-102008,TXN8646134,20250522,20250523.0,2,RESOLVED,2025-05-22 07:44:00,2025-05-23 00:30:41,273.92,268.38,-5.54,-2.02,27.4,16.78
1864,T-102009,TXN8547880,20250522,20250524.0,2,RESOLVED,2025-05-22 07:48:00,2025-05-24 16:18:42,468.89,467.52,-1.37,-0.29,77.9,56.51
1865,T-102004,TXN7827466,20250522,20250523.0,1,RESOLVED,2025-05-22 08:09:00,2025-05-23 09:41:29,160.15,156.46,-3.69,-2.3,21.3,25.54
1866,T-102023,TXN2111023,20250522,20250523.0,4,RESOLVED,2025-05-22 08:15:00,2025-05-23 01:07:00,142.68,142.13,-0.55,-0.39,15.0,16.87
1867,T-102005,TXN5675738,20250522,,2,OPEN,2025-05-22 08:43:00,,609.32,601.57,-7.75,-1.27,100.6,
1868,T-102012,TXN6031635,20250522,,3,IN_PROGRESS,2025-05-22 09:01:00,,395.13,396.97,1.84,0.47,49.8,
1869,T-102011,TXN7709091,20250522,20250522.0,3,RESOLVED,2025-05-22 09:02:00,2025-05-22 23:16:00,115.13,114.15,-0.98,-0.85,29.8,14.23
1870,T-102001,TXN2754929,20250522,20250523.0,1,RESOLVED,2025-05-22 09:24:00,2025-05-23 15:00:00,1536.53,1553.41,16.88,1.1,188.9,29.6
1871,T-102014,TXN3210808,20250522,20250523.0,3,RESOLVED,2025-05-22 09:28:00,2025-05-23 13:14:01,448.07,454.03,5.96,1.33,55.4,27.77
1872,T-102033,TXN4710965,20250522,20250523.0,6,RESOLVED,2025-05-22 09:38:00,2025-05-23 10:00:50,302.35,307.62,5.27,1.74,98.8,24.38
1873,T-102003,TXN9709709,20250522,20250525.0,1,RESOLVED,2025-05-22 09:42:00,2025-05-25 15:22:03,192.83,199.95,7.12,3.69,23.2,77.67
1874,T-102028,TXN3970390,20250522,20250522.0,5,RESOLVED,2025-05-22 10:11:00,2025-05-22 23:07:21,495.86,360.91,-134.95,-27.22,196.3,12.94
1875,T-102006,TXN1284203,20250522,20250523.0,2,RESOLVED,2025-05-22 10:23:00,2025-05-23 07:11:08,533.3,514.87,-18.43,-3.46,55.6,20.8
1876,T-102022,TXN3217553,20250522,20250523.0,4,RESOLVED,2025-05-22 10:58:00,2025-05-23 00:14:32,459.44,457.01,-2.43,-0.53,53.3,13.28
1877,T-102016,TXN4482672,20250522,20250522.0,3,RESOLVED,2025-05-22 11:05:00,2025-05-22 22:15:57,537.03,538.22,1.19,0.22,97.2,11.18
1878,T-102018,TXN5424801,20250522,20250522.0,4,RESOLVED,2025-05-22 12:07:00,2025-05-22 23:55:40,511.46,507.58,-3.88,-0.76,90.9,11.81
1879,T-102002,TXN5761467,20250522,20250522.0,1,RESOLVED,2025-05-22 12:14:00,2025-05-22 21:59:00,96.04,98.38,2.34,2.44,10.6,9.75
1880,T-102029,TXN6878253,20250522,20250526.0,5,RESOLVED,2025-05-22 12:47:00,2025-05-26 15:00:11,458.96,452.31,-6.65,-1.45,181.5,98.22
1881,T-102021,TXN8486184,20250522,20250523.0,4,RESOLVED,2025-05-22 13:45:00,2025-05-23 03:51:39,332.22,333.81,1.59,0.48,38.6,14.11
1882,T-102013,TXN4677415,20250522,20250523.0,3,RESOLVED,2025-05-22 13:58:00,2025-05-23 06:44:49,94.94,97.65,2.71,2.85,24.3,16.78
1883,T-102034,TXN6281605,20250522,20250523.0,6,RESOLVED,2025-05-22 14:12:00,2025-05-23 18:50:15,975.33,1005.11,29.78,3.05,375.4,28.64
1884,T-102019,TXN1210925,20250522,20250523.0,4,RESOLVED,2025-05-22 14:23:00,2025-05-23 16:47:00,96.55,96.35,-0.2,-0.21,20.2,26.4
1885,T-102007,TXN7149382,20250522,20250524.0,2,RESOLVED,2025-05-22 14:32:00,2025-05-24 16:48:26,272.6,275.61,3.01,1.1,33.4,50.27
1886,T-102020,TXN1842331,20250522,20250525.0,4,RESOLVED,2025-05-22 14:57:00,2025-05-25 04:20:13,1131.47,1164.21,32.74,2.89,176.4,61.39
1887,T-102025,TXN5950334,20250522,20250525.0,5,RESOLVED,2025-05-22 15:02:00,2025-05-25 05:03:22,176.17,177.56,1.39,0.79,63.6,62.02
1888,T-102030,TXN9694116,20250522,,5,IN_PROGRESS,2025-05-22 15:08:00,,573.73,585.37,11.64,2.03,157.6,
1889,T-102015,TXN4367004,20250522,20250522.0,3,RESOLVED,2025-05-22 15:25:00,2025-05-22 21:28:00,137.22,142.62,5.4,3.94,19.7,6.05
1890,T-102027,TXN7379349,20250522,20250524.0,5,RESOLVED,2025-05-22 15:56:00,2025-05-24 05:22:00,240.96,268.88,27.92,11.59,70.5,37.43
1891,T-102026,TXN9152501,20250522,20250523.0,5,RESOLVED,2025-05-22 17:13:00,2025-05-23 11:20:00,560.76,564.38,3.62,0.65,224.7,18.12
1892,T-102031,TXN2849588,20250522,20250523.0,5,RESOLVED,2025-05-22 17:54:00,2025-05-23 10:05:00,302.45,308.62,6.17,2.04,92.4,16.18
1893,T-102032,TXN6348635,20250522,20250524.0,6,RESOLVED,2025-05-22 18:30:00,2025-05-24 05:04:00,137.74,135.38,-2.36,-1.71,49.0,34.57
1894,T-102017,TXN6794003,20250522,20250523.0,4,RESOLVED,2025-05-22 18:56:00,2025-05-23 10:15:00,127.12,119.46,-7.66,-6.03,24.2,15.32
1895,T-102037,TXN1431415,20250523,20250523.0,1,RESOLVED,2025-05-23 07:32:00,2025-05-23 22:05:00,65.6,66.76,1.16,1.77,7.0,14.55
1896,T-102052,TXN5622526,20250523,20250523.0,3,RESOLVED,2025-05-23 08:28:00,2025-05-23 18:51:00,886.82,906.95,20.13,2.27,211.2,10.38
1897,T-102064,TXN4759390,20250523,20250524.0,5,RESOLVED,2025-05-23 08:37:00,2025-05-24 08:36:00,273.85,268.49,-5.36,-1.96,60.9,23.98
1898,T-102046,TXN1621202,20250523,20250523.0,2,RESOLVED,2025-05-23 09:06:00,2025-05-23 22:02:00,792.78,803.27,10.49,1.32,88.1,12.93
1899,T-102038,TXN6282703,20250523,20250524.0,1,RESOLVED,2025-05-23 09:10:00,2025-05-24 12:32:00,160.01,159.03,-0.98,-0.61,20.3,27.37
1900,T-102036,TXN6290383,20250523,20250524.0,1,RESOLVED,2025-05-23 09:57:00,2025-05-24 01:15:00,545.71,550.27,4.56,0.84,70.6,15.3
1901,T-102054,TXN2739141,20250523,20250524.0,3,RESOLVED,2025-05-23 10:14:00,2025-05-24 02:19:00,455.47,465.53,10.06,2.21,68.0,16.08
1902,T-102050,TXN1688213,20250523,20250523.0,3,RESOLVED,2025-05-23 10:40:00,2025-05-23 17:01:00,166.71,166.92,0.21,0.13,31.8,6.35
1903,T-102051,TXN4386059,20250523,20250524.0,3,RESOLVED,2025-05-23 10:45:00,2025-05-24 01:09:35,930.03,924.62,-5.41,-0.58,257.7,14.41
1904,T-102044,TXN6693626,20250523,20250524.0,2,RESOLVED,2025-05-23 11:15:00,2025-05-24 02:22:00,769.8,776.09,6.29,0.82,89.2,15.12
1905,T-102053,TXN5337277,20250523,20250524.0,3,RESOLVED,2025-05-23 11:42:00,2025-05-24 08:54:46,236.69,234.44,-2.25,-0.95,37.5,21.21
1906,T-102055,TXN7002616,20250523,20250523.0,3,RESOLVED,2025-05-23 11:43:00,2025-05-23 22:31:06,488.08,504.84,16.76,3.43,122.6,10.8
1907,T-102048,TXN4948761,20250523,20250525.0,2,RESOLVED,2025-05-23 12:04:00,2025-05-25 13:06:00,480.67,477.42,-3.25,-0.68,90.5,49.03
1908,T-102058,TXN3539239,20250523,20250523.0,4,RESOLVED,2025-05-23 12:21:00,2025-05-23 22:14:00,730.14,726.45,-3.69,-0.51,133.7,9.88
1909,T-102039,TXN7290508,20250523,20250524.0,2,RESOLVED,2025-05-23 12:46:00,2025-05-24 18:37:00,339.63,343.92,4.29,1.26,75.9,29.85
1910,T-102041,TXN1714209,20250523,20250525.0,2,RESOLVED,2025-05-23 12:50:00,2025-05-25 12:43:00,274.51,266.77,-7.74,-2.82,34.4,47.88
1911,T-102060,TXN7695478,20250523,20250524.0,4,RESOLVED,2025-05-23 13:01:00,2025-05-24 09:55:00,2176.22,2260.3,84.08,3.86,252.9,20.9
1912,T-102059,TXN7297558,20250523,20250523.0,4,RESOLVED,2025-05-23 13:08:00,2025-05-23 23:35:00,614.39,622.73,8.34,1.36,74.3,10.45
1913,T-102056,TXN3521360,20250523,20250524.0,3,RESOLVED,2025-05-23 13:18:00,2025-05-24 12:51:00,224.52,219.48,-5.04,-2.24,36.6,23.55
1914,T-102045,TXN9465611,20250523,20250524.0,2,RESOLVED,2025-05-23 13:22:00,2025-05-24 03:51:00,771.33,775.08,3.75,0.49,114.1,14.48
1915,T-102065,TXN6186800,20250523,20250524.0,6,RESOLVED,2025-05-23 13:58:00,2025-05-24 10:39:00,430.8,440.15,9.35,2.17,151.5,20.68
1916,T-102043,TXN5480752,20250523,20250523.0,2,RESOLVED,2025-05-23 13:58:00,2025-05-23 19:48:00,466.12,458.51,-7.61,-1.63,61.1,5.83
1917,T-102042,TXN5209624,20250523,20250524.0,2,RESOLVED,2025-05-23 14:28:00,2025-05-24 12:06:00,450.41,434.64,-15.77,-3.5,74.7,21.63
1918,T-102063,TXN8306384,20250523,20250529.0,5,RESOLVED,2025-05-23 14:34:00,2025-05-29 09:08:06,737.09,745.0,7.91,1.07,172.4,138.57
1919,T-102061,TXN3178107,20250523,20250525.0,5,RESOLVED,2025-05-23 14:44:00,2025-05-25 12:24:14,356.36,355.07,-1.29,-0.36,149.9,45.67
1920,T-102062,TXN8623802,20250523,20250526.0,5,RESOLVED,2025-05-23 15:06:00,2025-05-26 00:58:00,113.35,117.42,4.07,3.59,40.0,57.87
1921,T-102057,TXN9217061,20250523,20250524.0,3,RESOLVED,2025-05-23 15:14:00,2025-05-24 01:03:18,35.21,34.4,-0.81,-2.3,7.9,9.82
1922,T-102040,TXN5841513,20250523,20250524.0,2,RESOLVED,2025-05-23 15:45:00,2025-05-24 08:57:20,121.18,125.88,4.7,3.88,24.3,17.21
1923,T-102047,TXN9990098,20250523,20250524.0,2,RESOLVED,2025-05-23 17:07:00,2025-05-24 12:16:16,539.84,542.8,2.96,0.55,55.8,19.15
1924,T-102049,TXN7978541,20250523,20250526.0,2,RESOLVED,2025-05-23 17:16:00,2025-05-26 02:26:05,407.66,403.86,-3.8,-0.93,77.6,57.17
1925,T-102093,TXN3825058,20250526,20250527.0,6,RESOLVED,2025-05-26 07:12:00,2025-05-27 13:30:21,352.17,360.0,7.83,2.22,141.3,30.31
1926,T-102072,TXN7878023,20250526,20250529.0,2,RESOLVED,2025-05-26 08:35:00,2025-05-29 03:37:50,204.87,204.82,-0.05,-0.02,21.1,67.05
1927,T-102078,TXN6623460,20250526,20250527.0,3,RESOLVED,2025-05-26 09:10:00,2025-05-27 00:04:01,285.94,223.23,-62.71,-21.93,73.0,14.9
1928,T-102066,TXN7807789,20250526,20250526.0,1,RESOLVED,2025-05-26 09:20:00,2025-05-26 18:09:16,358.12,358.03,-0.09,-0.03,56.5,8.82
1929,T-102091,TXN1262111,20250526,20250527.0,6,RESOLVED,2025-05-26 09:30:00,2025-05-27 20:33:36,1051.85,1068.7,16.85,1.6,265.5,35.06
1930,T-102077,TXN5857405,20250526,20250526.0,3,RESOLVED,2025-05-26 09:32:00,2025-05-26 19:49:00,700.5,719.33,18.83,2.69,93.3,10.28
1931,T-102090,TXN2127760,20250526,20250527.0,5,RESOLVED,2025-05-26 10:03:00,2025-05-27 07:02:00,472.92,478.68,5.76,1.22,132.3,20.98
1932,T-102079,TXN3690151,20250526,20250527.0,3,RESOLVED,2025-05-26 10:23:00,2025-05-27 06:22:00,162.05,163.61,1.56,0.96,41.0,19.98
1933,T-102081,TXN4947745,20250526,20250528.0,4,RESOLVED,2025-05-26 10:29:00,2025-05-28 01:19:16,339.67,336.2,-3.47,-1.02,68.9,38.84
1934,T-102076,TXN1831568,20250526,20250527.0,3,RESOLVED,2025-05-26 11:04:00,2025-05-27 02:35:00,181.25,186.29,5.04,2.78,50.4,15.52
1935,T-102071,TXN1124069,20250526,20250528.0,2,RESOLVED,2025-05-26 11:58:00,2025-05-28 05:47:04,232.08,234.16,2.08,0.9,52.0,41.82
1936,T-102087,TXN9371908,20250526,20250527.0,5,RESOLVED,2025-05-26 12:07:00,2025-05-27 12:02:00,1149.9,1162.57,12.67,1.1,496.4,23.92
1937,T-102088,TXN8885005,20250526,20250527.0,5,RESOLVED,2025-05-26 12:56:00,2025-05-27 15:52:00,411.68,398.57,-13.11,-3.18,88.3,26.93
1938,T-102080,TXN4710344,20250526,,4,OPEN,2025-05-26 13:00:00,,218.89,223.34,4.45,2.03,22.5,
1939,T-102089,TXN4180032,20250526,20250527.0,5,RESOLVED,2025-05-26 14:12:00,2025-05-27 04:47:14,238.85,248.74,9.89,4.14,58.9,14.59
1940,T-102067,TXN4970062,20250526,20250526.0,1,RESOLVED,2025-05-26 14:17:00,2025-05-26 23:35:00,269.42,265.57,-3.85,-1.43,27.6,9.3
1941,T-102074,TXN3196531,20250526,20250527.0,3,RESOLVED,2025-05-26 15:16:00,2025-05-27 03:39:25,716.12,699.66,-16.46,-2.3,96.7,12.39
1942,T-102069,TXN5924083,20250526,20250527.0,2,RESOLVED,2025-05-26 15:44:00,2025-05-27 00:26:38,1403.14,1373.91,-29.23,-2.08,267.0,8.71
1943,T-102084,TXN2692287,20250526,20250527.0,5,RESOLVED,2025-05-26 16:26:00,2025-05-27 14:27:00,191.78,196.61,4.83,2.52,39.3,22.02
1944,T-102070,TXN5130660,20250526,20250528.0,2,RESOLVED,2025-05-26 16:51:00,2025-05-28 07:10:00,239.53,246.12,6.59,2.75,33.9,38.32
1945,T-102086,TXN2585530,20250526,20250527.0,5,RESOLVED,2025-05-26 16:56:00,2025-05-27 19:59:56,69.52,71.4,1.88,2.7,21.3,27.07
1946,T-102095,TXN9461279,20250526,20250528.0,6,RESOLVED,2025-05-26 17:00:00,2025-05-28 12:52:00,179.46,185.17,5.71,3.18,69.3,43.87
1947,T-102092,TXN8729891,20250526,,6,IN_PROGRESS,2025-05-26 17:16:00,,197.35,203.17,5.82,2.95,49.7,
1948,T-102094,TXN8544991,20250526,20250527.0,6,RESOLVED,2025-05-26 17:23:00,2025-05-27 11:35:00,391.37,392.94,1.57,0.4,74.4,18.2
1949,T-102075,TXN9176654,20250526,20250527.0,3,RESOLVED,2025-05-26 17:31:00,2025-05-27 02:37:06,177.36,176.68,-0.68,-0.38,37.5,9.1
1950,T-102068,TXN8947217,20250526,20250527.0,2,RESOLVED,2025-05-26 17:43:00,2025-05-27 14:18:00,772.33,795.02,22.69,2.94,167.0,20.58
1951,T-102085,TXN8798561,20250526,20250528.0,5,RESOLVED,2025-05-26 18:05:00,2025-05-28 06:57:22,192.38,189.6,-2.78,-1.45,72.5,36.87
1952,T-102082,TXN8607096,20250526,20250526.0,4,RESOLVED,2025-05-26 18:20:00,2025-05-26 22:59:00,447.16,456.84,9.68,2.16,59.1,4.65
1953,T-102083,TXN4133892,20250526,20250528.0,5,RESOLVED,2025-05-26 18:36:00,2025-05-28 17:06:32,345.48,336.99,-8.49,-2.46,119.7,46.51
1954,T-102125,TXN7421256,20250527,20250528.0,6,RESOLVED,2025-05-27 07:03:00,2025-05-28 07:01:00,3022.91,2906.09,-116.82,-3.86,590.7,23.97
1955,T-102118,TXN4677840,20250527,20250528.0,5,RESOLVED,2025-05-27 07:07:00,2025-05-28 01:21:00,1150.18,1140.25,-9.93,-0.86,284.5,18.23
1956,T-102120,TXN2498949,20250527,20250531.0,5,RESOLVED,2025-05-27 07:53:00,2025-05-31 16:26:54,885.38,900.12,14.74,1.66,205.5,104.56
1957,T-102121,TXN4986540,20250527,20250528.0,5,RESOLVED,2025-05-27 09:34:00,2025-05-28 13:27:29,246.76,244.37,-2.39,-0.97,99.5,27.89
1958,T-102103,TXN2684360,20250527,20250528.0,2,RESOLVED,2025-05-27 09:35:00,2025-05-28 03:26:00,347.11,341.63,-5.48,-1.58,58.7,17.85
1959,T-102101,TXN1778203,20250527,20250528.0,2,RESOLVED,2025-05-27 09:46:00,2025-05-28 22:45:00,504.65,486.29,-18.36,-3.64,102.8,36.98
1960,T-102098,TXN5221002,20250527,20250528.0,1,RESOLVED,2025-05-27 11:38:00,2025-05-28 09:44:00,570.21,567.45,-2.76,-0.48,66.9,22.1
1961,T-102112,TXN8672129,20250527,20250528.0,5,RESOLVED,2025-05-27 11:49:00,2025-05-28 06:25:25,484.74,491.84,7.1,1.46,112.5,18.61
1962,T-102108,TXN9894511,20250527,20250527.0,3,RESOLVED,2025-05-27 11:58:00,2025-05-27 22:49:00,214.23,253.51,39.28,18.34,33.1,10.85
1963,T-102110,TXN5961344,20250527,20250528.0,3,RESOLVED,2025-05-27 11:58:00,2025-05-28 00:12:00,335.27,329.72,-5.55,-1.66,84.7,12.23
1964,T-102104,TXN3001511,20250527,20250530.0,2,RESOLVED,2025-05-27 12:17:00,2025-05-30 00:00:00,895.2,875.09,-20.11,-2.25,150.5,59.72
1965,T-102099,TXN3047800,20250527,20250528.0,2,RESOLVED,2025-05-27 12:21:00,2025-05-28 17:03:24,139.67,136.4,-3.27,-2.34,20.0,28.71
1966,T-102097,TXN5584193,20250527,20250529.0,1,RESOLVED,2025-05-27 13:32:00,2025-05-29 12:35:07,435.13,425.48,-9.65,-2.22,42.9,47.05
1967,T-102119,TXN4162691,20250527,20250528.0,5,RESOLVED,2025-05-27 13:52:00,2025-05-28 23:21:20,391.81,399.32,7.51,1.92,84.3,33.49
1968,T-102127,TXN6921824,20250527,20250528.0,6,RESOLVED,2025-05-27 14:11:00,2025-05-28 17:00:28,618.6,631.49,12.89,2.08,183.4,26.82
1969,T-102126,TXN1473691,20250527,20250528.0,6,RESOLVED,2025-05-27 14:43:00,2025-05-28 11:32:00,1650.28,1609.08,-41.2,-2.5,692.6,20.82
1970,T-102109,TXN3524927,20250527,20250528.0,3,RESOLVED,2025-05-27 15:03:00,2025-05-28 09:46:00,282.02,277.38,-4.64,-1.65,67.0,18.72
1971,T-102115,TXN3709852,20250527,20250527.0,5,RESOLVED,2025-05-27 15:21:00,2025-05-27 22:38:26,179.51,180.51,1.0,0.56,47.9,7.29
1972,T-102100,TXN5960493,20250527,20250528.0,2,RESOLVED,2025-05-27 15:42:00,2025-05-28 10:06:00,1176.96,1185.04,8.08,0.69,252.7,18.4
1973,T-102123,TXN2271605,20250527,20250530.0,6,RESOLVED,2025-05-27 17:03:00,2025-05-30 06:48:08,3887.78,3877.83,-9.95,-0.26,1250.4,61.75
1974,T-102116,TXN4919797,20250527,20250528.0,5,RESOLVED,2025-05-27 17:03:00,2025-05-28 01:16:00,649.89,633.89,-16.0,-2.46,134.6,8.22
1975,T-102096,TXN4050488,20250527,20250528.0,1,RESOLVED,2025-05-27 17:07:00,2025-05-28 04:14:00,139.55,113.83,-25.72,-18.43,23.3,11.12
1976,T-102122,TXN6208435,20250527,20250528.0,5,RESOLVED,2025-05-27 17:21:00,2025-05-28 15:43:52,484.23,478.31,-5.92,-1.22,168.0,22.38
1977,T-102114,TXN1592336,20250527,,5,IN_PROGRESS,2025-05-27 17:33:00,,152.0,149.99,-2.01,-1.32,51.6,
1978,T-102106,TXN6855628,20250527,20250529.0,3,RESOLVED,2025-05-27 17:35:00,2025-05-29 00:23:38,231.73,232.06,0.33,0.14,47.9,30.81
1979,T-102113,TXN3651328,20250527,20250529.0,5,RESOLVED,2025-05-27 17:41:00,2025-05-29 01:58:00,1040.74,1062.49,21.75,2.09,341.8,32.28
1980,T-102111,TXN6941772,20250527,20250528.0,4,RESOLVED,2025-05-27 18:01:00,2025-05-28 05:22:00,201.52,201.24,-0.28,-0.14,33.7,11.35
1981,T-102117,TXN4005360,20250527,20250530.0,5,RESOLVED,2025-05-27 18:29:00,2025-05-30 02:23:00,332.86,330.33,-2.53,-0.76,75.7,55.9
1982,T-102132,TXN7188666,20250528,,2,OPEN,2025-05-28 08:20:00,,450.16,453.74,3.58,0.8,50.3,
1983,T-102138,TXN7002529,20250528,,3,OPEN,2025-05-28 08:23:00,,314.43,319.61,5.18,1.65,84.9,
1984,T-102153,TXN2672603,20250528,,5,OPEN,2025-05-28 08:45:00,,1145.13,1138.28,-6.85,-0.6,366.3,
1985,T-102158,TXN6069417,20250528,,6,OPEN,2025-05-28 09:21:00,,711.19,724.41,13.22,1.86,261.6,
1986,T-102141,TXN1028349,20250528,,3,OPEN,2025-05-28 09:32:00,,3474.07,3448.12,-25.95,-0.75,490.0,
1987,T-102146,TXN1168512,20250528,,4,OPEN,2025-05-28 09:56:00,,380.61,387.32,6.71,1.76,54.5,
1988,T-102143,TXN9524852,20250528,,3,OPEN,2025-05-28 09:59:00,,335.16,292.96,-42.2,-12.59,59.1,
1989,T-102134,TXN9883841,20250528,,3,OPEN,2025-05-28 10:10:00,,223.47,223.35,-0.12,-0.05,31.7,
1990,T-102129,TXN2171503,20250528,,1,OPEN,2025-05-28 10:10:00,,1318.67,1343.87,25.2,1.91,246.2,
1991,T-102155,TXN3395406,20250528,,5,OPEN,2025-05-28 10:42:00,,299.21,312.17,12.96,4.33,119.5,
1992,T-102151,TXN2818276,20250528,,5,OPEN,2025-05-28 11:26:00,,319.78,319.56,-0.22,-0.07,126.1,
1993,T-102142,TXN1996483,20250528,,3,OPEN,2025-05-28 11:33:00,,76.46,75.97,-0.49,-0.64,18.7,
1994,T-102150,TXN9636900,20250528,,5,OPEN,2025-05-28 12:08:00,,302.88,312.82,9.94,3.28,86.4,
1995,T-102133,TXN3599271,20250528,,3,OPEN,2025-05-28 12:37:00,,152.7,152.96,0.26,0.17,32.0,
1996,T-102137,TXN7075930,20250528,,3,OPEN,2025-05-28 12:38:00,,679.11,665.25,-13.86,-2.04,110.6,
1997,T-102160,TXN3506393,20250528,,6,OPEN,2025-05-28 12:52:00,,1143.45,1162.87,19.42,1.7,320.9,
1998,T-102147,TXN4397536,20250528,,4,OPEN,2025-05-28 13:37:00,,592.61,580.15,-12.46,-2.1,53.9,
1999,T-102135,TXN8086516,20250528,,3,OPEN,2025-05-28 14:51:00,,1649.91,1677.29,27.38,1.66,416.5,
2000,T-102130,TXN7041241,20250528,,2,OPEN,2025-05-28 15:26:00,,738.94,729.28,-9.66,-1.31,121.3,
2001,T-102154,TXN1796178,20250528,,5,OPEN,2025-05-28 15:34:00,,575.59,587.22,11.63,2.02,111.9,
2002,T-102162,TXN1736642,20250528,,6,OPEN,2025-05-28 15:49:00,,441.46,443.63,2.17,0.49,120.2,
2003,T-102131,TXN3888872,20250528,,2,OPEN,2025-05-28 16:50:00,,637.02,617.53,-19.49,-3.06,61.2,
2004,T-102136,TXN2133125,20250528,,3,OPEN,2025-05-28 17:36:00,,408.22,404.88,-3.34,-0.82,61.7,
2005,T-102145,TXN2771093,20250528,,4,OPEN,2025-05-28 17:41:00,,1252.51,1242.15,-10.36,-0.83,147.0,
2006,T-102152,TXN7672943,20250528,,5,OPEN,2025-05-28 17:46:00,,331.14,328.54,-2.6,-0.79,148.0,
2007,T-102144,TXN4907586,20250528,,3,OPEN,2025-05-28 17:54:00,,772.19,781.34,9.15,1.18,94.3,
2008,T-102148,TXN5646720,20250528,,4,OPEN,2025-05-28 18:07:00,,207.61,204.75,-2.86,-1.38,37.8,
2009,T-102157,TXN6720249,20250528,,6,OPEN,2025-05-28 18:43:00,,363.95,370.64,6.69,1.84,78.0,
2010,T-102161,TXN1410447,20250528,,6,OPEN,2025-05-28 18:44:00,,402.9,391.4,-11.5,-2.85,112.9,
2011,T-102140,TXN5150954,20250528,,3,OPEN,2025-05-28 18:57:00,,197.07,193.77,-3.3,-1.67,48.1,
2012,T-102149,TXN4075649,20250528,,5,OPEN,2025-05-28 18:58:00,,152.86,154.37,1.51,0.99,42.6,
2013,T-102159,TXN3037973,20250528,,6,OPEN,2025-05-28 18:58:00,,453.16,457.66,4.5,0.99,118.4,
2014,T-102170,TXN1442663,20250529,,2,OPEN,2025-05-29 08:29:00,,189.15,186.34,-2.81,-1.49,19.4,
2015,T-102171,TXN3119315,20250529,,2,OPEN,2025-05-29 08:40:00,,264.65,259.35,-5.3,-2.0,49.5,
2016,T-102183,TXN3149793,20250529,,5,OPEN,2025-05-29 09:27:00,,574.42,582.91,8.49,1.48,250.6,
2017,T-102178,TXN6887029,20250529,,3,OPEN,2025-05-29 09:28:00,,81.08,81.13,0.05,0.06,11.4,
2018,T-102185,TXN2960371,20250529,,5,OPEN,2025-05-29 09:56:00,,391.25,379.41,-11.84,-3.03,99.5,
2019,T-102184,TXN6688750,20250529,,5,OPEN,2025-05-29 10:28:00,,135.02,132.76,-2.26,-1.67,39.7,
2020,T-102188,TXN5659781,20250529,,5,OPEN,2025-05-29 10:31:00,,198.3,199.25,0.95,0.48,41.2,
2021,T-102166,TXN2244615,20250529,,1,OPEN,2025-05-29 10:44:00,,2375.78,2354.85,-20.93,-0.88,404.8,
2022,T-102180,TXN1859821,20250529,,4,OPEN,2025-05-29 10:58:00,,1101.48,1091.56,-9.92,-0.9,130.3,
2023,T-102175,TXN2100617,20250529,,3,OPEN,2025-05-29 11:13:00,,435.19,396.67,-38.52,-8.85,63.7,
2024,T-102191,TXN2950721,20250529,,6,OPEN,2025-05-29 11:26:00,,501.04,498.98,-2.06,-0.41,130.8,
2025,T-102192,TXN5916631,20250529,,6,OPEN,2025-05-29 11:38:00,,309.54,378.84,69.3,22.39,97.7,
2026,T-102176,TXN7506744,20250529,,3,OPEN,2025-05-29 12:06:00,,185.31,182.85,-2.46,-1.33,44.8,
2027,T-102181,TXN4190716,20250529,,4,OPEN,2025-05-29 12:22:00,,1542.42,1537.02,-5.4,-0.35,281.8,
2028,T-102182,TXN1896811,20250529,,5,OPEN,2025-05-29 12:24:00,,482.03,481.99,-0.04,-0.01,180.2,
2029,T-102190,TXN1704163,20250529,,5,OPEN,2025-05-29 13:15:00,,540.3,530.49,-9.81,-1.82,154.3,
2030,T-102186,TXN5683754,20250529,,5,OPEN,2025-05-29 14:59:00,,1076.21,1081.81,5.6,0.52,403.6,
2031,T-102189,TXN7978009,20250529,,5,OPEN,2025-05-29 15:06:00,,125.59,119.5,-6.09,-4.85,38.2,
2032,T-102163,TXN7026068,20250529,,1,OPEN,2025-05-29 15:41:00,,337.37,333.18,-4.19,-1.24,30.8,
2033,T-102187,TXN9375294,20250529,,5,OPEN,2025-05-29 15:48:00,,766.89,755.66,-11.23,-1.46,184.0,
2034,T-102164,TXN2513502,20250529,,1,OPEN,2025-05-29 16:08:00,,1215.03,1217.85,2.82,0.23,107.0,
2035,T-102177,TXN5385804,20250529,,3,OPEN,2025-05-29 16:13:00,,509.0,506.96,-2.04,-0.4,104.9,
2036,T-102179,TXN6189926,20250529,,3,OPEN,2025-05-29 16:28:00,,340.22,357.32,17.1,5.03,76.1,
2037,T-102165,TXN6006005,20250529,,1,OPEN,2025-05-29 17:18:00,,200.95,203.86,2.91,1.45,28.6,
2038,T-102169,TXN5193938,20250529,,2,OPEN,2025-05-29 18:05:00,,386.72,394.27,7.55,1.95,46.1,
2039,T-102172,TXN6781777,20250529,,2,OPEN,2025-05-29 18:06:00,,202.45,198.02,-4.43,-2.19,24.7,
2040,T-102168,TXN6647111,20250529,,1,OPEN,2025-05-29 18:30:00,,591.15,580.76,-10.39,-1.76,100.7,
2041,T-102174,TXN8113966,20250529,,3,OPEN,2025-05-29 18:36:00,,725.36,722.44,-2.92,-0.4,135.8,
2042,T-102173,TXN6407329,20250529,,3,OPEN,2025-05-29 18:40:00,,491.87,502.6,10.73,2.18,75.0,
2043,T-102222,TXN9445044,20250530,,6,OPEN,2025-05-30 07:02:00,,859.75,882.57,22.82,2.65,274.3,
2044,T-102210,TXN1213929,20250530,,3,OPEN,2025-05-30 07:07:00,,896.43,889.55,-6.88,-0.77,191.8,
2045,T-102216,TXN1037830,20250530,,5,OPEN,2025-05-30 08:10:00,,877.63,883.81,6.18,0.7,357.4,
2046,T-102197,TXN8503654,20250530,,2,OPEN,2025-05-30 08:53:00,,452.57,468.15,15.58,3.44,70.1,
2047,T-102194,TXN2189619,20250530,,1,OPEN,2025-05-30 08:53:00,,178.57,182.5,3.93,2.2,22.7,
2048,T-102198,TXN7831592,20250530,,2,OPEN,2025-05-30 09:07:00,,281.36,286.27,4.91,1.75,50.9,
2049,T-102196,TXN6362852,20250530,,2,OPEN,2025-05-30 09:27:00,,225.82,231.59,5.77,2.56,27.6,
2050,T-102200,TXN3226637,20250530,,2,OPEN,2025-05-30 09:31:00,,122.74,123.82,1.08,0.88,25.2,
2051,T-102224,TXN2720579,20250530,,6,OPEN,2025-05-30 10:36:00,,660.1,643.37,-16.73,-2.53,129.3,
2052,T-102204,TXN9409147,20250530,,3,OPEN,2025-05-30 12:24:00,,487.45,485.65,-1.8,-0.37,125.5,
2053,T-102208,TXN9137193,20250530,,3,OPEN,2025-05-30 12:27:00,,130.55,131.59,1.04,0.8,17.2,
2054,T-102218,TXN1814828,20250530,,5,OPEN,2025-05-30 12:30:00,,859.21,837.89,-21.32,-2.48,188.0,
2055,T-102212,TXN9766441,20250530,,4,OPEN,2025-05-30 12:33:00,,200.12,204.55,4.43,2.21,36.9,
2056,T-102201,TXN8161345,20250530,,2,OPEN,2025-05-30 13:31:00,,512.02,522.61,10.59,2.07,80.4,
2057,T-102215,TXN8394496,20250530,,4,OPEN,2025-05-30 14:07:00,,721.75,710.13,-11.62,-1.61,100.8,
2058,T-102221,TXN9553924,20250530,,6,OPEN,2025-05-30 14:23:00,,147.36,147.94,0.58,0.39,27.7,
2059,T-102199,TXN7491731,20250530,,2,OPEN,2025-05-30 14:40:00,,284.52,285.38,0.86,0.3,58.9,
2060,T-102205,TXN1512233,20250530,,3,OPEN,2025-05-30 14:56:00,,246.78,256.62,9.84,3.99,51.8,
2061,T-102203,TXN1050233,20250530,,2,OPEN,2025-05-30 15:40:00,,974.69,958.72,-15.97,-1.64,180.2,
2062,T-102193,TXN5701064,20250530,,1,OPEN,2025-05-30 15:59:00,,830.22,839.94,9.72,1.17,159.7,
2063,T-102202,TXN3001016,20250530,,2,OPEN,2025-05-30 16:26:00,,279.63,273.68,-5.95,-2.13,43.1,
2064,T-102209,TXN4490291,20250530,,3,OPEN,2025-05-30 16:42:00,,1131.27,1145.79,14.52,1.28,197.8,
2065,T-102211,TXN1366072,20250530,,3,OPEN,2025-05-30 17:03:00,,431.97,431.19,-0.78,-0.18,107.7,
2066,T-102217,TXN5266008,20250530,,5,OPEN,2025-05-30 17:04:00,,232.15,223.19,-8.96,-3.86,91.9,
2067,T-102219,TXN4502639,20250530,,5,OPEN,2025-05-30 17:08:00,,231.1,232.53,1.43,0.62,103.2,
2068,T-102223,TXN4053757,20250530,,6,OPEN,2025-05-30 17:28:00,,959.85,926.23,-33.62,-3.5,228.4,
2069,T-102207,TXN6524439,20250530,,3,OPEN,2025-05-30 17:54:00,,230.62,290.02,59.4,25.76,45.9,
2070,T-102206,TXN1720536,20250530,,3,OPEN,2025-05-30 18:55:00,,749.66,768.55,18.89,2.52,95.7,
